代码,名称,最新价,涨跌幅,市盈率-动态,市净率,总市值
920015,锦华新材,62.92,30.0,41.91,5.49,8529854688.0
920225,利通科技,42.9,30.0,61.75,7.62,5444820553.0
920670,数字人,18.47,29.98,1119.2,8.08,1961188928.0
920195,三祥科技,24.97,29.98,22.93,3.06,2447809100.0
920592,华信永道,50.0,24.69,-91.32,11.74,4039750000.0
688765,C禾元-U,113.22,24.28,-250.32,13.83,40476150000.0
920651,天罡股份,54.4,20.73,47.61,6.46,3318400000.0
301333,诺思格,61.92,20.0,46.93,3.11,5980311372.0
300964,本川智能,55.21,20.0,96.77,4.16,4267638260.0
301315,威士顿,61.52,19.99,188.98,5.32,5413760000.0
688472,阿特斯,14.84,19.97,37.44,2.35,54733145088.0
920185,贝特瑞,35.29,19.38,41.56,3.27,39783780923.0
920748,路桥信息,70.2,17.45,-115.4,21.82,5387148000.0
920223,荣亿精密,22.55,16.54,-253.85,14.13,3546776750.0
300086,康芝药业,8.07,15.95,-28.51,3.5,3672853997.0
300274,阳光电源,191.49,15.44,25.06,9.23,396999255582.0
920438,戈碧迦,44.88,15.4,224.12,6.55,6490994400.0
920284,灵鸽科技,46.9,15.35,510.39,15.64,4914446751.0
301205,联特科技,129.43,14.95,153.98,10.59,16792765920.0
920640,富士达,33.71,14.93,84.87,6.89,6328310880.0
301217,铜冠铜箔,38.09,14.59,377.57,5.84,31577202071.0
301257,普蕊斯,52.22,14.42,35.41,3.29,4125629089.0
920971,天马新材,36.48,13.5,268.64,8.59,3833610313.0
688411,海博思创,280.3,13.21,79.91,12.37,50479925508.0
300450,先导智能,62.75,12.8,62.13,7.71,98276730384.0
300520,科大国创,41.79,12.64,-76.48,6.9,12203976242.0
920509,同惠电子,43.59,12.61,118.72,20.26,6987725289.0
688210,统联精密,59.98,12.55,993.27,7.74,9680646942.0
920978,开特股份,41.3,12.23,43.61,10.47,7435175728.0
920106,林泰新材,96.01,12.2,35.66,10.55,5360094285.0
300906,日月明,33.89,12.14,55.78,3.01,2711200000.0
603175,C超颖,86.75,12.08,134.37,13.17,37912293597.0
920808,曙光数创,94.89,12.06,-232.73,27.67,18978000095.0
301377,鼎泰高科,130.52,12.03,142.16,20.14,53513200000.0
688410,山外山,16.6,11.78,38.29,3.01,5333839724.0
688676,金盘科技,75.6,11.19,53.68,7.37,34759697918.0
688027,国盾量子,511.0,11.09,-1489.31,16.36,52561971511.0
300347,泰格医药,59.48,11.09,37.64,2.42,51213829454.0
688599,天合光能,19.72,11.04,-7.37,1.89,42977085925.0
301200,大族数控,133.0,10.66,86.32,10.05,56592717216.0
920675,秉扬科技,12.8,10.54,31.47,3.61,2203699200.0
920242,建邦科技,36.25,10.42,24.76,3.63,2386110938.0
688390,固德威,59.2,10.34,133.0,5.28,14385391202.0
300408,三环集团,53.88,10.25,39.54,4.92,103260878349.0
600219,南山铝业,4.57,10.12,10.55,1.02,53074475775.0
688717,艾罗能源,77.13,10.09,61.57,2.72,12340800000.0
600748,上实发展,6.88,10.08,-15.62,1.22,12690592697.0
002160,常铝股份,5.68,10.08,111.53,1.58,5866197029.0
603122,合富中国,8.09,10.07,-194.99,2.91,3220245801.0
002689,远大智能,4.92,10.07,92.06,4.21,5133088767.0
600516,方大炭素,6.25,10.04,230.71,1.55,25162314800.0
603378,亚士创能,9.1,10.04,-10.18,3.49,3900229442.0
600478,科力远,7.13,10.03,67.65,4.09,11875306731.0
001203,大中矿业,16.12,10.03,30.7,3.79,24309331953.0
002212,天融信,10.76,10.02,-40.42,1.36,12690923738.0
000592,平潭发展,6.04,10.02,386.72,6.13,11667956588.0
002418,康盛股份,4.72,10.02,290.82,3.72,5363808000.0
002782,可立克,19.76,10.02,31.64,4.57,9800248897.0
002270,华明装备,27.02,10.02,31.26,7.63,24216011146.0
002150,通润装备,19.34,10.01,38.54,3.47,7024956255.0
603038,华立股份,23.07,10.01,171.09,4.54,6198380835.0
605178,时空科技,57.71,10.01,-36.92,4.68,5717906800.0
601126,四方股份,29.46,10.01,26.15,5.19,24546322410.0
603256,宏和科技,42.33,10.01,201.21,23.46,37238865075.0
000155,川能动力,12.2,10.01,48.61,2.18,22523253772.0
603088,宁波精达,12.53,10.01,62.22,5.75,6294921214.0
601012,隆基绿能,20.79,10.0,-30.66,2.73,157547870103.0
600438,通威股份,24.87,10.0,-15.93,2.68,111964487246.0
600595,中孚实业,6.93,10.0,17.55,1.66,27774782440.0
000657,中钨高新,24.76,10.0,50.03,5.71,56418244944.0
002163,海南发展,11.99,10.0,-20.83,14.38,10131044825.0
603739,蔚蓝生物,15.51,10.0,47.64,2.21,3924477712.0
605196,华通线缆,29.05,10.0,43.27,4.5,14844630788.0
002016,世荣兆业,6.6,10.0,32.28,1.09,5340031171.0
600021,上海电力,30.14,10.0,20.91,4.01,85030529312.0
603444,吉比特,503.95,10.0,22.43,6.75,36305112849.0
002895,川恒股份,33.34,10.0,15.75,2.74,20259607211.0
603516,淳中科技,178.2,10.0,-929.15,26.02,36222407318.0
603185,弘元绿能,26.32,9.99,-30.11,1.54,17871864357.0
601179,中国西电,8.15,9.99,33.38,1.85,41775941169.0
000593,德龙汇能,9.58,9.99,69.53,3.93,3435685066.0
001319,铭科精技,27.75,9.99,29.7,2.93,3923850000.0
603067,振华股份,21.8,9.99,28.37,4.46,15494574039.0
603069,海汽集团,28.51,9.99,-140.45,11.13,9009160000.0
000555,神州信息,16.73,9.99,-84.69,2.94,16324706331.0
603556,海兴电力,35.11,9.99,17.49,2.32,17072735009.0
600053,九鼎投资,19.94,9.98,-90.9,3.35,8644803552.0
603353,和顺石油,20.72,9.98,126.77,2.17,3561892320.0
002459,晶澳科技,14.12,9.97,-9.06,1.92,46732712537.0
688293,奥浦迈,62.11,9.97,107.27,3.33,7069369765.0
000981,山子高科,4.3,9.97,73.82,25.54,42989124818.0
002391,长青股份,6.51,9.97,60.65,0.99,4228847501.0
002790,瑞尔特,9.94,9.96,50.59,1.97,4153650662.0
002452,长高电新,8.4,9.95,19.28,2.01,5210789514.0
600517,国网英大,6.3,9.95,12.1,1.56,36026145187.0
000567,海德股份,7.63,9.94,65.45,2.77,14913538143.0
600683,京投发展,4.99,9.91,-7.01,100.54,3696480209.0
600408,安泰集团,3.55,9.91,-17.2,2.63,3574140000.0
600732,爱旭股份,16.43,9.9,-73.22,5.19,34786416235.0
920392,佳合科技,37.13,9.88,129.09,8.38,2829491650.0
920906,舜宇精工,32.78,9.85,43.4,3.66,2129716600.0
920770,艾能聚,20.81,9.76,41.02,4.35,2708050562.0
300084,海默科技,10.02,9.63,-63.33,4.08,5112683948.0
600362,江西铜业,42.94,9.57,18.51,1.82,148689600651.0
920599,同力股份,21.82,9.48,14.14,3.07,10092295500.0
301150,中一科技,42.75,9.42,193.25,2.8,9970730714.0
920000,安徽凤凰,22.52,9.37,28.17,3.18,2064633600.0
688778,厦钨新能,87.0,9.37,59.64,4.87,43908124221.0
688122,西部超导,87.22,9.34,65.42,8.32,56663737428.0
601138,工业富联,80.8,9.2,53.52,9.93,1604541249505.0
688183,生益电子,114.7,9.13,64.2,18.5,95409888773.0
920239,长虹能源,37.67,9.03,29.12,6.72,6858735265.0
600089,特变电工,20.9,8.91,16.58,1.59,105603364734.0
300861,美畅股份,17.41,8.88,55.84,1.85,11696742060.0
920060,万源通,38.2,8.86,43.5,5.53,5808106127.0
920857,泓禧科技,30.42,8.84,-197.97,6.05,2251297564.0
300446,航天智造,19.87,8.82,19.36,2.96,16798298906.0
920765,美之高,28.94,8.8,-443.99,8.42,2595093876.0
920522,纳科诺尔,70.26,8.74,145.25,10.32,11013305587.0
601611,中国核建,14.55,8.74,27.49,2.06,43851287785.0
920896,旺成科技,25.85,8.7,42.93,6.09,2616646604.0
301120,新特电气,19.31,8.67,142.58,4.65,7172526772.0
300438,鹏辉能源,40.49,8.52,133.44,3.91,20380372646.0
300969,恒帅股份,125.27,8.44,81.53,10.15,14030240000.0
688655,迅捷兴,21.27,8.41,-130.77,4.22,2837205300.0
300827,上能电气,32.23,8.41,39.2,6.65,16250913781.0
002240,盛新锂能,23.72,8.36,-21.64,2.07,21710770644.0
920207,众诚科技,24.38,8.31,-171.36,7.82,2247714100.0
920029,开发科技,100.09,8.29,18.8,3.88,13901166500.0
300415,伊之密,26.14,8.29,16.28,3.93,12248212876.0
605555,德昌股份,19.35,8.28,43.38,3.1,9366735924.0
920790,联迪信息,42.61,8.28,362.72,10.37,3364784722.0
688006,杭可科技,33.96,8.26,39.88,3.74,20500706282.0
600481,双良节能,7.0,8.19,-18.1,3.18,13116399646.0
600909,华安证券,6.89,8.16,12.84,1.38,32234177695.0
920111,聚星科技,29.37,8.14,40.96,5.08,4556887665.0
601020,华钰矿业,30.45,8.09,23.37,5.84,24967925054.0
688025,杰普特,159.8,8.05,79.77,7.25,15188897795.0
920799,艾融软件,55.54,8.05,167.7,28.17,11651183977.0
000723,美锦能源,5.28,7.98,-23.66,1.75,23250376560.0
000007,全新好,7.99,7.97,408.48,15.16,2768119872.0
002121,科陆电子,8.95,7.96,48.08,20.07,14864309358.0
920839,万通液压,49.53,7.91,46.08,9.4,5854939864.0
688239,航宇科技,51.03,7.86,53.86,5.09,9727757046.0
300014,亿纬锂能,83.59,7.82,45.55,4.32,171003500054.0
301571,国科天成,48.3,7.81,51.61,4.42,8666271356.0
920237,力佳科技,27.06,7.81,56.58,4.56,2337789168.0
601061,中信金属,12.45,7.79,19.67,2.58,61005000000.0
300492,华图山鼎,71.72,7.75,42.47,35.52,14105965480.0
000688,国城矿业,15.86,7.67,29.72,5.35,17848796753.0
688519,南亚新材,80.1,7.62,89.21,7.28,18805157260.0
600515,海南机场,4.8,7.62,639.17,2.33,54841486090.0
920685,新芝生物,16.53,7.62,54.79,2.78,1512758505.0
688333,铂力特,78.1,7.61,103.17,4.34,21424561789.0
301338,凯格精机,75.35,7.6,49.59,5.12,8017240000.0
920491,奥迪威,32.83,7.6,48.63,4.41,4633730599.0
920701,豪声电子,19.99,7.59,37.33,3.3,2742628000.0
920833,美心翼申,20.88,7.57,41.24,2.85,1719676800.0
000807,云铝股份,23.61,7.56,13.96,2.53,81878474332.0
920821,则成电子,29.38,7.54,205.13,7.74,4065072593.0
300555,ST路通,12.43,7.53,-51.41,5.23,2486000000.0
605118,力鼎光电,31.16,7.52,44.44,8.62,12796913440.0
920368,连城数控,30.05,7.51,55.62,1.67,7055152222.0
920982,锦波生物,264.19,7.46,40.12,16.5,30399112175.0
002785,万里石,37.7,7.44,3185.34,9.63,8543562502.0
920374,云里物里,28.21,7.43,205.3,9.04,2299622780.0
920139,华岭股份,24.33,7.42,-171.52,6.12,6557114847.0
000933,神火股份,25.17,7.38,12.17,2.36,56616153822.0
688223,晶科能源,5.82,7.38,-10.01,2.05,58230279586.0
600737,中粮糖业,15.35,7.34,30.21,2.91,32831320300.0
920720,吉冈精密,16.59,7.31,68.39,9.02,4418035784.0
002062,宏润建设,12.48,7.31,47.54,3.04,15441140695.0
688348,昱能科技,56.52,7.29,55.81,2.39,8832800626.0
002555,三七互娱,21.18,7.29,14.99,3.48,46855194084.0
920002,万达轴承,115.19,7.25,82.41,7.26,5241486884.0
300260,新莱应材,65.7,7.2,138.37,12.89,26792903606.0
920037,广信科技,93.73,7.12,42.87,10.69,8572818367.0
600699,均胜电子,34.05,7.11,31.82,3.32,47522582670.0
920261,一诺威,16.34,7.08,21.75,2.93,4757109102.0
688303,大全能源,30.45,7.07,-45.65,1.67,65321514296.0
301156,美农生物,19.57,7.06,50.5,3.79,2755156090.0
600096,云天化,29.8,7.04,8.62,2.24,54325123784.0
605050,福然德,15.38,7.03,24.71,1.77,7579712804.0
601600,中国铝业,9.91,7.02,11.73,2.32,170012313893.0
603045,福达合金,22.11,7.02,40.47,2.94,2994692377.0
300763,锦浪科技,81.42,6.99,28.09,3.56,32414429260.0
920394,民士达,41.63,6.99,50.08,7.84,6088387500.0
601969,海南矿业,9.69,6.95,34.51,2.74,19363025552.0
002922,伊戈尔,24.69,6.93,44.0,2.76,10446416132.0
002048,宁波华翔,36.64,6.88,252.06,2.65,29818845590.0
002683,广东宏大,42.57,6.88,37.14,4.85,32353295655.0
600268,国电南自,13.37,6.87,48.37,3.96,13582192302.0
920418,苏轴股份,31.25,6.87,32.16,5.71,5077800000.0
600011,华能国际,8.26,6.86,6.55,1.94,129666251145.0
000686,东北证券,9.34,6.86,15.37,1.1,21859830226.0
920017,星昊医药,20.28,6.85,22.04,1.55,2534213136.0
300068,南都电源,19.2,6.84,-58.73,4.49,17248652141.0
002028,思源电气,133.76,6.84,35.76,7.23,104478171973.0
002532,天山铝业,13.8,6.81,14.41,2.21,64196018727.0
920077,吉林碳谷,14.93,6.8,50.63,3.4,8774089528.0
600301,华锡有色,29.63,6.74,24.54,4.28,18742974403.0
600549,厦门钨业,37.51,6.71,25.07,3.55,59550344333.0
603301,振德医疗,86.38,6.71,84.96,4.04,23016054829.0
001301,尚太科技,88.6,6.71,24.37,3.42,23107088210.0
688536,思瑞浦,170.28,6.71,139.66,4.05,23464839079.0
300688,创业黑马,30.4,6.7,-153.08,12.72,5088335706.0
002129,TCL中环,9.58,6.68,-5.03,1.54,38733049105.0
920870,恒进感应,20.84,6.65,200.52,6.26,2792560000.0
603200,上海洗霸,92.86,6.64,102.3,15.01,16295082365.0
002126,银轮股份,39.03,6.64,36.76,4.88,32927671248.0
920953,国子软件,39.86,6.58,142.01,9.29,5106703361.0
300207,欣旺达,33.23,6.57,32.76,2.46,61391177081.0
603308,应流股份,41.55,6.57,74.93,5.87,28213964124.0
920252,天宏锂电,30.19,6.57,341.98,11.87,3099023576.0
300759,康龙化成,34.05,6.51,39.8,4.14,60547557626.0
600302,标准股份,8.68,6.5,-48.98,5.06,3003365099.0
300790,宇瞳光学,32.87,6.48,49.07,4.74,12297290905.0
300697,电工合金,18.47,6.46,47.03,6.52,7990860800.0
920100,三协电机,74.72,6.44,89.62,12.01,5515030896.0
920932,科达自控,24.3,6.44,860.67,3.67,2560013505.0
603365,水星家纺,20.2,6.43,17.13,1.76,5305196700.0
601877,正泰电器,30.48,6.42,11.75,1.5,65500574388.0
000034,神州数码,42.95,6.42,36.27,2.86,30932424814.0
920564,天润科技,24.06,6.41,-166.65,6.95,2143833121.0
300302,同有科技,23.48,6.39,908.7,10.49,11253113977.0
920090,同辉信息,7.5,6.38,-27.32,23.28,1495001595.0
300695,兆丰股份,114.1,6.35,28.91,4.1,11667515028.0
600711,盛屯矿业,11.22,6.35,15.28,2.05,34676661602.0
920662,方盛股份,32.7,6.34,110.8,6.24,2862885065.0
300283,温州宏丰,7.9,6.33,249.78,3.43,3926127954.0
920363,莱赛激光,20.03,6.32,327.92,5.44,1911863500.0
301017,漱玉平民,11.99,6.29,33.4,2.45,4860180456.0
688698,伟创电气,94.33,6.29,67.34,8.71,20167261031.0
300462,ST华铭,11.84,6.28,-421.91,1.5,2145667746.0
600486,扬农化工,68.11,6.27,19.62,2.45,27611717989.0
301662,宏工科技,142.0,6.22,289.64,7.88,11360000000.0
002460,赣锋锂业,68.7,6.22,4153.48,3.4,141329185137.0
002379,宏创控股,20.66,6.22,-103.75,13.11,23477481737.0
920719,宁新新材,15.7,6.22,-10.16,2.88,1461566380.0
688337,普源精电,41.74,6.21,149.44,2.58,8101902212.0
600819,耀皮玻璃,8.21,6.21,44.44,2.17,7675660926.0
920634,新威凌,28.61,6.2,90.52,6.45,1828523636.0
920802,保丽洁,18.51,6.2,74.29,3.5,1517973448.0
300049,福瑞股份,74.48,6.2,132.29,10.36,19735405032.0
920080,奥美森,31.85,6.17,39.34,4.6,2548000000.0
920809,安达科技,6.19,6.17,-11.45,2.35,3708119500.0
300001,特锐德,29.75,6.17,34.35,3.91,31402246962.0
301563,云汉芯城,236.2,6.16,141.61,12.82,15380422584.0
301291,明阳电气,51.69,6.14,25.89,3.29,16137618000.0
000612,焦作万方,10.02,6.14,11.15,1.8,11945837928.0
605376,博迁新材,59.6,6.14,77.14,9.47,15591360000.0
000737,北方铜业,16.63,6.13,34.47,4.76,31675434314.0
688598,金博股份,32.61,6.12,-18.42,1.34,6768959313.0
300286,安科瑞,25.74,6.1,25.19,2.89,6455197020.0
920247,华密新材,30.31,6.09,143.34,10.35,4775163671.0
301308,江波龙,272.82,6.04,120.35,15.19,114351211743.0
603191,望变电气,16.37,6.02,50.42,2.18,5440625273.0
603298,杭叉集团,30.11,6.02,16.88,3.46,39438440795.0
300171,东富龙,17.15,6.0,74.86,1.67,13133950886.0
601218,吉鑫科技,5.83,6.0,37.15,1.91,5649465375.0
600961,株冶集团,15.73,6.0,14.75,4.61,16876287618.0
600406,国电南瑞,24.93,5.99,33.91,4.11,200239960297.0
920171,志晟信息,26.2,5.99,-501.19,12.49,2626110757.0
920167,同享科技,19.53,5.97,136.17,3.45,2142560621.0
600312,平高电气,18.22,5.93,18.88,2.17,24723106250.0
601208,东材科技,21.48,5.92,57.97,3.63,21869171074.0
920425,乐创技术,25.53,5.89,59.21,7.03,1811010070.0
300724,捷佳伟创,99.93,5.88,9.71,2.6,34804820160.0
603759,海天股份,11.0,5.87,41.37,1.81,5079360000.0
300363,博腾股份,27.6,5.87,141.29,2.82,15054820752.0
300092,科新机电,18.62,5.86,69.31,3.14,5100451306.0
001332,锡装股份,68.97,5.86,28.63,2.98,7620495300.0
000811,冰轮环境,14.83,5.85,27.69,2.52,14720823690.0
002378,章源钨业,14.11,5.85,66.87,7.57,16952003267.0
920526,凯华材料,27.02,5.84,166.23,10.1,2234554000.0
000960,锡业股份,24.47,5.84,17.31,2.02,40272773765.0
920985,海泰新能,9.42,5.84,-8.81,2.67,2915265804.0
600459,贵研铂业,16.85,5.84,19.71,1.73,12802750073.0
920533,骏创科技,33.16,5.81,157.82,12.29,4335912996.0
920001,纬达光电,22.25,5.8,279.35,4.51,3418850539.0
920819,颖泰生物,4.38,5.8,-418.3,1.06,5369004000.0
601958,金钼股份,15.55,5.78,16.46,2.78,50173698420.0
601100,恒立液压,98.81,5.74,47.61,7.77,132486522220.0
300882,万胜智能,21.42,5.73,28.0,4.68,6130429447.0
300118,东方日升,10.71,5.73,-9.81,1.16,12209548473.0
300558,贝达药业,57.65,5.72,57.4,4.15,24255306049.0
920961,创远信科,28.03,5.69,749.47,5.21,4003819439.0
688351,微电生理,22.87,5.68,192.55,6.01,10762622000.0
920184,国源科技,23.47,5.67,175.59,5.0,3112443750.0
688611,杭州柯林,45.16,5.66,8591.34,7.81,6927074336.0
603228,景旺电子,81.54,5.64,61.81,6.54,80299298531.0
600118,中国卫星,42.5,5.64,2544.79,7.91,50255788238.0
920249,利尔达,15.73,5.64,285.76,9.1,6632239900.0
688022,瀚川智能,15.81,5.61,47.98,4.01,2780636302.0
920274,宏裕包材,35.03,5.61,140.99,5.84,2849106690.0
688690,纳微科技,31.17,5.59,87.6,6.71,12586906225.0
300850,新强联,52.55,5.59,24.58,3.17,21760210629.0
920198,微创光电,11.55,5.58,-22.79,4.64,1863752722.0
300684,中石科技,49.4,5.56,44.09,7.06,14795755616.0
603530,神马电力,40.52,5.55,47.36,10.71,17491858979.0
000426,兴业银锡,31.18,5.55,34.79,6.55,55364322342.0
920510,丰光精密,20.23,5.53,-318.09,9.3,3726647784.0
920405,海希通讯,22.32,5.53,48.82,3.86,3130603200.0
920751,惠同新材,22.14,5.53,37.34,4.88,1921309200.0
000792,盐湖股份,25.01,5.53,22.04,3.22,132342229250.0
605099,共创草坪,35.0,5.52,20.44,4.97,14087824870.0
002497,雅化集团,18.96,5.51,49.07,2.01,21852585379.0
300033,同花顺,387.2,5.51,129.43,27.74,208158720000.0
300606,金太阳,27.18,5.51,134.46,5.57,3760293911.0
920641,格利尔,20.35,5.5,70.12,4.29,1527776250.0
920914,远航精密,34.2,5.49,62.57,3.58,3420000000.0
603686,福龙马,25.57,5.49,70.33,3.13,10622555430.0
920190,雷神科技,28.51,5.48,106.67,3.32,2851000029.0
920579,机科股份,26.19,5.48,1158.21,6.52,3391081200.0
300693,盛弘股份,42.87,5.46,36.36,6.82,13409556932.0
920593,鼎智科技,37.47,5.46,203.29,10.03,7125459768.0
920580,科创新材,17.41,5.45,98.86,4.46,1497260000.0
688630,芯碁微装,142.49,5.45,70.81,8.7,18771734623.0
600113,浙江东日,49.15,5.45,150.38,8.45,20700832839.0
300035,中科电气,26.76,5.4,34.24,3.74,18342017716.0
300486,东杰智能,21.89,5.39,937.83,6.23,10444790209.0
920476,海能技术,28.35,5.39,100.03,5.61,2414847330.0
603876,鼎胜新材,11.37,5.38,28.12,1.46,10565768212.0
301511,德福科技,37.6,5.38,266.92,5.83,23700107200.0
688668,鼎通科技,104.0,5.37,61.49,7.62,14476979504.0
920834,三维装备,16.53,5.35,46.25,7.02,1983600083.0
002428,云南锗业,29.45,5.33,434.19,13.17,19234384000.0
920608,丰安股份,23.95,5.32,41.18,3.15,1490648000.0
301186,超达装备,46.29,5.32,25.37,2.34,3720819687.0
300779,惠城环保,161.07,5.29,864.56,24.05,31752520920.0
300573,兴齐眼药,82.01,5.29,25.2,10.83,20121066979.0
000408,藏格矿业,61.16,5.28,26.18,6.36,96035006564.0
000060,中金岭南,5.79,5.27,20.2,1.36,22652018698.0
920407,驰诚股份,22.0,5.26,73.0,6.85,1878448000.0
920199,倍益康,38.81,5.26,592.3,5.03,2643341338.0
002544,普天科技,26.03,5.26,756.73,4.74,17714297157.0
920204,沪江材料,20.65,5.25,84.27,3.98,1947043008.0
000878,云南铜业,18.51,5.23,17.93,2.42,37087160018.0
920768,拾比佰,15.11,5.22,27.44,2.4,1676756700.0
301313,凡拓数创,30.52,5.21,-24.56,4.38,3157397768.0
600497,驰宏锌锗,6.87,5.21,19.62,2.07,34627413918.0
300870,欧陆通,220.49,5.21,81.96,9.17,24221807901.0
603296,华勤技术,107.05,5.19,26.32,4.37,108734147425.0
600531,豫光金铅,12.17,5.19,16.04,2.29,13269119031.0
920158,长江能科,19.45,5.19,60.96,5.17,2685656000.0
920925,锦好医疗,34.0,5.17,142.41,8.98,3347661862.0
920837,华原股份,16.88,5.17,32.38,4.63,2560911845.0
920371,欧福蛋业,11.19,5.17,26.07,3.85,2298935548.0
920175,东方碳素,13.85,5.16,-19.69,2.29,1648150000.0
002812,恩捷股份,43.08,5.15,-362.37,1.66,41708293425.0
920092,汉鑫科技,37.45,5.14,-64.87,6.21,2324884765.0
603232,格尔软件,23.35,5.13,-37.61,4.09,5467402383.0
300791,仙乐健康,24.0,5.12,21.25,3.01,7375655040.0
000630,铜陵有色,5.54,5.12,31.47,2.06,74288472165.0
920454,同心传动,18.91,5.11,68.72,6.17,1987441000.0
301617,博苑股份,101.8,5.06,77.03,8.05,13604552000.0
600735,ST新华锦,6.64,5.06,110.63,2.34,2847087374.0
688388,嘉元科技,41.98,5.06,328.32,2.63,17894119579.0
920753,天纺标,26.17,5.06,69.31,5.4,2130352311.0
301393,昊帆生物,54.59,5.06,44.56,2.51,5895720000.0
920346,威贸电子,28.08,5.05,50.23,4.91,2265427092.0
002808,*ST恒久,5.82,5.05,-47.6,6.0,1564416000.0
002076,*ST星光,2.08,5.05,-433.49,7.97,2306978941.0
920693,阿为特,45.86,5.04,297.27,9.45,3334022000.0
920357,雅葆轩,31.5,5.04,38.83,6.53,2522520000.0
920110,雷特科技,40.33,5.03,37.07,4.41,1572870000.0
688383,新益昌,70.24,5.02,1371.31,5.19,7173864064.0
002865,钧达股份,42.03,5.02,-22.02,2.64,12297307706.0
002617,露笑科技,8.8,5.01,51.56,2.65,16922451946.0
920895,花溪科技,24.72,5.01,-141.31,7.22,1397273280.0
920116,星图测控,70.35,5.0,174.23,21.7,11240171250.0
002640,跨境通,5.26,4.99,-365.31,9.61,8195297396.0
301382,蜂助手,34.1,4.99,54.33,5.26,9738752092.0
002713,*ST东易,10.32,4.98,-42.05,-3.74,4329621634.0
000735,罗 牛 山,7.17,4.98,2212.1,1.96,8256352354.0
300604,长川科技,92.52,4.96,50.55,13.57,58330700812.0
300141,和顺电气,11.85,4.96,-120.62,4.62,3055458510.0
000609,ST中迪,6.57,4.95,-9.74,-230.86,1966174480.0
000623,吉林敖东,21.82,4.95,10.18,0.88,26094437344.0
603300,海南华铁,7.43,4.94,21.0,2.27,14836104793.0
002248,华东数控,11.49,4.93,114.6,37.1,3533124444.0
300801,泰和科技,31.92,4.93,58.91,2.78,6972285600.0
600191,华资实业,8.33,4.91,459.46,2.46,4039483560.0
920508,殷图网联,27.62,4.9,-1695.12,8.62,1657200000.0
002047,*ST宝鹰,2.79,4.89,-89.03,-163.85,4230333853.0
600586,金晶科技,5.15,4.89,-37.91,1.29,7299289155.0
300986,志特新材,12.65,4.89,33.16,2.45,5211470784.0
002054,德美化工,9.01,4.89,40.12,1.71,4343860223.0
688146,中船特气,47.2,4.89,76.34,4.41,24988235308.0
920046,亿能电力,14.82,4.88,78.39,6.08,1499043000.0
920663,明阳科技,21.09,4.87,39.03,7.57,2816622436.0
301421,波长光电,106.97,4.86,360.33,10.37,12378354460.0
920475,三友科技,19.4,4.86,-201.55,5.55,1960564000.0
920976,视声智能,27.86,4.86,33.49,7.12,1976761724.0
920300,辰光医疗,17.96,4.85,-52.03,7.23,1541814383.0
920019,铜冠矿建,22.06,4.85,76.25,5.05,4638483402.0
688170,德龙激光,35.43,4.85,-162.88,3.01,3662044800.0
002539,云图控股,10.39,4.84,13.95,1.36,12548249887.0
600409,三友化工,5.64,4.83,71.77,0.84,11642930887.0
688499,利元亨,62.35,4.83,166.13,4.59,10520222599.0
920735,德源药业,36.44,4.83,21.86,3.66,4274994676.0
000506,招金黄金,12.16,4.83,103.12,17.64,11296855974.0
603979,金诚信,68.13,4.82,18.18,4.07,42498137327.0
920130,立方控股,26.59,4.81,-101.13,4.78,2452747645.0
920221,易实精密,20.29,4.8,37.23,5.77,2354451600.0
603806,福斯特,15.76,4.79,44.84,2.59,41113728594.0
002517,恺英网络,24.99,4.78,25.29,5.23,53389716418.0
603993,洛阳钼业,17.55,4.78,19.72,4.83,375470143589.0
920122,中纺标,42.39,4.77,174.14,11.35,3910142958.0
603011,合锻智能,27.49,4.76,-229.96,6.47,13591452873.0
920415,恒拓开源,16.54,4.75,297.12,4.34,2324059995.0
688195,腾景科技,133.03,4.75,202.27,17.82,17207430500.0
920876,慧为智能,30.86,4.75,532.36,7.87,1980615137.0
300814,中富电路,61.61,4.73,317.57,7.17,11794010433.0
002709,天赐材料,39.0,4.73,139.34,5.79,74659915161.0
920957,汉维科技,14.87,4.72,561.98,4.09,1595570837.0
920271,邦德股份,17.96,4.72,21.69,3.82,2349581080.0
688525,佰维存储,130.3,4.69,-134.66,13.99,60812091620.0
002202,金风科技,15.67,4.68,19.21,1.72,66206810028.0
000400,许继电气,26.84,4.68,22.75,2.31,27339821163.0
920578,巨能股份,29.05,4.68,809.61,8.28,2221717768.0
920227,美登科技,61.02,4.67,59.59,5.91,2376210330.0
688081,兴图新科,31.0,4.66,-52.55,7.88,3194240000.0
002466,天齐锂业,50.77,4.66,347.38,1.96,83323469287.0
002756,永兴材料,41.65,4.65,31.68,1.79,22453579141.0
000682,东方电子,12.18,4.64,24.74,2.97,16330054945.0
920230,欧康医药,15.38,4.63,251.4,3.82,1549035073.0
600160,巨化股份,37.38,4.62,23.3,4.94,100916508508.0
603115,海星股份,19.76,4.61,24.37,2.31,4779754304.0
001286,陕西能源,9.76,4.61,11.36,1.4,36600000000.0
600331,宏达股份,10.92,4.6,-192.32,9.15,28846272000.0
920926,鸿智科技,20.02,4.6,63.69,6.53,1769001975.0
920627,力王股份,27.52,4.6,132.51,5.76,2599264000.0
920375,派诺科技,16.85,4.59,248.59,2.26,1831255456.0
301029,怡合达,28.91,4.59,32.94,4.31,18334800404.0
920576,天力复合,31.96,4.58,116.23,7.77,3482042000.0
301010,晶雪节能,25.63,4.57,204.28,3.34,2768040000.0
688048,长光华芯,77.16,4.57,487.11,4.53,13601760402.0
301301,川宁生物,11.43,4.57,31.27,3.22,25489871550.0
920414,欧普泰,14.49,4.55,-97.66,4.11,1155550998.0
603345,安井食品,73.0,4.54,19.22,1.61,24330092036.0
601198,东兴证券,13.38,4.53,26.41,1.49,43250121058.0
920396,常辅股份,38.25,4.51,77.22,7.97,2753094852.0
688308,欧科亿,31.96,4.51,74.44,1.97,5074663388.0
605117,德业股份,80.75,4.5,23.42,7.7,73302144310.0
002850,科达利,184.82,4.5,32.03,4.05,50598646942.0
920855,浙江大农,20.7,4.49,35.82,2.7,1546979993.0
301219,腾远钴业,69.8,4.49,20.54,2.2,20571259304.0
688733,壹石通,28.5,4.47,-162.85,2.63,5693592915.0
000683,博源化工,6.79,4.46,17.83,1.74,25250238217.0
600487,亨通光电,22.48,4.46,17.51,1.8,55452195089.0
688697,纽威数控,16.85,4.46,28.02,4.61,7706067453.0
920806,云星宇,14.78,4.45,135.03,2.98,4444887938.0
300620,光库科技,121.23,4.44,196.48,14.55,30208157470.0
002128,电投能源,25.36,4.41,10.35,1.53,56846303782.0
603337,杰克科技,45.73,4.41,23.97,4.44,21787020017.0
300199,翰宇药业,22.29,4.4,206.94,30.33,19687449379.0
920007,酉立智能,74.0,4.4,28.97,5.2,3232353300.0
920378,泰德股份,11.38,4.4,79.88,4.63,1769885880.0
920436,大地电气,18.26,4.4,-94.64,4.51,1725131760.0
920146,华阳变速,10.2,4.4,4372.27,6.23,1376902519.0
920493,并行科技,143.79,4.39,765.84,20.36,8585615345.0
688131,皓元医药,88.38,4.39,61.76,6.4,18745390841.0
300073,当升科技,71.82,4.39,58.31,2.68,39091171236.0
920690,捷众科技,35.94,4.39,33.5,4.08,2382822000.0
920553,凯腾精工,13.1,4.38,68.0,5.33,1882345026.0
000783,长江证券,8.81,4.38,14.02,1.42,48719942672.0
300593,新雷能,24.32,4.38,-110.12,5.53,13193562766.0
002437,誉衡药业,3.34,4.38,23.08,3.48,7500937685.0
688222,成都先导,24.66,4.36,79.79,6.92,9880768800.0
300140,节能环境,6.23,4.36,16.4,1.37,19307187510.0
300776,帝尔激光,69.22,4.36,28.63,5.07,18935978945.0
300618,寒锐钴业,49.51,4.36,48.25,2.74,15333102975.0
920026,卓兆点胶,46.52,4.35,70.37,6.26,3818233484.0
300836,佰奥智能,57.39,4.35,78.62,9.33,5319227158.0
920429,康比特,17.78,4.34,113.72,2.67,2213610000.0
001206,依依股份,32.38,4.32,28.65,3.2,5986861503.0
920992,中科美菱,22.46,4.32,127.74,3.51,2172576778.0
920089,禾昌聚合,19.57,4.32,17.12,2.39,2948572760.0
002074,国轩高科,46.0,4.31,24.7,2.93,83431798408.0
688200,华峰测控,217.0,4.31,57.01,8.0,29410709825.0
300871,回盛生物,22.28,4.31,17.99,2.14,4507969370.0
920128,胜业电气,31.06,4.3,71.79,4.91,2521761400.0
002192,融捷股份,46.77,4.3,63.26,3.51,12144073844.0
600995,南网储能,13.11,4.3,21.93,1.87,41899636104.0
301606,绿联科技,72.96,4.3,48.63,9.64,30271819446.0
301289,国缆检测,70.01,4.29,62.03,5.53,5460780000.0
688726,拉普拉斯,45.93,4.27,23.75,4.88,18616631861.0
688387,信科移动-U,6.84,4.27,-106.28,3.84,23384250000.0
603612,索通发展,26.59,4.27,12.66,2.42,13244597565.0
300235,方直科技,16.38,4.26,439.25,5.91,4123609881.0
600803,新奥股份,19.15,4.25,12.32,2.56,59309227674.0
920262,太湖雪,28.68,4.25,64.2,5.79,1982194826.0
600885,宏发股份,29.04,4.24,21.98,4.41,42391060082.0
600032,浙江新能,7.89,4.23,23.21,1.47,18972888306.0
920807,奔朗新材,18.48,4.23,82.27,3.59,3361142400.0
300471,厚普股份,12.8,4.23,-1776.53,3.86,6018031757.0
920062,科润智控,11.62,4.22,48.03,2.91,2192766939.0
002882,金龙羽,31.87,4.22,98.55,6.52,13796523000.0
301381,赛维时代,25.02,4.21,36.1,3.79,10094524164.0
920022,世昌股份,32.68,4.21,29.05,4.67,1971290280.0
920981,晶赛科技,36.66,4.21,264.15,5.53,2803316880.0
300491,通合科技,32.48,4.2,208.91,4.84,5692741960.0
300419,ST浩丰,7.45,4.2,-134.27,6.35,2739765587.0
000886,海南高速,7.45,4.2,-519.77,2.43,7366770835.0
920023,田野股份,4.47,4.2,41.57,1.2,1463048880.0
000751,锌业股份,3.97,4.2,93.55,1.78,6414053462.0
688775,影石创新,300.91,4.19,114.31,21.08,120664910000.0
920570,坤博精工,39.14,4.18,324.77,5.72,1963646794.0
002549,凯美特气,25.68,4.18,177.62,8.63,17856534098.0
003041,真爱美家,31.68,4.18,14.86,3.12,4561920000.0
300189,神农种业,4.74,4.18,643.72,6.65,4853760000.0
002534,西子洁能,17.0,4.17,60.37,2.67,14210898009.0
688347,华虹公司,140.0,4.17,1634.68,5.55,242963616420.0
600848,上海临港,11.76,4.16,20.18,1.52,29664447167.0
920267,鑫汇科,28.02,4.16,797.94,5.38,1400522007.0
600378,昊华科技,31.56,4.16,24.79,2.26,40712388007.0
920779,武汉蓝电,41.55,4.16,63.39,7.13,3327104616.0
002170,芭田股份,11.26,4.16,11.9,2.97,10895963716.0
002961,瑞达期货,25.3,4.16,21.89,3.76,11259424462.0
920270,天铭科技,18.83,4.15,44.1,4.98,1969919280.0
603985,恒润股份,16.56,4.15,85.14,2.27,7300608530.0
920871,派特尔,18.07,4.15,83.59,5.82,1535689376.0
600869,远东股份,8.28,4.15,82.2,4.31,18376240737.0
920005,鼎佳精密,48.3,4.14,55.36,5.81,4008900000.0
002407,多氟多,24.94,4.13,285.28,3.59,29689388271.0
003009,中天火箭,56.69,4.13,-224.86,5.72,8809420159.0
603127,昭衍新药,34.78,4.13,213.9,3.22,26066821677.0
600875,东方电气,21.92,4.13,19.85,1.79,75807258346.0
300097,ST智云,6.05,4.13,-11.73,4.59,1745725497.0
301013,利和兴,30.23,4.13,-80.44,9.21,7066052583.0
920208,青矩技术,27.47,4.13,27.3,3.71,3675611098.0
920212,智新电子,15.37,4.13,168.95,3.89,1630757000.0
600612,老凤祥,50.6,4.12,13.81,2.06,26469758858.0
000975,山金国际,22.23,4.12,18.82,4.28,61726535951.0
603661,恒林股份,33.62,4.12,12.58,1.23,4675433582.0
920682,球冠电缆,10.13,4.11,31.27,2.88,3286982400.0
300175,ST朗源,6.59,4.11,-304.13,6.01,3102572000.0
301067,显盈科技,37.51,4.11,-2478.15,4.4,3647322360.0
600980,北矿科技,25.4,4.1,42.95,3.32,4807293560.0
601677,明泰铝业,14.98,4.1,9.95,1.0,18627983932.0
920047,诺思兰德,25.93,4.09,-180.44,22.8,7111872286.0
000776,广发证券,23.92,4.09,14.06,1.46,181931824623.0
002320,海峡股份,14.02,4.08,123.35,7.78,31327599389.0
920792,东和新材,13.78,4.08,34.06,2.24,2281141200.0
920496,许昌智能,11.22,4.08,163.21,3.34,1857751500.0
920260,中寰股份,13.31,4.07,41.75,3.19,1378250500.0
920718,合肥高科,19.18,4.07,28.64,2.99,1738987306.0
002475,立讯精密,67.28,4.05,36.87,6.6,489920073996.0
920471,美邦科技,15.15,4.05,-160.55,2.4,1260480000.0
002759,天际股份,25.49,4.04,-94.46,4.13,12780242601.0
600338,西藏珠峰,13.91,4.04,21.85,2.92,12716663437.0
300943,春晖智控,19.32,4.04,72.8,3.98,3937802400.0
920856,浩淼科技,19.85,4.04,78.44,3.99,1888263566.0
920879,基康技术,24.99,4.04,57.67,6.99,4172488612.0
601058,赛轮轮胎,15.22,4.03,13.07,2.38,50044885942.0
002001,新 和 成,24.3,4.02,10.53,2.32,74684146824.0
920304,迪尔化工,13.22,4.01,35.62,4.16,2145447360.0
603163,圣晖集成,48.86,4.0,38.31,4.39,4886000000.0
600888,新疆众和,8.33,4.0,14.94,1.05,11692921052.0
002080,中材科技,35.92,4.0,30.55,3.07,60278199137.0
688367,工大高科,22.38,4.0,310.91,3.33,1961038548.0
688226,威腾电气,44.51,4.0,458.47,5.0,8352191115.0
920489,佳先股份,21.65,3.99,257.41,5.92,2954341680.0
002064,华峰化学,8.86,3.99,22.56,1.63,43968138927.0
688059,华锐精密,88.13,3.98,44.94,6.03,7681410712.0
300409,道氏技术,24.84,3.98,35.08,2.42,19431063993.0
301121,紫建电子,49.23,3.97,300.77,2.93,4865206786.0
002552,宝鼎科技,16.22,3.97,91.09,4.41,6293122069.0
600988,赤峰黄金,29.61,3.97,20.51,4.49,56271174981.0
300584,海辰药业,62.17,3.96,171.22,7.15,7460400000.0
301137,哈焊华通,54.3,3.96,283.78,7.2,9872467620.0
920781,瑞奇智造,10.76,3.96,-93.27,4.21,1663141501.0
002538,司尔特,6.04,3.96,24.9,0.96,5155476809.0
300393,中来股份,6.05,3.95,-12.42,2.23,6592245516.0
603098,森特股份,14.76,3.94,55.28,2.84,7965971675.0
300433,蓝思科技,30.85,3.94,43.01,3.03,163021506182.0
920010,凯添燃气,13.97,3.94,89.9,4.76,3275965000.0
600141,兴发集团,28.41,3.91,17.83,1.44,31343505034.0
002956,西麦食品,21.8,3.91,27.64,3.12,4866782093.0
300139,晓程科技,25.54,3.91,68.34,6.32,6997960000.0
001208,华菱线缆,12.52,3.9,65.04,2.76,7992147409.0
002269,美邦服饰,2.4,3.9,303.62,20.59,6030000000.0
603031,安孚科技,40.0,3.9,44.34,3.39,10312991720.0
000009,中国宝安,11.22,3.89,59.35,2.9,28938780687.0
688378,奥来德,30.44,3.89,140.49,4.57,7588060583.0
920068,天工股份,19.22,3.89,145.79,9.96,12600632288.0
688063,派能科技,65.12,3.89,250.43,1.75,15977794295.0
920505,九菱科技,52.89,3.89,191.03,10.31,3430854240.0
688783,C奕材-U,26.75,3.88,-145.22,8.58,108011150000.0
600857,宁波中百,16.05,3.88,58.69,4.04,3600334700.0
920149,旭杰科技,14.47,3.88,-160.68,7.12,1085475732.0
002438,江苏神通,14.44,3.88,23.46,2.0,7328840937.0
300005,探路者,9.11,3.88,182.76,3.84,8050526914.0
603090,宏盛股份,57.49,3.87,62.78,9.67,5749000000.0
601872,招商轮船,8.58,3.87,15.75,1.7,69279540347.0
002217,合力泰,3.49,3.87,1099.22,13.94,26103102259.0
920370,新安洁,4.83,3.87,-28.65,2.37,1450368547.0
300586,美联新材,11.3,3.86,-162.02,4.28,8036748089.0
002195,岩山科技,8.1,3.85,188.7,4.6,45931493038.0
920039,国义招标,13.52,3.84,52.11,3.98,2079646400.0
688102,斯瑞新材,20.28,3.84,109.09,8.7,15680462721.0
920639,晨光电缆,8.65,3.84,40.65,2.04,1743840000.0
300553,集智股份,37.91,3.83,99.33,4.95,4208607917.0
300136,信维通信,33.05,3.83,49.3,4.16,31978143486.0
920402,硅烷科技,11.15,3.82,-71.21,2.9,4705969747.0
000505,京粮控股,6.82,3.81,-72.2,1.61,4957800712.0
600363,联创光电,65.88,3.81,56.74,6.8,29877531966.0
002578,闽发铝业,3.82,3.8,-331.45,2.36,3585567299.0
603799,华友钴业,62.8,3.8,21.22,2.5,119274298996.0
300142,沃森生物,11.78,3.79,86.45,1.95,18840325813.0
603579,荣泰健康,33.11,3.79,45.57,2.45,6733102724.0
000977,浪潮信息,70.75,3.78,65.21,5.1,104153559882.0
300803,指南针,157.17,3.78,618.2,35.41,95593189271.0
920504,博迅生物,28.36,3.77,168.98,6.3,1228926716.0
002215,诺 普 信,12.1,3.77,15.85,2.93,12162814851.0
920152,昆工科技,24.2,3.77,-33.79,7.5,2694469140.0
920419,路斯股份,18.22,3.76,30.18,3.12,1882242608.0
000598,兴蓉环境,7.18,3.76,9.11,1.1,21425182617.0
601899,紫金矿业,30.96,3.75,16.3,4.91,822841689182.0
688334,西高院,21.3,3.75,25.61,2.36,6743142626.0
600110,诺德股份,6.93,3.74,-96.21,2.04,12024803859.0
603983,丸美生物,36.66,3.74,39.57,4.37,14700660000.0
002518,科士达,44.48,3.73,43.57,5.56,25897372181.0
002837,英维克,78.08,3.73,143.3,23.01,76249482095.0
000422,湖北宜化,13.92,3.73,14.0,2.57,15148417895.0
920665,科强股份,13.62,3.73,41.43,2.45,1770463800.0
000875,吉电股份,5.86,3.72,20.37,1.22,21255805868.0
002624,完美世界,17.57,3.72,33.87,4.93,34085244858.0
300316,晶盛机电,40.83,3.71,44.5,3.06,53468264932.0
002356,赫美集团,3.63,3.71,68.99,7.66,4759853911.0
601865,福莱特,18.71,3.71,51.57,2.02,43835287831.0
688386,泛亚微透,80.48,3.71,67.27,9.47,7323680000.0
920305,*ST云创,11.49,3.7,-36.04,2.53,1521001676.0
301285,鸿日达,52.66,3.7,-436.49,10.68,10883242200.0
920974,凯大催化,9.0,3.69,43.04,2.28,1474200000.0
000049,德赛电池,28.37,3.69,36.28,1.64,10912195210.0
688116,天奈科技,57.08,3.69,80.01,5.66,20920737618.0
688330,宏力达,37.99,3.68,26.96,1.39,5318600000.0
688051,佳华科技,55.5,3.68,-52.49,6.32,4292037000.0
002716,湖南白银,6.48,3.68,147.06,5.44,18293614426.0
002636,金安国纪,15.54,3.67,80.26,3.34,11313120000.0
300476,胜宏科技,339.0,3.67,68.2,19.45,295048417107.0
002645,华宏科技,17.0,3.66,40.72,2.67,10669206120.0
002298,中电鑫龙,12.18,3.66,247.99,3.95,9014550774.0
301230,泓博医药,34.59,3.66,104.21,4.71,4828300667.0
600958,东方证券,11.65,3.65,14.29,1.24,98985917652.0
300820,英杰电气,55.16,3.65,47.51,4.86,12224503378.0
920703,广厦环能,16.19,3.65,23.57,2.19,2440221560.0
920179,凯德石英,39.6,3.64,100.11,3.93,2968812000.0
920033,康普化学,18.81,3.64,45.21,2.94,2240934053.0
688198,佰仁医疗,114.0,3.64,109.97,12.84,15703287162.0
920469,富恒新材,14.0,3.63,-481.78,4.32,1973244000.0
002056,横店东磁,22.0,3.63,18.48,3.49,35787665628.0
301293,三博脑科,63.21,3.62,116.77,5.57,13020437448.0
688510,航亚科技,25.17,3.62,62.64,5.58,6503490243.0
600577,精达股份,11.15,3.62,39.86,3.96,23963386369.0
002246,北化股份,20.66,3.61,45.16,3.78,11343058844.0
920931,无锡鼎邦,17.5,3.61,132.95,4.2,1643775000.0
601615,明阳智能,15.54,3.6,28.94,1.35,35299058811.0
600508,上海能源,14.42,3.59,30.64,0.81,10421593560.0
002846,英联股份,18.17,3.59,161.78,5.4,7631284366.0
920245,威博液压,30.55,3.59,70.26,4.37,1518182250.0
000603,盛达资源,23.71,3.58,38.03,4.97,16359173194.0
301312,智立方,52.09,3.58,67.7,5.12,6314490599.0
920066,科拜尔,29.22,3.58,63.79,4.65,1836574186.0
600730,中国高科,10.14,3.58,-647.29,3.3,5948691860.0
688767,博拓生物,45.38,3.58,228.29,2.92,6776746697.0
300304,云意电气,12.48,3.57,24.81,3.27,10959233601.0
300464,星徽股份,7.26,3.57,925.93,23.94,3323770753.0
920275,驱动力,9.9,3.56,299.88,6.78,1577838240.0
002340,格林美,8.43,3.56,27.03,2.15,43197841051.0
603379,三美股份,57.82,3.56,16.64,4.64,35297897919.0
920123,芭薇股份,18.06,3.56,51.34,4.97,2014412400.0
300818,耐普矿机,33.79,3.56,68.43,3.15,5702826289.0
688032,禾迈股份,108.71,3.56,-171.12,2.29,13488035077.0
600221,海航控股,1.75,3.55,664.04,29.51,75627356936.0
300725,药石科技,41.96,3.55,64.89,1.37,9810556028.0
003029,吉大正元,27.97,3.55,-55.17,5.02,5415557749.0
920726,朱老六,19.28,3.54,92.93,4.34,1960197600.0
002842,翔鹭钨业,11.7,3.54,55.45,3.43,3827917337.0
688281,华秦科技,72.78,3.54,61.23,4.26,19837693727.0
920527,夜光明,19.88,3.54,104.67,3.11,1193648876.0
920367,新赣江,22.8,3.54,123.27,3.41,1615636500.0
688339,亿华通-U,30.83,3.53,-21.85,2.98,7141833657.0
920694,中裕科技,22.88,3.53,29.64,3.45,3022184331.0
920075,柏星龙,30.5,3.53,60.75,4.93,1976857500.0
920556,雅达股份,11.46,3.52,68.41,3.56,1848672192.0
688559,海目星,41.47,3.52,-7.25,4.05,10274567555.0
688336,三生国健,61.72,3.52,71.58,6.45,38068019144.0
601688,华泰证券,22.96,3.52,13.73,1.24,207256792527.0
603260,合盛硅业,48.7,3.51,-134.34,1.8,57573478027.0
688190,云路股份,111.2,3.51,39.36,5.21,13344000000.0
300750,宁德时代,400.0,3.5,27.92,5.81,1825141600400.0
920519,万德股份,14.19,3.5,84.95,2.48,1266572496.0
920299,灿能电力,18.32,3.5,78.11,5.89,1650801936.0
688819,天能股份,31.98,3.5,17.15,1.85,31087758000.0
920729,永顺生物,10.07,3.49,68.17,4.15,2752634500.0
920082,方正阀门,20.2,3.48,38.32,5.57,2936171000.0
601567,三星医疗,25.27,3.48,17.43,2.86,35509641538.0
920885,星辰科技,22.01,3.48,105.35,9.41,3759745999.0
920717,瑞星股份,13.4,3.47,309.69,2.72,1536712000.0
920112,巴兰仕,41.58,3.46,21.95,3.85,3528063000.0
301369,联动科技,91.98,3.46,336.75,4.32,6491525108.0
001283,豪鹏科技,77.17,3.45,33.02,2.23,7712606480.0
000636,风华高科,17.67,3.45,67.11,1.64,20444423438.0
001228,永泰运,27.02,3.45,22.04,1.64,2806421735.0
603699,纽威股份,53.9,3.45,28.15,10.01,41800858245.0
000893,亚钾国际,44.15,3.44,22.45,3.12,40796859906.0
920950,迅安科技,21.7,3.43,38.46,5.18,1591044000.0
600392,盛和资源,23.55,3.43,54.76,3.95,41279065724.0
603800,洪田股份,53.96,3.43,-158.04,14.7,11223680000.0
301179,泽宇智能,17.5,3.43,91.44,2.92,7077132458.0
000825,太钢不锈,4.22,3.43,30.58,0.73,24038165699.0
300503,昊志机电,29.86,3.43,56.78,6.85,9203651800.0
002885,京泉华,25.52,3.4,72.15,4.7,6913801023.0
600547,山东黄金,36.82,3.4,32.18,5.58,169737605111.0
603690,至纯科技,34.35,3.4,167.58,2.63,13178193728.0
000830,鲁西化工,13.39,3.4,18.69,1.34,25498831557.0
002073,软控股份,8.53,3.39,21.53,1.42,8698266388.0
920566,梓橦宫,12.8,3.39,24.89,2.31,1861931264.0
002414,高德红外,14.01,3.39,77.11,8.64,59833012873.0
603808,歌力思,9.17,3.38,22.36,1.3,3384581691.0
300919,中伟股份,45.0,3.38,28.45,2.08,42211280610.0
920943,优机股份,26.01,3.38,39.69,4.15,2640571042.0
000796,凯撒旅业,6.44,3.37,-289.29,12.46,10328400619.0
920523,德瑞锂电,31.92,3.37,21.75,4.78,3233539698.0
920656,海昇药业,19.65,3.37,30.05,2.88,1965000000.0
002211,ST宏达,3.68,3.37,-112.04,117.3,1591510867.0
603218,日月股份,14.82,3.35,26.37,1.49,15270768825.0
300808,久量股份,30.9,3.34,-77.99,5.1,4944000000.0
600490,鹏欣资源,8.36,3.34,59.28,2.91,18499735980.0
603703,盛洋科技,12.75,3.32,556.19,6.4,5291022030.0
002210,飞马国际,4.05,3.32,563.95,11.31,10777992735.0
601598,中国外运,6.22,3.32,12.66,1.14,45233070783.0
920970,大禹生物,9.66,3.32,-75.29,3.81,1075741464.0
688073,毕得医药,80.38,3.32,45.76,3.75,7305171360.0
300445,康斯特,20.85,3.32,35.22,3.48,4429165771.0
920571,国航远洋,11.51,3.32,23377.2,4.63,6392739784.0
002155,湖南黄金,20.61,3.31,23.48,4.22,32206243623.0
920924,广脉科技,24.03,3.31,135.27,8.19,2578334895.0
002596,海南瑞泽,4.06,3.31,-43.04,6.97,4659176903.0
920679,前进科技,23.43,3.31,88.93,2.66,1308565500.0
300508,维宏股份,32.85,3.3,35.88,4.22,3573926591.0
300427,红相股份,6.58,3.3,40.29,2.61,3346063561.0
603659,璞泰来,28.6,3.29,26.96,3.09,61101013574.0
920873,中设咨询,8.17,3.29,-27.98,4.37,1253171806.0
300756,金马游乐,59.27,3.29,77.49,6.38,9340843892.0
603931,格林达,30.25,3.28,49.06,3.74,6036640995.0
603610,麒盛科技,17.64,3.28,31.77,1.97,6226772194.0
920099,瑞华技术,31.45,3.28,32.62,2.83,2465679937.0
002006,精工科技,21.39,3.28,49.0,4.69,11118381682.0
600739,辽宁成大,12.64,3.27,13.47,0.64,19335532074.0
688137,近岸蛋白,43.89,3.27,-80.04,1.48,3080000018.0
600426,华鲁恒升,25.27,3.27,16.95,1.64,53653769349.0
000923,河钢资源,18.64,3.27,23.21,1.24,12166867833.0
688319,欧林生物,24.03,3.27,154.09,10.54,9754584408.0
300358,楚天科技,11.69,3.27,61.27,1.59,6900668057.0
920455,汇隆活塞,10.1,3.27,57.98,5.4,1792245000.0
601566,九牧王,9.18,3.26,12.75,1.29,5275169037.0
300561,*ST汇科,16.79,3.26,2719.89,9.18,5508932900.0
002011,盾安环境,14.26,3.26,14.83,2.39,15193119955.0
002829,星网宇达,27.94,3.25,113.48,3.38,5806194468.0
003040,楚天龙,21.69,3.24,-170.61,7.14,10002039233.0
920395,朗鸿科技,14.65,3.24,41.17,9.68,2235380564.0
601636,旗滨集团,7.32,3.24,11.03,1.44,19643792351.0
002108,沧州明珠,4.48,3.23,39.63,1.47,7385719963.0
601689,拓普集团,73.76,3.23,49.49,5.68,128182752381.0
002581,ST未名,7.67,3.23,-55.15,2.71,5060171945.0
002926,华西证券,10.27,3.22,19.09,1.1,26958750000.0
300161,华中数控,31.14,3.22,-78.0,4.03,6187421653.0
300720,海川智能,25.7,3.21,136.01,8.55,5008345479.0
920056,能之光,27.41,3.2,40.79,4.29,2239169497.0
603861,白云电器,12.24,3.2,33.4,1.66,6616062169.0
601555,东吴证券,9.99,3.2,12.85,1.16,49637341342.0
601211,国泰海通,19.43,3.19,10.88,1.1,342530028857.0
002197,ST证通,10.03,3.19,-70.07,2.97,6162060168.0
688566,吉贝尔,33.39,3.18,22.3,2.83,6658996582.0
688639,华恒生物,35.49,3.17,39.72,3.31,8876605945.0
920266,生物谷,10.41,3.17,-27.26,1.45,1290840073.0
601199,江南水务,5.86,3.17,14.92,1.2,5480332311.0
600361,创新新材,4.55,3.17,18.07,1.53,17090128342.0
920118,太湖远大,27.1,3.16,47.56,2.45,1379281600.0
920108,宏海科技,16.06,3.15,49.82,5.43,2765532000.0
301035,润丰股份,78.0,3.15,18.46,3.0,21900135972.0
601127,赛力斯,163.99,3.14,45.54,10.2,267855704443.0
920263,中航泰达,14.5,3.13,95.54,3.59,2048021992.0
688020,方邦股份,62.52,3.12,-144.75,3.73,5149897440.0
000617,中油资本,10.9,3.12,26.54,1.33,137798661961.0
601118,海南橡胶,5.62,3.12,-68.31,2.47,24050384219.0
601168,西部矿业,24.8,3.12,15.05,3.34,59098400000.0
920422,润普食品,14.21,3.12,69.18,2.96,1257339309.0
920008,成电光信,32.45,3.11,-244.36,6.81,2068687500.0
300154,瑞凌股份,9.61,3.11,33.47,2.42,4320225482.0
920021,流金科技,6.97,3.11,928.71,3.38,2153729882.0
301391,卡莱特,85.46,3.11,455.0,3.91,8119965748.0
920786,骑士乳业,10.29,3.11,41.27,2.87,2151155370.0
688456,有研粉材,48.77,3.11,70.69,4.11,5055498200.0
601015,陕西黑猫,4.66,3.1,-9.57,1.69,9518038998.0
300731,科创新源,45.6,3.1,159.95,9.31,5765290262.0
920689,克莱特,38.09,3.09,43.4,5.75,2795806000.0
002536,飞龙股份,23.39,3.09,35.16,3.89,13444241920.0
002484,江海股份,31.36,3.09,37.4,4.35,26672430790.0
002487,大金重工,49.55,3.08,26.71,3.92,31600480243.0
688557,兰剑智能,40.2,3.08,33.02,3.48,4127721528.0
688182,灿勤科技,26.42,3.08,91.91,4.72,10568000000.0
002928,华夏航空,10.72,3.08,27.32,3.79,13702749416.0
605255,天普股份,87.45,3.08,492.64,14.53,11725296000.0
920098,科隆新材,30.75,3.08,36.56,2.67,2500601347.0
600120,浙江东方,6.7,3.08,21.46,1.4,22883055996.0
300811,铂科新材,84.68,3.08,62.69,8.47,24540288049.0
920014,特瑞斯,13.42,3.07,106.84,2.02,1660079592.0
002897,意华股份,48.03,3.07,25.91,3.39,9312089829.0
300973,立高食品,41.91,3.07,21.48,2.89,7097060816.0
301110,青木科技,77.3,3.07,67.38,4.91,7152981241.0
301238,瑞泰新材,21.53,3.06,96.38,2.2,15788665949.0
000887,中鼎股份,22.88,3.06,17.28,2.13,30121285411.0
600109,国金证券,10.46,3.05,17.48,1.13,38833372475.0
603829,洛凯股份,20.3,3.05,30.01,2.68,3429380500.0
603194,中力股份,42.63,3.05,18.71,3.24,17094630000.0
920344,三元基因,26.4,3.04,-168.91,5.3,3215784000.0
920061,西磁科技,35.42,3.03,588.16,9.03,2507381800.0
002734,利民股份,19.38,3.03,16.01,2.5,8606194779.0
688622,禾信仪器,131.37,3.03,-191.8,24.02,9257055494.0
301173,毓恬冠佳,48.78,3.02,27.76,2.91,4284580178.0
002911,佛燃能源,12.62,3.02,25.06,3.44,16385735019.0
002601,龙佰集团,18.75,3.02,20.04,1.9,44742998550.0
300468,四方精创,39.22,3.02,233.35,12.64,20812064566.0
301456,盘古智能,33.12,3.02,61.65,2.26,4982831302.0
600259,广晟有色,57.14,3.01,132.58,5.59,19223947897.0
300952,恒辉安防,33.51,3.01,52.91,3.41,5783383299.0
920057,百甲科技,7.56,3.0,96.81,1.92,1370350525.0
002149,西部材料,18.57,3.0,74.11,3.07,9066139068.0
920020,泰凯英,22.29,3.0,28.54,4.44,4931662500.0
920027,交大铁发,27.46,3.0,157.65,5.14,2174928110.0
688502,茂莱光学,386.33,2.99,311.37,17.0,20398224000.0
600176,中国巨石,16.56,2.99,19.36,2.1,66291944216.0
603212,赛伍技术,11.7,2.99,-32.82,2.0,5118640441.0
688147,微导纳米,57.15,2.99,79.54,9.35,26355138723.0
600816,建元信托,3.11,2.98,445.29,2.21,30616234070.0
300858,科拓生物,17.6,2.98,45.63,2.54,4637514077.0
920866,绿亨科技,9.34,2.98,63.22,2.22,1683123106.0
603990,麦迪科技,16.58,2.98,111.14,6.09,5078167680.0
600173,卧龙新能,9.35,2.97,64.85,1.71,6549733381.0
603363,傲农生物,5.21,2.96,24.57,4.06,13561431113.0
300043,星辉娱乐,6.26,2.96,21.78,4.53,7788681990.0
603105,芯能科技,9.42,2.95,18.98,2.21,4710068022.0
601778,晶科科技,3.49,2.95,50.78,0.8,12462768973.0
920163,方大新材,16.73,2.95,55.63,4.44,2153404627.0
000566,海南海药,5.94,2.95,-23.85,27.68,7706348848.0
688700,东威科技,39.14,2.95,102.61,6.5,11679429230.0
000810,创维数字,13.65,2.94,136.12,2.44,15582779653.0
603787,新日股份,14.0,2.94,20.88,2.03,3222013060.0
002222,福晶科技,48.24,2.94,78.05,12.97,22684860000.0
301070,开勒股份,68.68,2.94,214.91,7.88,6196985411.0
600452,涪陵电力,9.81,2.94,38.21,2.75,15073473626.0
603869,ST智知,9.82,2.94,98.47,1.3,4852224894.0
603613,国联股份,28.46,2.93,13.97,2.31,20506506158.0
603505,金石资源,18.3,2.92,49.03,8.54,15402539278.0
300682,朗新集团,18.68,2.92,143.08,2.97,20179020236.0
603733,仙鹤股份,22.9,2.92,17.08,2.03,16206880424.0
603112,华翔股份,18.01,2.91,17.98,2.25,9728471840.0
603618,杭电股份,8.84,2.91,-20.9,2.25,6111760445.0
601699,潞安环能,15.22,2.91,21.97,0.97,45529248024.0
300252,金信诺,13.79,2.91,867.91,4.18,9131101371.0
603396,金辰股份,28.77,2.9,59.18,1.54,3985435542.0
920547,无锡晶海,27.99,2.9,33.93,3.13,2174487120.0
600773,西藏城投,11.36,2.9,-84.29,2.26,10810026786.0
920433,大唐药业,6.74,2.9,-31.49,4.09,1724898650.0
300833,浩洋股份,42.94,2.9,30.34,2.25,5431502070.0
002176,江特电机,10.32,2.89,-116.97,5.19,17609279996.0
300533,冰川网络,39.1,2.89,13.7,5.17,9167463027.0
600346,恒力石化,17.81,2.89,18.72,1.94,125366367189.0
002506,协鑫集成,2.5,2.88,-22.37,7.28,14625791068.0
600847,万里股份,12.49,2.88,-51.24,3.62,1914559626.0
920018,宏远股份,31.06,2.88,40.17,4.35,3954856258.0
920088,科力股份,34.82,2.87,56.43,4.6,3066649630.0
688262,国芯科技,31.19,2.87,-61.72,5.08,10479837286.0
000061,农 产 品,8.64,2.86,48.75,2.04,17150064751.0
300469,信息发展,77.28,2.86,-184.34,50.34,19183896319.0
002586,*ST围海,4.68,2.86,107.03,1.8,5354966982.0
600183,生益科技,69.32,2.86,51.69,10.84,168396506308.0
000068,华控赛格,3.95,2.86,-29.8,6.54,3976352283.0
002008,大族激光,44.0,2.85,39.35,2.67,45302549952.0
600379,宝光股份,12.98,2.85,64.97,5.53,4286016301.0
300394,天孚通信,194.5,2.85,77.39,31.0,151207390800.0
688401,路维光电,50.48,2.85,45.85,6.76,9759486186.0
000638,*ST万方,6.51,2.84,-201.75,14.09,2027126447.0
002975,博杰股份,62.61,2.84,71.2,4.47,10036545348.0
300569,天能重工,6.51,2.84,59.4,1.29,6657846136.0
002167,东方锆业,13.42,2.84,201.57,5.94,10396115686.0
600328,中盐化工,7.96,2.84,151.36,0.97,11671823883.0
601666,平煤股份,8.73,2.83,57.81,0.94,21557486723.0
603456,九洲药业,20.0,2.83,17.84,2.03,17788920560.0
000778,新兴铸管,4.38,2.82,18.61,0.66,17358738408.0
603077,和邦生物,2.19,2.82,155.79,1.07,19340746789.0
000031,大悦城,3.28,2.82,64.73,1.3,14059107752.0
688609,九联科技,9.83,2.82,-30.75,5.53,4915000000.0
600489,中金黄金,22.75,2.8,22.48,3.78,110276360831.0
600340,华夏幸福,2.2,2.8,-0.63,-4.73,8610184752.0
920946,森萱医药,11.44,2.79,35.34,3.94,4883945810.0
920699,海达尔,58.62,2.79,38.46,8.1,2674555086.0
920427,华维设计,15.17,2.78,302.55,4.76,1563951150.0
300703,创源股份,28.09,2.78,47.71,5.43,5067206786.0
002115,三维通信,11.88,2.77,2515.35,4.64,9634577024.0
002838,道恩股份,26.73,2.77,73.44,3.56,12787589285.0
601918,新集能源,7.43,2.77,9.78,1.17,19247725574.0
688128,中国电研,33.86,2.76,26.96,4.02,13696370000.0
601888,中国中免,71.37,2.75,28.4,2.67,147654469970.0
688548,广钢气体,13.06,2.75,73.31,2.95,17231344684.0
688153,唯捷创芯,38.5,2.75,1445.21,4.15,16567050808.0
301187,欧圣电气,26.2,2.75,38.41,4.4,6679258355.0
688759,C必贝特-U,31.86,2.74,-100.06,8.4,14338167892.0
600315,上海家化,25.46,2.74,31.67,2.43,17114873451.0
300423,昇辉科技,7.88,2.74,454.52,2.91,3920388965.0
600180,瑞茂通,4.88,2.74,53.2,0.67,5302742024.0
688503,聚和材料,61.99,2.73,47.08,3.1,15003665530.0
002350,北京科锐,7.93,2.72,111.26,2.61,4300687613.0
688318,财富趋势,153.46,2.72,183.62,10.84,39304094173.0
301396,宏景科技,71.73,2.71,76.81,8.54,11011813646.0
688800,瑞可达,79.49,2.71,52.63,7.39,16349052889.0
920030,德众汽车,7.58,2.71,-126.33,2.99,1355604782.0
688123,聚辰股份,166.8,2.71,61.9,10.57,26399610139.0
920278,鹿得医疗,10.24,2.71,75.77,4.67,1786880000.0
688680,海优新材,43.69,2.7,-13.78,2.8,3671003798.0
688607,康众医疗,28.6,2.69,5432.36,2.94,2520490172.0
300349,金卡智能,14.11,2.69,21.39,1.33,5902738075.0
000963,华东医药,40.8,2.69,19.53,2.97,71564058758.0
000629,钒钛股份,3.05,2.69,-142.97,2.31,28337390927.0
920016,中草香料,22.54,2.69,78.52,4.57,1735172680.0
002430,杭氧股份,26.84,2.68,26.01,2.72,26258952837.0
002667,威领股份,11.88,2.68,-177.95,6.7,3095827020.0
002963,豪尔赛,17.21,2.68,-73.75,2.0,2587694395.0
300007,汉威科技,57.54,2.68,166.55,6.48,18841220917.0
000803,山高环能,6.91,2.67,39.71,2.19,3222106417.0
601377,兴业证券,6.95,2.66,22.56,1.09,60020111693.0
002392,北京利尔,8.11,2.66,20.82,1.67,9654880704.0
301058,中粮科工,11.62,2.65,37.81,2.72,5952626727.0
601121,宝地矿业,7.37,2.65,38.12,1.87,5896000000.0
920101,志高机械,46.1,2.65,36.06,4.01,4109730821.0
920575,康乐卫士,13.18,2.65,-12.58,9.13,3702789200.0
601702,华峰铝业,17.79,2.65,14.87,2.9,17763859374.0
300285,国瓷材料,23.21,2.65,35.46,3.3,23141491020.0
001309,德明利,237.21,2.64,-228.15,22.85,53819692581.0
688036,传音控股,77.78,2.64,30.97,4.41,88696467724.0
688275,万润新能,68.13,2.64,-16.16,1.62,8592450884.0
688008,澜起科技,153.3,2.64,75.73,14.48,175551698889.0
300545,联得装备,31.3,2.62,45.07,2.72,5804941069.0
300895,铜牛信息,46.58,2.62,-84.11,8.38,6558494603.0
001282,三联锻造,24.35,2.61,44.36,3.34,5410219360.0
002199,*ST东晶,10.24,2.61,-47.78,13.07,2492849797.0
601995,中金公司,39.03,2.6,21.52,1.93,188407835558.0
601519,大智慧,14.97,2.6,-755.46,21.96,29777725200.0
000821,京山轻机,12.63,2.6,20.72,1.84,7866908446.0
603042,华脉科技,15.78,2.6,-52.24,2.94,2534107675.0
002991,甘源食品,55.8,2.59,24.98,3.13,5201443370.0
300054,鼎龙股份,37.3,2.59,50.99,7.13,35316270557.0
920725,惠丰钻石,34.81,2.59,-157.66,5.23,3177282750.0
603099,长白山,52.61,2.59,70.44,10.87,14029508700.0
002717,ST岭南,1.99,2.58,-14.12,3.87,3622264780.0
603179,新泉股份,77.14,2.58,44.92,5.47,37928238707.0
301165,锐捷网络,78.84,2.58,69.12,12.64,62713636328.0
002978,安宁股份,32.15,2.58,17.97,1.78,15174477150.0
002500,山西证券,6.77,2.58,24.91,1.33,24302753373.0
300568,星源材质,12.72,2.58,112.41,1.73,17148139048.0
688173,希荻微,16.35,2.57,-75.19,4.59,6719973393.0
605007,五洲特纸,12.01,2.56,23.74,1.67,5727585982.0
600026,中远海能,12.44,2.56,18.18,1.56,67987347237.0
002354,天娱数科,6.82,2.56,198.19,8.78,11284275292.0
600499,科达制造,13.22,2.56,17.01,2.11,25354061489.0
002996,顺博合金,8.01,2.56,16.41,1.67,5362189056.0
300418,昆仑万维,44.47,2.56,-62.93,3.98,55825723700.0
603225,新凤鸣,16.42,2.56,17.65,1.44,25033188075.0
002821,凯莱英,105.96,2.55,30.94,2.24,38208510571.0
601137,博威合金,22.51,2.55,15.75,2.1,18493365190.0
688603,天承科技,85.62,2.55,145.36,9.36,10678913745.0
002245,蔚蓝锂芯,18.9,2.55,31.87,2.95,21807019149.0
601901,方正证券,8.43,2.55,14.56,1.39,69396614760.0
300457,赢合科技,30.24,2.54,48.73,2.99,19628654361.0
300769,德方纳米,42.84,2.54,-16.54,2.31,12003255205.0
300768,迪普科技,23.88,2.53,123.19,4.53,15374637451.0
300748,金力永磁,40.14,2.53,80.34,7.87,55216154382.0
688172,燕东微,27.15,2.53,151.87,2.06,38759831334.0
688261,东微半导,77.2,2.52,146.18,3.24,9462788070.0
002715,登云股份,22.74,2.52,-877.65,6.65,3138120000.0
688082,盛美上海,191.4,2.52,54.41,7.25,91851427180.0
600971,恒源煤电,7.36,2.51,-66.42,0.74,8832035946.0
000066,中国长城,16.83,2.5,2534.29,4.89,54290198651.0
300428,立中集团,24.98,2.5,19.16,2.06,15974638832.0
600601,方正科技,13.52,2.5,136.88,12.97,57781003832.0
300982,苏文电能,19.76,2.49,304.97,1.41,4089631285.0
601212,白银有色,5.36,2.49,-138.53,2.57,39689591379.0
003022,联泓新科,20.19,2.49,87.02,3.65,26965117920.0
002736,国信证券,14.42,2.49,13.76,1.57,147685934925.0
601233,桐昆股份,14.8,2.49,17.24,0.94,35590740640.0
300055,万邦达,7.44,2.48,186.82,1.2,6225417069.0
601908,京运通,4.14,2.48,-32.97,1.14,9996455845.0
600572,康恩贝,4.56,2.47,14.79,1.63,11513682492.0
002965,祥鑫科技,40.68,2.47,51.06,2.53,10795673004.0
688201,信安世纪,15.35,2.47,249.46,3.76,4868311076.0
000563,陕国投Ａ,3.73,2.47,14.36,1.03,19075109435.0
000728,国元证券,9.13,2.47,14.83,1.06,39841292145.0
300331,苏大维格,35.81,2.46,195.45,5.94,9298506462.0
002158,汉钟精机,25.4,2.46,26.0,3.12,13581993131.0
688613,奥精医疗,23.45,2.45,172.85,2.25,3212851295.0
001269,欧晶科技,26.37,2.45,-34.19,5.72,5073891097.0
300835,龙磁科技,59.91,2.45,40.19,5.98,7144120121.0
300105,龙源技术,7.97,2.44,81.87,2.13,4111040927.0
300167,ST迪威迅,6.31,2.44,-261.54,24.17,2456949940.0
002706,良信股份,10.91,2.44,30.21,3.01,12253293968.0
603663,三祥新材,26.17,2.43,106.58,8.38,11077754458.0
920810,春光智能,16.0,2.43,279.9,6.61,1534400000.0
601696,中银证券,14.73,2.43,36.21,2.21,40919940000.0
301533,威马农机,38.29,2.43,78.01,3.32,3764163543.0
000532,华金资本,14.84,2.42,37.05,3.26,5115471766.0
002237,恒邦股份,13.15,2.41,22.39,1.45,16762637656.0
603330,天洋新材,8.11,2.4,-166.1,2.3,3508983293.0
001236,弘业期货,11.54,2.4,4173.9,6.23,11629755558.0
688126,沪硅产业,25.19,2.4,-94.4,5.9,69201393315.0
603871,嘉友国际,14.11,2.39,16.57,3.34,19302602164.0
600233,圆通速递,17.53,2.39,15.64,1.8,59997123500.0
688377,迪威尔,43.68,2.39,82.51,4.67,8503054560.0
601155,新城控股,14.2,2.38,17.9,0.52,32029844555.0
920174,五新隧装,57.6,2.38,58.73,6.17,5184502157.0
920273,一致魔芋,36.94,2.38,45.86,5.87,3811779755.0
688663,新风光,42.98,2.38,54.89,4.45,6076621139.0
300751,迈为股份,109.15,2.38,34.49,3.88,30497056405.0
603338,浙江鼎力,52.47,2.38,12.5,2.39,26568073211.0
600537,亿晶光电,3.87,2.38,-15.02,16.02,4580977120.0
002346,柘中股份,18.05,2.38,27.18,3.06,7970436259.0
605060,联德股份,29.4,2.37,29.84,2.92,7073404800.0
601898,中煤能源,13.82,2.37,11.01,1.16,183234728188.0
002226,江南化工,6.49,2.37,19.41,1.68,17191509329.0
002554,惠博普,3.45,2.37,327.83,1.94,4601334248.0
002738,中矿资源,53.84,2.36,142.66,3.23,38845122658.0
601108,财通证券,8.69,2.36,14.85,1.09,40354295308.0
688305,科德数控,63.24,2.36,98.61,4.48,8405018317.0
000969,安泰科技,23.52,2.35,65.82,4.37,24712889641.0
688556,高测股份,10.87,2.35,-82.97,2.34,9030512663.0
301360,荣旗科技,87.99,2.34,673.98,4.06,4693386600.0
300267,尔康制药,3.5,2.34,136.81,1.62,7219117045.0
000012,南  玻Ａ,4.81,2.34,73.66,1.11,14770029035.0
688101,三达膜,17.48,2.34,14.61,1.34,5803570914.0
000777,中核科技,22.27,2.34,57.4,3.73,8538709796.0
920964,润农节水,7.87,2.34,-173.23,2.34,2055706960.0
603124,江南新材,94.15,2.34,62.28,7.64,13721910486.0
301018,申菱环境,65.6,2.34,87.21,6.58,17453048198.0
301266,宇邦新材,39.42,2.31,61.58,2.4,4331414136.0
002545,东方铁塔,17.26,2.31,19.45,2.27,21472511553.0
300785,值得买,34.56,2.31,383.26,3.64,6872437198.0
300771,智莱科技,14.23,2.3,37.47,1.73,3415200000.0
002733,雄韬股份,22.21,2.3,60.16,3.11,8533413218.0
603863,松炀资源,20.93,2.3,-46.87,10.57,4283324500.0
600740,山西焦化,4.45,2.3,-170.84,0.75,11401439135.0
000552,甘肃能化,2.67,2.3,-39.22,0.85,14289330847.0
600428,中远海特,7.11,2.3,11.01,1.18,19509274008.0
300980,祥源新材,29.39,2.3,74.94,2.88,4062022554.0
688363,华熙生物,53.93,2.3,77.2,3.68,25976907591.0
603755,日辰股份,34.71,2.3,39.91,4.57,3422880868.0
002537,海联金汇,8.94,2.29,39.23,2.48,10495709700.0
688046,药康生物,17.39,2.29,48.66,3.24,7129900000.0
301155,海力风电,88.68,2.28,41.71,3.35,19278276269.0
600131,国网信通,18.5,2.27,47.41,3.56,22194901752.0
688558,国盛智科,32.05,2.27,25.78,2.58,4230600000.0
600298,安琪酵母,41.0,2.27,23.91,3.07,35590397311.0
603816,顾家家居,31.2,2.26,12.49,2.48,25629287393.0
002182,宝武镁业,14.47,2.26,123.1,2.67,14351223772.0
002009,天奇股份,16.83,2.25,75.55,3.38,6769584874.0
002263,大东南,3.64,2.25,430.55,2.47,6837230764.0
301392,汇成真空,143.61,2.25,610.07,19.8,14361000000.0
301658,首航新能,32.2,2.25,87.28,4.2,13278350547.0
601388,怡球资源,3.19,2.24,54.01,1.53,7021900145.0
600997,开滦股份,7.3,2.24,47.0,0.83,11590938912.0
603927,中科软,21.91,2.24,78.78,5.79,18208086400.0
920006,晟楠科技,30.23,2.23,129.98,8.48,2729382056.0
301580,爱迪特,45.8,2.23,25.86,2.34,4880655795.0
300395,菲利华,89.95,2.22,105.58,10.32,46977977186.0
920642,通易航天,17.53,2.22,-130.18,7.65,1817339973.0
300124,汇川技术,79.03,2.22,37.71,6.22,213907679787.0
920826,盖世食品,13.37,2.22,39.42,4.99,1878696433.0
688488,艾迪药业,14.75,2.22,337.64,6.27,6206546418.0
600658,电子城,6.45,2.22,-24.09,1.28,7214873540.0
600927,永安期货,15.69,2.21,36.07,1.74,22837666674.0
002218,拓日新能,3.7,2.21,-35.99,1.29,5228176031.0
920058,华洋赛车,38.39,2.21,33.65,6.25,2153181850.0
002229,鸿博股份,17.65,2.2,287.18,6.89,8757779763.0
300321,同大股份,47.48,2.2,286.74,6.65,4216224000.0
600884,杉杉股份,13.48,2.2,73.13,1.39,30322085393.0
002602,ST华通,18.22,2.19,25.47,4.76,135339674410.0
600777,*ST新潮,4.22,2.18,14.98,1.23,28698092382.0
300745,欣锐科技,24.85,2.18,-49.89,1.85,4165217616.0
600829,人民同泰,8.43,2.18,32.77,1.63,4888460873.0
000786,北新建材,23.93,2.18,11.8,1.52,40690340884.0
000572,海马汽车,6.11,2.17,-101.25,5.98,10048728563.0
300513,恒实科技,9.91,2.16,-27.09,2.36,3108679346.0
688202,美迪西,70.06,2.16,-364.88,4.52,9412714011.0
002485,ST雪发,3.79,2.16,-47.41,1.72,2061760000.0
688132,邦彦技术,18.92,2.16,-30.27,2.06,2880100860.0
300499,高澜股份,29.8,2.16,199.28,6.57,9096407207.0
000955,欣龙控股,5.67,2.16,9943.09,4.71,3052699650.0
002468,申通快递,15.58,2.16,23.67,2.32,23849897746.0
002600,领益智造,16.19,2.15,45.7,5.02,118285127218.0
600332,白云山,26.12,2.15,9.62,1.12,42465659588.0
600330,天通股份,10.45,2.15,168.66,1.61,12889389647.0
920169,七丰精工,34.38,2.14,58.48,8.5,2810406508.0
601368,绿城水务,5.25,2.14,25.69,0.96,4635608654.0
603858,步长制药,18.1,2.14,16.49,1.81,19087688800.0
000831,中国稀土,54.93,2.14,227.49,12.06,58292858929.0
603867,新化股份,29.65,2.14,23.19,2.34,5719253819.0
300465,高伟达,21.1,2.13,328.95,13.95,9363111433.0
920541,铁大科技,15.82,2.13,48.42,5.02,2162594000.0
600867,通化东宝,9.09,2.13,11.11,2.5,17803154316.0
920351,华光源海,28.96,2.12,97.31,5.85,2549506313.0
600759,洲际油气,2.41,2.12,100.47,1.15,9999112365.0
600522,中天科技,17.41,2.11,19.06,1.62,59419453441.0
002171,楚江新材,14.01,2.11,48.01,2.62,22737359587.0
301526,国际复材,6.78,2.11,70.26,3.11,25566553165.0
603383,顶点软件,40.21,2.11,59.97,5.66,8258610426.0
002599,盛通股份,8.28,2.1,381.36,3.56,4410588636.0
300806,斯迪克,28.18,2.1,211.63,5.63,12774008175.0
688516,奥特维,43.28,2.1,26.23,3.76,13641685953.0
300474,景嘉微,76.93,2.1,-415.72,5.77,40205096825.0
605318,法狮龙,69.94,2.1,-4577.48,13.61,8793488218.0
601777,千里科技,11.65,2.1,844.87,4.99,52670815827.0
300016,北陆药业,8.75,2.1,83.62,2.23,4925140176.0
688205,德科立,116.49,2.09,344.8,8.15,18438657975.0
002903,宇环数控,21.53,2.09,821.93,4.19,3354481650.0
002565,顺灏股份,6.83,2.09,80.66,3.88,7239724337.0
002472,双环传动,44.49,2.09,31.55,3.93,37797255495.0
002208,合肥城建,12.75,2.08,-195.69,1.59,10241971649.0
600618,氯碱化工,10.8,2.08,15.29,1.38,12489119741.0
000410,沈阳机床,7.86,2.08,13634.41,3.52,20821713851.0
601068,中铝国际,5.4,2.08,101.79,5.53,16134315842.0
688505,复旦张江,9.37,2.07,849.73,4.26,9712680577.0
002201,九鼎新材,8.4,2.07,54.35,4.7,5473744424.0
300085,银之杰,49.2,2.07,-438.96,69.42,34766714322.0
601318,中国平安,58.95,2.06,6.03,1.08,1067445495605.0
688005,容百科技,26.44,2.05,-69.6,2.33,18897341427.0
300681,英搏尔,31.93,2.05,42.29,3.64,8395801058.0
600758,辽宁能源,4.49,2.05,208.78,1.06,5935858099.0
301358,湖南裕能,65.27,2.05,57.73,4.04,49657593600.0
000983,山西焦煤,7.45,2.05,22.12,1.15,42294402890.0
002203,海亮股份,12.03,2.04,19.38,1.69,27569815946.0
002867,周大生,13.99,2.04,12.92,2.43,15185779763.0
688580,伟思医疗,53.97,2.04,37.95,3.12,5168776413.0
300993,玉马科技,16.51,2.04,34.53,3.33,5087246112.0
600061,国投资本,8.05,2.03,15.13,0.98,51471564816.0
002114,罗平锌电,8.06,2.03,-20.3,3.08,2606565852.0
600458,时代新材,14.55,2.03,22.34,1.77,13548676275.0
000936,华西股份,7.58,2.02,20.23,1.26,6715977683.0
603511,爱慕股份,16.66,2.02,49.9,1.55,6731483196.0
002057,中钢天源,11.09,2.02,28.27,2.58,8360570300.0
002493,荣盛石化,10.12,2.02,85.34,2.31,101093155610.0
300127,银河磁体,35.37,2.02,59.01,7.71,11429686753.0
920942,恒立钻具,40.19,2.01,87.43,4.93,2464736149.0
300567,精测电子,80.08,2.01,167.86,6.34,22401987368.0
601698,中国卫通,22.31,2.01,261.05,5.98,94246038542.0
688679,通源环境,24.52,2.0,-161.58,2.86,3229030831.0
603259,药明康德,106.04,2.0,19.65,4.46,316397608716.0
688788,科思科技,59.75,2.0,-37.39,4.84,9373245878.0
002273,水晶光电,25.97,2.0,27.55,3.77,36114718779.0
300657,弘信电子,31.74,1.99,126.91,12.17,15316319695.0
002388,ST新亚,5.65,1.99,220.41,2.93,2885441440.0
301026,浩通科技,27.13,1.99,27.5,2.65,4293973267.0
300588,熙菱信息,26.16,1.99,-93.07,18.28,5008882145.0
300985,致远新能,19.6,1.98,59.48,3.62,3655644608.0
000027,深圳能源,7.21,1.98,10.06,1.06,34300781294.0
000750,国海证券,4.66,1.97,40.24,1.34,29759573063.0
002656,*ST摩登,2.59,1.97,-40.0,4.34,1845426396.0
300511,雪榕生物,7.24,1.97,-55.81,3.07,4639732396.0
601609,金田股份,11.9,1.97,26.22,2.07,20570769150.0
603926,铁流股份,17.57,1.97,40.49,2.39,4123970855.0
000591,太阳能,4.67,1.97,12.2,0.75,18312022764.0
301278,快可电子,36.19,1.97,121.99,2.28,3246537695.0
601069,西部黄金,28.05,1.96,64.72,5.61,25553525400.0
301376,致欧科技,18.75,1.96,20.83,2.21,7546293281.0
600796,钱江生化,6.25,1.96,26.83,1.58,5416161038.0
000987,越秀资本,8.32,1.96,13.39,1.36,41742542084.0
001258,立新能源,8.33,1.96,43.93,2.56,7774666672.0
600289,ST信通,6.78,1.95,-22.48,3.69,4278533028.0
002696,百洋股份,6.8,1.95,48.89,1.72,2355263382.0
300390,天华新能,26.69,1.95,505.99,2.03,22172738532.0
001287,中电港,27.68,1.95,61.25,3.91,21034034685.0
300738,奥飞数据,19.89,1.95,101.04,5.58,19595044010.0
605305,中际联合,40.23,1.95,14.63,3.0,8549679600.0
688518,联赢激光,25.67,1.95,60.79,2.78,8761815189.0
600643,爱建集团,5.75,1.95,36.59,0.77,9160731974.0
600798,宁波海运,4.18,1.95,-119.9,1.29,5043312960.0
600281,华阳新材,6.31,1.94,35.34,24.85,3245876778.0
002338,奥普光电,55.56,1.94,262.83,9.79,13334400000.0
300494,盛天网络,13.67,1.94,163.78,4.66,6705272739.0
002312,川发龙蟒,11.03,1.94,35.78,2.16,20839404968.0
688475,萤石网络,32.74,1.93,45.79,4.57,25782750000.0
603890,春秋电子,14.8,1.93,21.31,2.12,6562023541.0
600821,金开新能,5.81,1.93,13.2,1.22,11604100662.0
300430,诚益通,20.6,1.93,62.19,2.46,5624763998.0
000685,中山公用,12.71,1.92,13.03,1.07,18748665271.0
600745,闻泰科技,45.46,1.91,28.04,1.67,56580519893.0
603072,天和磁材,48.66,1.91,80.5,6.01,12859864800.0
603766,隆鑫通用,13.86,1.91,13.54,2.86,28462090041.0
300475,香农芯创,130.73,1.91,126.54,17.92,60629144560.0
688077,大地熊,35.24,1.91,70.07,3.72,4034222481.0
600023,浙能电力,5.35,1.9,8.64,0.96,71736720207.0
688267,中触媒,28.49,1.9,21.75,1.79,5019938000.0
600977,中国电影,14.51,1.9,306.19,2.45,27090170000.0
688312,燕麦科技,33.73,1.9,38.24,3.33,4916863116.0
603486,科沃斯,94.32,1.9,28.89,6.35,54614404161.0
300674,宇信科技,24.68,1.9,46.68,3.92,17376128241.0
300456,赛微电子,25.32,1.89,8.82,2.73,18539636553.0
300711,广哈通信,21.58,1.89,113.8,7.27,5377101677.0
002941,新疆交建,18.86,1.89,22.98,2.93,13763107104.0
600308,华泰股份,3.79,1.88,42.5,0.63,5748937967.0
600201,生物股份,10.83,1.88,55.98,2.2,12040228956.0
002335,科华数据,57.36,1.88,60.7,4.75,29564149392.0
300059,东方财富,26.49,1.88,34.51,4.71,418648958011.0
002446,盛路通信,8.67,1.88,70.8,3.12,7936654327.0
600367,红星发展,16.35,1.87,38.96,2.25,5577490248.0
002386,天原股份,5.46,1.87,168.18,0.95,7106993019.0
002927,泰永长征,15.82,1.87,79.62,3.41,3530900288.0
688148,芳源股份,8.18,1.87,-25.92,14.41,4173215574.0
002673,西部证券,8.75,1.86,23.59,1.32,39108839919.0
300773,拉卡拉,24.65,1.86,42.98,5.41,19426233625.0
600546,山煤国际,10.97,1.86,16.6,1.36,21747543856.0
920339,恒太照明,10.94,1.86,44.31,3.96,2409029572.0
603285,键邦股份,25.89,1.85,29.06,2.47,4142400000.0
301565,中仑新材,24.84,1.85,111.53,4.13,9936248400.0
300617,安靠智电,34.73,1.85,59.05,1.97,5812418218.0
000791,甘肃能源,7.17,1.85,14.1,1.68,23258330950.0
000655,金岭矿业,10.46,1.85,21.18,1.77,6227258806.0
300224,正海磁材,17.18,1.84,52.61,3.16,15989433164.0
688187,时代电气,57.62,1.84,23.41,1.92,78244987499.0
920892,广咨国际,17.7,1.84,39.93,7.76,3015218948.0
301031,中熔电气,118.43,1.84,36.07,8.28,11644331306.0
603915,国茂股份,16.09,1.84,42.75,2.86,10565216603.0
002523,天桥起重,4.43,1.84,55.24,2.51,6275718744.0
300301,ST长方,2.22,1.83,-15.93,11.2,1842308667.0
002364,中恒电气,27.84,1.83,162.14,6.49,15689648486.0
300400,劲拓股份,23.38,1.83,49.38,7.26,5672591204.0
002366,融发核电,8.35,1.83,-177.81,3.81,17375829294.0
688625,呈和科技,37.8,1.83,23.44,4.99,7118531948.0
300019,硅宝科技,21.09,1.83,27.15,3.1,8290831203.0
002370,亚太药业,7.25,1.83,41.72,4.82,5406089593.0
300607,拓斯达,33.33,1.83,241.67,5.58,15897490492.0
301488,豪恩汽电,153.36,1.83,165.98,10.56,14109120000.0
688526,科前生物,17.32,1.82,17.93,1.99,8073337930.0
300180,华峰超纤,7.29,1.82,101.02,2.72,12838128530.0
688029,南微医学,83.0,1.82,22.96,3.83,15591336026.0
300631,久吾高科,31.37,1.82,60.62,2.99,3922612211.0
920832,齐鲁华信,8.45,1.81,695.25,1.57,1172554659.0
000010,美丽生态,3.93,1.81,-106.21,13.84,4518133508.0
688567,孚能科技,17.96,1.81,-67.76,2.23,21948985775.0
688093,世华科技,43.93,1.81,29.19,4.56,12317216009.0
603848,好太太,20.8,1.81,43.83,3.34,8370055429.0
300223,北京君正,92.99,1.8,137.75,3.62,44871461832.0
300146,汤臣倍健,12.43,1.8,17.38,1.86,21027545495.0
688661,和林微纳,51.01,1.8,157.99,6.29,7747798004.0
600999,招商证券,17.66,1.79,14.81,1.33,153580663394.0
601022,宁波远洋,10.82,1.79,19.93,2.35,14159412674.0
301221,光庭信息,52.75,1.79,81.84,2.44,4885826325.0
300158,振东制药,6.83,1.79,252.88,1.87,6866333933.0
600166,福田汽车,2.84,1.79,14.47,1.49,22485417042.0
688708,佳驰科技,74.49,1.78,89.89,9.01,29796744900.0
300342,天银机电,18.83,1.78,247.32,5.1,8003411178.0
002367,康力电梯,7.45,1.78,13.89,1.64,5943203647.0
300762,上海瀚讯,25.67,1.78,-251.05,6.9,16119881367.0
920087,秋乐种业,16.12,1.77,-123.76,5.12,2663024000.0
688376,美埃科技,46.78,1.76,32.07,3.34,6287232000.0
601099,太平洋,4.63,1.76,96.36,3.17,31559544793.0
600231,凌钢股份,2.32,1.75,-5.88,1.4,6617070207.0
300956,英力股份,18.02,1.75,297.91,2.83,3882006433.0
002623,亚玛顿,19.77,1.75,-49.55,1.39,3935465625.0
603167,渤海轮渡,10.46,1.75,13.54,1.4,4907251501.0
603085,天成自控,10.45,1.75,61.84,4.66,4149695000.0
002533,金杯电工,13.39,1.75,15.88,2.28,9827470820.0
603922,金鸿顺,21.52,1.75,237.77,3.74,3856384000.0
002328,新朋股份,6.4,1.75,26.14,1.49,4939328000.0
300125,*ST聆达,10.5,1.74,-16.47,-4.22,2809799948.0
605090,九丰能源,32.72,1.74,13.75,2.09,22748321839.0
601375,中原证券,4.67,1.74,41.65,1.53,21682271549.0
002570,贝因美,6.45,1.74,49.15,4.05,6966279498.0
002851,麦格米特,80.27,1.74,155.75,7.05,44154299668.0
688133,泰坦科技,25.13,1.74,211.58,1.48,4132301232.0
002436,兴森科技,21.8,1.73,642.54,7.21,37052883673.0
603132,金徽股份,14.12,1.73,29.93,4.38,13809360000.0
300851,交大思诺,28.28,1.73,79.23,1.91,2458476552.0
001289,龙源电力,17.66,1.73,25.21,1.94,147634353456.0
301216,万凯新材,21.16,1.73,117.24,2.02,12129945666.0
688779,五矿新能,7.04,1.73,-506.72,2.03,13581703281.0
300505,川金诺,21.73,1.73,14.72,2.16,5972871275.0
688678,福立旺,28.94,1.72,166.65,4.06,7530171446.0
301225,恒勃股份,95.09,1.72,78.28,6.41,9830404200.0
688709,成都华微,46.78,1.72,417.01,10.48,29791703876.0
300990,同飞股份,70.9,1.72,50.02,5.94,12035228206.0
000006,深振业Ａ,13.03,1.72,-1885.47,3.26,17590435449.0
601033,永兴股份,16.55,1.72,14.98,1.39,14895000000.0
600985,淮北矿业,13.67,1.71,17.84,0.89,36816846552.0
300037,新宙邦,49.43,1.71,37.06,3.69,36962890112.0
002244,滨江集团,11.28,1.71,9.47,1.19,35097087079.0
603906,龙蟠科技,16.13,1.7,-64.88,3.56,11050322705.0
603367,辰欣药业,20.89,1.7,18.57,1.54,9458033755.0
002826,易明医药,20.47,1.69,35.8,4.87,3903173543.0
600210,紫江企业,7.8,1.69,9.19,1.77,11830542032.0
603130,云中马,42.7,1.69,87.24,4.3,5871856340.0
300226,上海钢联,26.64,1.68,38.01,3.96,8490738682.0
002886,沃特股份,21.78,1.68,155.71,3.2,5732573646.0
600027,华电国际,5.46,1.68,7.39,1.3,63400287045.0
002616,长青集团,6.06,1.68,21.28,1.58,5133090312.0
300601,康泰生物,16.92,1.68,288.33,2.08,18898440558.0
688159,有方科技,61.02,1.68,50.97,6.1,5669296196.0
002470,金正大,1.82,1.68,-38.18,2.99,5980570490.0
301389,隆扬电子,64.7,1.68,168.35,8.24,18342450000.0
002334,英威腾,9.09,1.68,37.53,2.46,7397447454.0
600744,华银电力,6.67,1.68,32.79,10.63,13547598908.0
002104,恒宝股份,23.54,1.68,335.29,7.79,16674209525.0
002026,山东威达,15.71,1.68,22.59,1.83,6920756762.0
603606,东方电缆,63.34,1.67,35.74,5.68,43559891409.0
002546,新联电子,7.31,1.67,8.55,1.63,6096898892.0
600369,西南证券,4.87,1.67,38.24,1.26,32361681434.0
300726,宏达电子,45.78,1.67,43.21,3.75,18854028104.0
001696,宗申动力,23.94,1.66,27.11,5.23,27411944465.0
600835,上海机电,25.72,1.66,26.8,1.91,26304855002.0
002824,和胜股份,19.55,1.66,45.32,2.69,6059703103.0
600095,湘财股份,12.91,1.65,62.67,3.02,36912113762.0
600208,衢州发展,4.31,1.65,70.58,0.88,36673534848.0
002091,江苏国泰,8.62,1.65,12.88,0.92,14030251844.0
000166,申万宏源,5.55,1.65,16.22,1.28,138971692308.0
603988,中电电机,27.08,1.65,91.06,9.55,6369216000.0
603535,嘉诚国际,11.17,1.64,28.77,2.17,5706956685.0
688353,华盛锂电,43.3,1.64,-50.3,2.09,6906350000.0
002540,亚太科技,6.8,1.64,21.66,1.57,8504620002.0
300809,华辰装备,39.0,1.64,171.22,6.01,9888028800.0
600550,保变电气,8.7,1.64,82.34,20.46,16021297776.0
600063,皖维高新,6.19,1.64,25.28,1.49,12807768919.0
301039,中集车辆,9.29,1.64,21.01,1.2,17410615862.0
002324,普利特,13.68,1.63,35.11,3.33,15216759873.0
300698,万马科技,44.77,1.63,137.67,11.65,5999180000.0
605068,明新旭腾,28.73,1.63,-88.47,3.1,4659962761.0
300772,运达股份,18.07,1.63,42.41,2.15,14218338029.0
601881,中国银河,18.14,1.62,15.29,1.74,198350056924.0
600155,华创云信,7.52,1.62,105.55,0.84,16645839427.0
300709,精研科技,49.43,1.62,45.77,4.01,9197770342.0
002611,东方精工,18.19,1.62,32.54,4.06,22142438525.0
002279,久其软件,7.57,1.61,-169.87,4.66,6526906013.0
300182,捷成股份,6.33,1.61,59.56,2.01,16862016251.0
002015,协鑫能科,10.7,1.61,17.09,1.41,17369573370.0
300360,炬华科技,15.76,1.61,12.67,1.92,8103589106.0
688429,时创能源,15.77,1.61,-17.6,4.18,6308012616.0
002481,双塔食品,5.71,1.6,153.39,2.87,7044407015.0
600288,大恒科技,15.23,1.6,72.58,3.5,6652464000.0
600179,安通控股,4.44,1.6,21.23,1.64,18787979787.0
002194,武汉凡谷,12.67,1.6,-634.18,3.48,8657231162.0
000970,中科三环,14.07,1.59,194.41,2.65,17105261626.0
688100,威胜信息,37.71,1.59,29.33,5.55,18541447949.0
001382,新亚电缆,21.75,1.59,87.08,5.63,8961000000.0
920132,泰鹏智能,22.36,1.59,77.57,7.15,1851944640.0
688282,理工导航,59.89,1.59,-1850.05,4.16,5270320000.0
002892,科力尔,14.1,1.59,173.54,8.05,10486888536.0
300821,东岳硅材,9.0,1.58,2835.45,2.21,10800000000.0
603119,浙江荣泰,99.7,1.58,146.93,19.28,36265092355.0
002916,深南电路,227.8,1.58,48.98,9.38,151883553101.0
600206,有研新材,23.08,1.58,75.07,4.94,19538450903.0
603508,思维列控,33.65,1.57,21.13,3.42,12829882786.0
688710,益诺思,45.16,1.57,-209.57,2.73,6366639413.0
000059,华锦股份,5.18,1.57,-4.46,0.82,8285112342.0
603619,中曼石油,20.1,1.57,15.48,2.22,9293003066.0
002929,润建股份,45.19,1.57,1495.89,2.03,12837714566.0
300162,雷曼光电,7.83,1.56,277.85,3.67,3284763535.0
001400,江顺科技,66.24,1.56,45.54,3.23,3974400000.0
688169,石头科技,188.35,1.56,36.02,3.64,48802684413.0
300082,奥克股份,8.46,1.56,-657.68,2.1,5753630772.0
300467,迅游科技,25.36,1.56,218.79,8.07,5153276188.0
300554,三超新材,26.17,1.55,-115.87,4.68,2988916970.0
600566,济川药业,24.85,1.55,16.78,1.65,22878417401.0
300366,ST创意,6.61,1.54,-15.13,2.45,4016078352.0
300386,飞天诚信,17.78,1.54,536.98,5.04,7432822320.0
300602,飞荣达,33.65,1.54,51.31,4.93,19579704453.0
002317,众生药业,17.85,1.54,40.37,3.84,15171259014.0
300080,易成新能,5.29,1.54,-28.04,2.05,9910182506.0
002741,光华科技,21.16,1.54,81.64,5.12,9839872080.0
002297,博云新材,9.27,1.53,132.65,2.52,5312681672.0
002017,东信和平,25.29,1.53,97.92,8.3,14679122979.0
601222,林洋能源,5.97,1.53,18.98,0.79,12299209861.0
603097,江苏华辰,27.21,1.53,47.32,4.28,4474276350.0
002797,第一创业,7.98,1.53,34.53,1.97,33535152000.0
603290,斯达半导,115.74,1.53,54.44,4.01,27716658955.0
600390,五矿资本,6.01,1.52,26.88,0.64,27033373409.0
002241,歌尔股份,34.1,1.52,34.98,3.31,120675518014.0
000839,国安股份,2.67,1.52,929.46,6.82,10465936360.0
603697,有友食品,12.06,1.52,23.78,2.88,5157966702.0
300747,锐科激光,26.75,1.52,92.13,4.48,15108466634.0
688379,华光新材,49.01,1.51,17.92,4.06,4415091335.0
600708,光明地产,4.04,1.51,-9.75,0.99,9003692442.0
688188,柏楚电子,142.98,1.51,34.24,7.09,41282604962.0
002891,中宠股份,57.21,1.51,39.18,6.02,17413374988.0
601456,国联民生,11.4,1.51,28.72,1.27,64758757988.0
601162,天风证券,5.37,1.51,861.6,1.98,54097300707.0
300337,银邦股份,10.09,1.51,97.27,4.8,8293214663.0
688699,明微电子,41.0,1.51,-63.82,3.75,4512650240.0
001386,马可波罗,27.02,1.5,22.79,2.63,32286738400.0
603639,海利尔,14.93,1.5,18.3,1.47,5074383556.0
000668,*ST荣控,10.14,1.5,-40.75,2.11,1488976765.0
601882,海天精工,20.3,1.5,22.36,3.85,10596600000.0
600906,财达证券,7.42,1.5,32.15,2.01,24077900000.0
002345,潮宏基,14.17,1.5,19.0,3.54,12590225058.0
300680,隆盛科技,55.37,1.5,44.97,6.36,12608639239.0
601311,骆驼股份,10.15,1.5,14.43,1.21,11907433098.0
300540,蜀道装备,18.98,1.5,168.17,3.95,4357031908.0
600560,金自天正,18.23,1.5,82.13,4.22,4077057465.0
300308,中际旭创,520.72,1.5,72.41,25.86,578581538880.0
300644,南京聚隆,36.9,1.49,30.36,4.06,4082741386.0
002535,林州重机,4.09,1.49,32.44,4.77,3278883773.0
000833,粤桂股份,15.63,1.49,21.18,3.21,12536545114.0
002152,广电运通,12.97,1.49,34.56,2.56,32209476187.0
601336,新华保险,70.05,1.49,7.38,2.62,218524239330.0
301125,腾亚精工,21.21,1.48,1672.99,4.97,3006685483.0
002268,电科网安,17.84,1.48,-53.05,2.8,15086147721.0
603181,皇马科技,17.17,1.48,22.47,3.03,10107979000.0
600933,爱柯迪,22.63,1.48,19.53,2.5,23311898792.0
002698,博实股份,16.46,1.48,29.66,4.24,16831358521.0
601788,光大证券,19.21,1.48,26.32,1.49,88573230545.0
002701,奥瑞金,6.19,1.48,8.77,1.64,15844917303.0
600873,梅花生物,10.96,1.48,7.62,1.91,30734488484.0
688349,三一重能,29.78,1.47,86.92,2.74,36522317523.0
688728,格科微,16.57,1.47,723.94,5.55,43091721072.0
600111,北方稀土,51.82,1.47,91.15,7.84,187332711932.0
688235,百济神州-U,289.19,1.47,495.29,16.59,445548615585.0
300382,斯莱克,14.62,1.46,485.88,4.12,9479607912.0
603360,百傲化学,29.22,1.46,123.82,13.7,20635855170.0
600318,新力金融,9.73,1.46,93.84,4.56,4988839859.0
002968,新大正,12.5,1.46,20.43,2.23,2828472288.0
601878,浙商证券,11.82,1.46,23.53,1.5,54062276273.0
300209,有棵树,6.25,1.46,1546.12,6.06,5803975788.0
300908,仲景食品,29.83,1.46,21.23,2.47,4355180000.0
000014,沙河股份,22.34,1.45,-142.6,3.37,5407312644.0
301160,翔楼新材,63.66,1.45,36.51,4.24,7374964847.0
002090,金智科技,11.92,1.45,77.08,3.13,4774878686.0
301550,斯菱股份,120.75,1.45,103.31,10.5,19259625000.0
688065,凯赛生物,50.28,1.45,58.75,2.08,36266450842.0
600184,光电股份,18.25,1.45,323.37,3.14,10634776291.0
600918,中泰证券,7.06,1.44,34.35,1.29,48866942587.0
688605,先锋精科,68.55,1.44,64.29,8.92,13873139129.0
688185,康希诺,77.4,1.44,994.76,3.88,19152622183.0
605198,安德利,46.61,1.44,42.05,5.82,15903332000.0
001215,千味央厨,39.68,1.43,53.77,2.06,3855326497.0
000949,新乡化纤,4.27,1.43,57.85,1.11,7260408767.0
600641,万业企业,19.88,1.43,743.32,2.27,18500922810.0
000100,TCL科技,4.26,1.43,23.52,1.42,88611674024.0
002815,崇达技术,14.89,1.43,40.92,2.13,18132230852.0
300863,卡倍亿,50.5,1.43,51.82,6.65,9502879718.0
601066,中信建投,27.13,1.42,23.34,2.64,210439129843.0
000739,普洛药业,15.67,1.42,19.44,2.8,18152810836.0
002639,雪人集团,11.44,1.42,169.26,3.53,8838568916.0
688332,中科蓝讯,143.0,1.42,61.24,4.21,17245542600.0
300767,震安科技,25.05,1.42,-232.69,4.28,6921090251.0
603538,美诺华,22.92,1.42,39.54,2.25,5056571757.0
300322,硕贝德,24.21,1.42,164.73,11.17,11137523684.0
603399,永杉锂业,10.0,1.42,-17.78,3.14,5122906490.0
001914,招商积余,11.44,1.42,13.26,1.12,12130358926.0
301229,纽泰格,22.2,1.42,91.28,3.24,3842254411.0
002145,钛能化学,5.7,1.42,51.49,1.8,21698031443.0
300083,创世纪,10.0,1.42,35.89,3.07,16648625890.0
301616,浙江华业,56.67,1.41,18.79,3.18,4533600000.0
603297,永新光学,104.6,1.41,57.62,5.81,11603978820.0
301589,诺瓦星云,170.68,1.41,26.58,4.12,15779024640.0
002981,朝阳科技,31.13,1.4,32.43,3.69,4279942760.0
301263,泰恩康,31.9,1.4,324.15,7.83,13573370250.0
605589,圣泉集团,30.39,1.4,25.4,2.5,25722156719.0
300727,润禾材料,37.55,1.4,53.16,5.21,6754019105.0
600114,东睦股份,31.25,1.4,35.63,6.08,19730733656.0
002828,贝肯能源,11.59,1.4,60.22,3.35,2329446284.0
300591,万里马,9.41,1.4,-43.49,15.03,3817390242.0
600876,凯盛新能,10.83,1.4,-7.79,1.96,6992659849.0
002266,浙富控股,4.34,1.4,23.0,1.93,22651637885.0
300255,常山药业,58.52,1.39,-900.04,35.45,53783442581.0
301517,陕西华达,45.91,1.39,-364.01,5.18,6943308116.0
002860,星帅尔,14.6,1.39,22.25,2.31,5251802734.0
605277,新亚电子,24.02,1.39,36.83,4.82,7789620209.0
688776,国光电气,88.85,1.39,-392.9,5.23,9629866778.0
002513,蓝丰生化,8.11,1.38,-28.02,-204.07,2883623862.0
000767,晋控电力,2.94,1.38,21.51,1.44,9046210124.0
301132,满坤科技,37.38,1.38,40.69,3.05,5535463988.0
300619,金银河,45.54,1.38,502.9,5.02,7923944425.0
301510,固高科技,32.36,1.38,217.59,9.19,12944323600.0
600810,神马股份,9.53,1.38,-130.64,1.3,9816719399.0
601003,柳钢股份,5.17,1.37,15.07,1.47,13249640844.0
002915,中欣氟材,25.95,1.37,809.7,6.46,8445904331.0
301048,金鹰重工,12.57,1.37,40.16,2.44,6704000838.0
601618,中国中冶,3.7,1.37,12.37,0.75,76677390929.0
688750,金天钛业,21.5,1.37,122.66,4.07,9943750000.0
000837,秦川机床,13.41,1.36,216.35,2.81,13720385674.0
600188,兖矿能源,14.89,1.36,16.06,2.5,149458085300.0
300048,合康新能,5.97,1.36,68.24,3.67,6732726346.0
603063,禾望电气,31.23,1.36,32.07,2.84,14294977231.0
300196,长海股份,15.6,1.36,18.57,1.37,6375983390.0
600060,海信视像,24.6,1.36,14.78,1.57,32102317448.0
600004,白云机场,9.72,1.36,15.34,1.23,23004501711.0
002880,卫光生物,27.67,1.36,29.15,2.76,6275556000.0
002792,通宇通讯,19.4,1.36,302.19,3.65,10183708057.0
688321,微芯生物,29.12,1.36,200.65,7.96,11875356118.0
600366,宁波韵升,14.19,1.36,72.31,2.62,15595392514.0
001337,四川黄金,27.52,1.36,23.49,6.67,11558400000.0
603111,康尼机电,8.19,1.36,22.8,1.83,7060031204.0
688615,合合信息,185.4,1.35,55.13,9.64,25956000000.0
002947,恒铭达,47.33,1.35,22.3,3.72,12126387873.0
300963,中洲特材,23.33,1.35,149.06,9.7,10700071200.0
600282,南钢股份,5.26,1.35,11.18,1.2,32428378718.0
301558,三态股份,9.03,1.35,167.75,5.25,7123326544.0
688370,丛麟科技,27.21,1.34,181.58,1.42,3730705388.0
688368,晶丰明源,106.1,1.34,301.83,8.1,9388840034.0
688015,交控科技,24.94,1.34,41.51,1.81,4705697705.0
000795,英洛华,10.7,1.33,45.31,4.67,12130419902.0
688352,颀中科技,13.73,1.33,66.35,2.71,16325481964.0
002906,华阳集团,31.33,1.33,21.97,2.43,16445713555.0
600563,法拉电子,131.72,1.33,26.02,5.48,29637000000.0
601236,红塔证券,9.16,1.33,32.22,1.73,43205775717.0
002553,南方精工,29.7,1.33,21.15,7.06,10335600000.0
600795,XD国电电,5.35,1.33,10.56,1.56,95420562089.0
603306,华懋科技,51.36,1.32,73.58,5.45,16922545230.0
002037,保利联合,10.76,1.32,-39.35,2.77,5206587170.0
603588,高能环境,7.67,1.32,13.56,1.22,11683208285.0
000703,恒逸石化,6.89,1.32,80.56,1.07,24822038805.0
002606,大连电瓷,9.19,1.32,26.23,2.22,4035082892.0
600370,三房巷,2.3,1.32,-16.54,1.76,8962343569.0
600609,金杯汽车,4.62,1.32,29.29,4.02,6027060538.0
301086,鸿富瀚,82.7,1.3,68.36,3.85,7443000000.0
300999,金龙鱼,31.35,1.29,48.41,1.79,169966894654.0
001255,博菲电气,33.73,1.29,285.4,3.71,2741709320.0
601990,南京证券,8.61,1.29,25.57,1.76,31739568503.0
000669,ST金鸿,3.14,1.29,-35.33,490.23,2136483623.0
002501,利源股份,2.36,1.29,-71.06,31.78,8378000000.0
300253,卫宁健康,8.63,1.29,-59.38,3.39,19112240960.0
688016,心脉医疗,105.42,1.29,22.71,3.22,12994292374.0
688579,山大地纬,11.82,1.29,119.55,3.46,4728118200.0
600808,马钢股份,3.96,1.28,-203.9,1.28,30494697497.0
601985,中国核电,9.51,1.28,18.33,1.69,195601699724.0
600536,中国软件,52.03,1.28,-350.24,13.78,48584915966.0
688109,品茗科技,126.6,1.28,154.57,12.54,9981435180.0
301141,中科磁业,60.2,1.28,166.17,5.84,7466762821.0
600623,华谊集团,7.96,1.27,32.09,0.76,16897736989.0
000935,四川双马,19.94,1.27,59.19,2.0,15223000240.0
603665,康隆达,26.4,1.27,18.97,6.02,4253331905.0
301109,军信股份,15.14,1.27,14.8,1.56,11946986748.0
600456,宝钛股份,32.27,1.26,40.22,2.18,15417881184.0
002558,巨人网络,37.92,1.26,38.84,4.84,73365743169.0
002444,巨星科技,30.44,1.26,14.28,2.04,36359915860.0
601595,上海电影,28.08,1.26,117.06,7.44,12585456000.0
688097,博众精工,33.82,1.26,46.45,3.34,15105627412.0
002423,中粮资本,12.97,1.25,17.63,1.37,29884249308.0
301046,能辉科技,25.83,1.25,126.41,4.84,3933803459.0
002967,广电计量,21.01,1.25,38.48,3.58,12253995224.0
002945,华林证券,16.98,1.25,68.17,6.48,45846000000.0
002588,史丹利,9.72,1.25,10.3,1.53,11196390046.0
603129,春风动力,256.89,1.25,20.77,5.44,39195675848.0
300890,翔丰华,35.59,1.25,159.28,2.06,4236381409.0
601231,环旭电子,26.18,1.24,34.21,3.1,57620671430.0
603577,汇金通,9.77,1.24,26.96,1.73,3313389007.0
688017,绿的谐波,161.91,1.24,277.85,8.56,29682980539.0
000712,锦龙股份,13.92,1.24,49.95,4.98,12472320000.0
688278,特宝生物,71.89,1.24,32.93,9.72,29244852000.0
688469,芯联集成-U,6.51,1.24,-88.39,4.13,54571293490.0
600157,永泰能源,1.65,1.23,136.45,0.76,35999310839.0
002440,闰土股份,7.39,1.23,27.68,0.87,8306359298.0
603381,永臻股份,21.35,1.23,1734.26,1.42,5065422560.0
000902,新洋丰,14.84,1.23,10.17,1.62,18620243404.0
600230,沧州大化,12.39,1.23,109.66,1.28,5128976976.0
688155,先惠技术,66.81,1.23,30.62,4.06,8383274238.0
688345,博力威,38.6,1.23,60.33,3.54,3904370700.0
603688,石英股份,42.96,1.23,129.13,4.01,23270499295.0
300377,赢时胜,20.58,1.23,-268.27,6.13,15455643386.0
002819,东方中科,29.55,1.23,-80.79,2.2,8853478455.0
002130,沃尔核材,30.37,1.23,34.92,6.2,38263119328.0
002408,齐翔腾达,4.93,1.23,-72.11,1.23,14015221842.0
601136,首创证券,21.49,1.22,54.82,4.28,58739343362.0
600236,桂冠电力,7.45,1.22,24.72,3.35,58723714625.0
300149,睿智医药,11.63,1.22,612.51,4.62,5791321227.0
300327,中颖电子,29.0,1.22,130.15,5.66,9899734988.0
301518,长华化学,34.0,1.22,46.99,3.24,4766058936.0
603275,众辰科技,48.18,1.22,38.38,2.45,7167827781.0
600375,汉马科技,7.48,1.22,221.33,3.59,11990973825.0
002595,豪迈科技,68.87,1.22,23.11,4.84,55096000000.0
002311,海大集团,57.38,1.22,17.28,3.78,95465973279.0
688271,联影医疗,146.56,1.21,80.87,5.83,120788594721.0
603236,移远通信,98.96,1.21,26.48,5.73,25893641440.0
300786,国林科技,17.51,1.21,-136.32,2.9,3222118041.0
002276,万马股份,17.65,1.2,32.61,2.93,17902215605.0
301566,达利凯普,18.53,1.2,44.01,5.15,7412185300.0
688325,赛微微电,94.5,1.2,98.47,4.73,8140136918.0
002657,中科金财,31.15,1.2,-71.0,6.09,10592619644.0
002112,三变科技,13.46,1.2,73.94,4.55,3959007056.0
002275,桂林三金,15.15,1.2,17.33,2.74,8901664290.0
603898,好莱客,10.14,1.2,75.51,1.0,3157038929.0
688533,上声电子,27.92,1.2,25.27,2.86,4546695360.0
600571,信雅达,16.88,1.2,-74.77,6.87,7871453056.0
300399,天利科技,29.79,1.19,758.74,11.47,5886504000.0
600345,长江通信,27.3,1.19,-880.19,2.59,8998411204.0
300191,潜能恒信,20.49,1.19,-270.37,6.17,6556800000.0
300813,泰林生物,29.68,1.19,183.24,4.55,3597192820.0
300032,金龙机电,5.12,1.19,103.98,5.95,4112228393.0
688167,炬光科技,163.03,1.19,4891.31,6.83,14649798198.0
300473,德尔股份,31.37,1.19,44.83,2.78,4736026178.0
603319,美湖股份,38.33,1.19,75.81,5.24,12999607158.0
000021,深科技,29.81,1.19,46.49,3.68,46848594648.0
301487,盟固利,25.58,1.19,1203.44,6.24,11756988484.0
603341,龙旗科技,46.75,1.19,32.44,3.82,21943587182.0
300753,爱朋医疗,30.56,1.19,-251.56,5.66,3852026880.0
301636,泽润新能,54.05,1.18,48.89,3.2,3452055833.0
600776,东方通信,12.89,1.18,33.33,4.28,16189840825.0
600863,内蒙华电,4.27,1.18,9.47,1.61,27869810953.0
603596,伯特利,47.36,1.17,24.17,3.93,28724352435.0
301439,泓淋电力,15.52,1.17,31.72,2.04,6038860076.0
002703,浙江世宝,13.81,1.17,56.93,5.56,11360553223.0
000425,徐工机械,10.35,1.17,13.96,2.01,121643265189.0
300002,神州泰岳,12.11,1.17,24.66,3.14,23822475517.0
000543,皖能电力,8.67,1.17,7.73,1.14,19653705080.0
600123,兰花科创,6.91,1.17,88.56,0.63,10180088545.0
000564,供销大集,2.62,1.16,4442.36,3.07,47312125987.0
601101,昊华能源,7.85,1.16,15.3,0.94,11303983719.0
600010,包钢股份,2.62,1.16,382.63,2.28,118656182692.0
300232,洲明科技,7.86,1.16,50.99,1.84,8576102128.0
603070,万控智造,14.09,1.15,70.46,2.62,5650090000.0
601001,晋控煤业,14.95,1.15,14.7,1.33,25021815000.0
600582,天地科技,6.17,1.15,8.18,1.0,25535093464.0
600094,大名城,5.28,1.15,35.75,1.18,12275736238.0
002019,亿帆医药,13.18,1.15,26.4,1.83,16032021320.0
301100,风光股份,22.06,1.15,-82.85,2.21,4412000000.0
601369,陕鼓动力,8.77,1.15,18.36,1.72,15114871295.0
600167,联美控股,8.83,1.15,19.04,1.84,19980881288.0
300251,光线传媒,16.77,1.15,15.8,4.58,49196278005.0
603305,旭升集团,14.99,1.15,38.38,1.92,15401871236.0
002183,怡 亚 通,5.26,1.15,291.1,1.48,13660267819.0
002884,凌霄泵业,17.55,1.15,13.4,2.71,6277328033.0
601096,宏盛华源,4.39,1.15,31.12,2.56,11743930836.0
002206,海 利 得,6.16,1.15,12.09,1.88,7159196475.0
600322,津投城开,2.63,1.15,-2.8,-5.8,2907991000.0
002650,ST加加,7.08,1.14,-339.15,4.4,8156161416.0
301286,侨源股份,27.43,1.14,45.51,5.75,10974743000.0
603565,中谷物流,11.5,1.14,11.27,2.53,24150725685.0
300024,机器人,18.6,1.14,-136.92,6.78,29120531070.0
603757,大元泵业,42.65,1.14,42.61,3.78,7956240596.0
600783,鲁信创投,15.11,1.14,25.87,2.47,11247268932.0
002410,广联达,14.37,1.13,57.22,3.99,23738440195.0
002605,姚记科技,25.97,1.13,21.2,3.06,10845784071.0
600741,华域汽车,19.91,1.12,10.04,0.97,62770734521.0
002747,埃斯顿,24.29,1.12,1583.07,10.58,21157038223.0
600606,绿地控股,1.8,1.12,-3.61,0.42,25297592965.0
301498,乖宝宠物,73.43,1.12,42.99,6.56,29406720641.0
002938,鹏鼎控股,58.55,1.12,55.04,4.35,135721886987.0
600460,士兰微,32.63,1.12,102.53,4.41,54298664302.0
300715,凯伦股份,12.61,1.12,135.38,2.56,4767278972.0
002415,海康威视,33.35,1.12,24.6,3.9,305648466193.0
002458,益生股份,9.0,1.12,234.95,2.37,9957716235.0
000415,渤海租赁,3.61,1.12,-5.53,0.78,22326121828.0
300667,必创科技,16.3,1.12,-208.92,2.94,3335567436.0
300752,隆利科技,20.99,1.11,77.65,3.94,4796193086.0
300628,亿联网络,36.4,1.11,17.66,5.32,46109004287.0
603966,法兰泰克,11.81,1.11,20.66,2.33,4708655692.0
000762,西藏矿业,24.82,1.1,-1344.21,4.39,12935542155.0
300122,智飞生物,20.25,1.1,-30.14,1.65,48474242377.0
000301,东方盛虹,9.17,1.1,78.48,1.8,60624980631.0
301008,宏昌科技,40.81,1.09,159.14,3.57,5344609580.0
003021,兆威机电,119.47,1.09,119.01,8.44,28757408654.0
300910,瑞丰新材,55.66,1.09,21.51,4.5,16471757573.0
688500,慧辰股份,71.36,1.09,-93.37,7.35,5373173226.0
688213,思特威-W,113.46,1.09,48.89,9.88,45592944759.0
688777,中控技术,53.56,1.09,73.64,4.15,42376111066.0
300701,森霸传感,13.02,1.09,45.03,3.78,3681211249.0
600507,方大特钢,5.54,1.09,12.18,1.28,12815060911.0
002690,美亚光电,20.47,1.09,26.1,6.63,18059351474.0
603016,新宏泰,26.79,1.09,62.26,4.81,3969206400.0
002498,汉缆股份,3.76,1.08,21.7,1.5,12508752960.0
002801,微光股份,34.49,1.08,20.42,4.31,7920007680.0
301509,金凯生科,38.32,1.08,33.47,2.09,4615516356.0
603087,甘李药业,71.41,1.08,35.33,3.89,42653547836.0
600629,华建集团,24.44,1.08,112.76,4.47,23715076826.0
301071,力量钻石,40.44,1.07,170.6,1.99,10525412338.0
605378,野马电池,24.51,1.07,104.58,5.23,6405600264.0
300679,电连技术,52.91,1.07,45.22,4.47,22477226200.0
688289,圣湘生物,21.78,1.07,38.78,1.74,12619070771.0
003006,百亚股份,23.7,1.07,31.23,6.93,10182652623.0
002571,德力股份,8.51,1.07,-27.86,3.42,3335500457.0
605016,百龙创园,19.82,1.07,23.59,4.43,8324644182.0
000766,通化金马,25.48,1.07,739.87,10.7,24626285134.0
600513,联环药业,20.71,1.07,-126.46,4.43,5911799352.0
601026,道生天合,23.72,1.07,76.42,5.9,15640968000.0
605066,天正电气,7.65,1.06,23.58,2.19,3861338456.0
603317,天味食品,11.4,1.06,31.95,2.91,12140957752.0
000799,酒鬼酒,62.83,1.06,1139.89,5.4,20415287813.0
300148,天舟文化,4.77,1.06,53.88,3.9,4019733106.0
600881,亚泰集团,1.9,1.06,-4.84,3.62,6141086877.0
688136,科兴制药,38.1,1.06,51.69,4.51,7667901225.0
301361,众智科技,33.4,1.06,41.25,3.21,3885622400.0
688535,华海诚科,111.54,1.05,336.68,8.85,9000882368.0
600621,华鑫股份,17.3,1.05,27.23,2.05,18353557752.0
603881,数据港,33.6,1.05,151.04,7.31,24137467166.0
600196,复星医药,28.91,1.05,22.95,1.61,77202111786.0
002225,濮耐股份,5.8,1.05,53.16,1.63,6723587053.0
688577,浙海德曼,114.69,1.05,309.9,12.79,12762672119.0
600691,潞化科技,2.89,1.05,-15.02,1.83,6866587841.0
688072,拓荆科技,326.91,1.05,487.42,16.57,91915300356.0
300655,晶瑞电材,18.44,1.04,115.6,7.75,19785594147.0
603219,富佳股份,17.57,1.04,63.16,6.13,9863798000.0
002156,通富微电,44.6,1.04,58.99,4.46,67684822275.0
300017,网宿科技,11.62,1.04,34.79,2.82,28578806409.0
603230,内蒙新华,12.61,1.04,16.59,1.59,4457925030.0
688231,隆达股份,20.49,1.04,53.47,1.82,5058102860.0
301012,扬电科技,25.31,1.04,107.81,4.27,4985061700.0
300729,乐歌股份,14.7,1.03,22.29,1.38,5021706352.0
300846,首都在线,21.52,1.03,-81.55,12.7,10809410264.0
000895,双汇发展,25.41,1.03,16.68,4.35,88037041422.0
603006,联明股份,14.65,1.03,47.82,2.86,3724824763.0
300057,万顺新材,5.87,1.03,-45.39,1.02,5269743069.0
300380,安硕信息,47.49,1.02,375.59,16.99,6574470485.0
300250,初灵信息,25.67,1.02,694.52,10.47,5495112186.0
002471,中超控股,4.96,1.02,511.69,3.85,6789049600.0
002004,华邦健康,4.95,1.02,12.01,1.01,9800599995.0
301176,逸豪新材,28.63,1.02,-187.52,3.19,4840378676.0
600510,黑牡丹,8.94,1.02,108.47,0.89,9226307586.0
600859,王府井,13.89,1.02,96.24,0.8,15611407479.0
002773,康弘药业,32.77,1.02,21.92,3.29,30191687663.0
300164,通源石油,5.99,1.01,47.02,2.42,3524867188.0
603222,济民健康,10.02,1.01,-49.92,3.7,5261407962.0
002095,生 意 宝,19.93,1.01,-357.57,5.71,5036709600.0
601011,宝泰隆,4.02,1.01,114.7,1.34,7700971447.0
002284,亚太股份,14.05,1.01,23.71,3.25,10384359889.0
603917,合力科技,14.97,1.01,92.84,1.82,3051484800.0
688186,广大特材,26.05,1.01,22.03,1.53,7306747724.0
605006,山东玻纤,7.97,1.01,278.96,1.92,4869413446.0
002950,奥美医疗,10.03,1.01,13.66,1.7,6351652032.0
600251,冠农股份,8.99,1.01,15.1,1.84,6985172311.0
600545,卓郎智能,3.04,1.0,-17.07,1.7,5435253155.0
002034,旺能环境,17.11,1.0,10.1,1.07,7425483042.0
600470,六国化工,6.08,1.0,-11.47,1.95,3171328000.0
600030,中信证券,30.3,1.0,14.54,1.6,449062568919.0
301235,华康洁净,31.35,1.0,41.43,1.86,3378700448.0
605128,上海沿浦,42.32,1.0,52.95,4.29,8935390038.0
600012,皖通高速,15.18,1.0,13.17,2.09,25936424875.0
600763,通策医疗,42.99,0.99,28.09,4.43,19228959140.0
300072,海新能科,4.08,0.99,124.07,1.59,9586858832.0
300938,信测标准,27.51,0.99,32.41,3.69,6698584533.0
301356,天振股份,25.57,0.99,48.6,1.84,5523120000.0
300506,*ST名家,4.07,0.99,-18.71,-166.36,2831078036.0
001323,慕思股份,27.45,0.99,19.18,2.7,11942966972.0
002634,棒杰股份,5.1,0.99,-1.94,-3.86,2342697816.0
603123,翠微股份,12.19,0.99,-24.02,5.03,9736599946.0
000011,深物业A,11.17,0.99,154.95,1.96,6657086458.0
603662,柯力传感,68.11,0.99,55.34,6.72,19127322309.0
000595,*ST宝实,5.1,0.99,36.96,11.41,5807147467.0
688560,明冠新材,14.25,0.99,-29.14,1.07,2868552332.0
300948,冠中生态,20.64,0.98,-322.9,3.41,3280071916.0
002207,准油股份,8.26,0.98,-57.18,44.75,2164577422.0
002402,和而泰,55.55,0.98,63.91,9.78,51372989132.0
600323,瀚蓝环境,28.74,0.98,10.95,1.65,23433076976.0
605020,永和股份,27.9,0.98,22.78,2.52,14250273080.0
300842,帝科股份,64.07,0.98,231.26,5.1,9082718121.0
603559,ST通脉,8.27,0.98,-38.33,3.49,3318560616.0
000881,中广核技,8.21,0.98,-38.88,1.51,7761945941.0
002805,丰元股份,14.38,0.98,-8.07,4.08,4027298865.0
300872,天阳科技,22.68,0.98,143.73,3.04,11070586162.0
300300,海峡创新,9.28,0.98,-269.24,43.62,6188340735.0
301091,深城交,30.78,0.98,282.64,6.86,16229678400.0
002055,得润电子,7.28,0.97,45.5,3.08,4400687324.0
002859,洁美科技,33.45,0.97,61.45,4.92,14414851213.0
688396,华润微,54.31,0.97,106.4,3.18,72098121605.0
002384,东山精密,74.62,0.97,83.8,6.41,136674554038.0
301632,广东建科,29.25,0.97,600.06,4.59,12242880000.0
600500,中化国际,4.16,0.97,-8.43,1.26,14928258147.0
601016,节能风电,3.15,0.96,20.28,1.16,20287196339.0
002648,卫星化学,17.9,0.96,12.04,1.88,60298757851.0
000719,中原传媒,12.65,0.96,13.0,1.11,12943527425.0
603656,泰禾智能,22.15,0.96,105.85,3.08,4061764180.0
002746,仙坛股份,6.29,0.96,21.02,1.19,5412788593.0
002299,圣农发展,16.91,0.96,13.6,1.85,21021019202.0
601330,绿色动力,7.37,0.96,12.29,1.25,10269756135.0
603107,上海汽配,15.91,0.95,29.8,2.54,5366999850.0
603366,日出东方,9.61,0.95,159.74,1.88,7813392251.0
603602,纵横通信,14.91,0.95,83.83,3.22,3419433964.0
688105,诺唯赞,23.33,0.95,1052.03,2.41,9279146912.0
601111,中国国航,8.58,0.94,-41.45,3.51,149707452180.0
600879,航天电子,11.82,0.94,139.85,1.88,38997718128.0
600962,国投中鲁,21.53,0.94,112.55,6.01,5645381300.0
300596,利安隆,40.82,0.94,17.93,1.97,9373074807.0
600989,宝丰能源,18.2,0.94,11.18,2.9,133467152000.0
300522,世名科技,13.9,0.94,181.9,5.57,4482075947.0
000813,德展健康,4.29,0.94,-110.57,1.81,8996582767.0
600416,湘电股份,15.12,0.93,59.21,2.31,22313829646.0
000062,深圳华强,28.17,0.93,61.2,4.28,29463265601.0
688707,振华新材,14.08,0.93,-16.14,1.75,7163062086.0
001359,平安电工,53.28,0.93,36.9,5.0,9883608631.0
300052,ST中青宝,11.97,0.93,-86.15,8.29,3134448759.0
688360,德马科技,21.75,0.93,34.95,3.98,5736468257.0
688660,电气风电,20.56,0.93,-28.1,6.24,27413334704.0
600106,重庆路桥,6.52,0.93,32.62,1.62,8665243404.0
000915,华特达因,33.51,0.93,14.43,2.75,7852448062.0
600064,南京高科,8.7,0.93,5.45,0.8,15053954903.0
688702,盛科通信-U,119.78,0.93,3931.21,21.07,49109800000.0
300706,阿石创,38.02,0.93,-141.8,8.3,5825443372.0
002061,浙江交科,4.33,0.93,12.14,0.73,11563487692.0
688247,宣泰医药,10.8,0.93,53.7,3.76,4896072000.0
600681,百川能源,4.33,0.93,17.64,1.61,5805901327.0
300627,华测导航,32.89,0.92,39.32,6.49,25825618996.0
600348,华阳股份,7.72,0.92,18.58,1.01,27849900000.0
300585,奥联电子,20.81,0.92,802.3,5.0,3560822220.0
301362,民爆光电,43.19,0.91,22.58,1.81,4520697300.0
688052,纳芯微,182.07,0.91,-166.33,4.39,25950151796.0
600552,凯盛科技,12.2,0.91,111.87,2.76,11524204107.0
300677,英科医疗,38.91,0.91,20.67,1.4,25478024540.0
001331,胜通能源,14.36,0.91,68.47,2.68,4052966400.0
600599,*ST熊猫,8.85,0.91,81.25,12.67,1469100000.0
301095,广立微,78.71,0.91,319.39,5.03,15764124436.0
600860,京城股份,12.21,0.91,-212.14,6.24,6684803913.0
688208,道通科技,38.74,0.91,26.55,7.7,25962906504.0
002409,雅克科技,81.88,0.91,37.27,5.09,38968958275.0
000921,海信家电,25.61,0.91,9.46,2.1,35466294589.0
600405,动力源,5.62,0.9,-18.85,12.69,3444102285.0
600172,黄河旋风,6.71,0.9,-16.17,7.99,9677057834.0
600761,安徽合力,21.21,0.9,12.64,1.77,18891593461.0
002043,兔 宝 宝,12.39,0.9,12.25,3.2,10280658007.0
300004,南风股份,11.23,0.9,120.85,3.03,5390328106.0
600029,南方航空,6.76,0.9,39.82,3.31,122497407769.0
000661,长春高新,117.55,0.9,24.39,2.1,47953056534.0
688508,芯朋微,66.09,0.9,36.6,3.2,8678300767.0
605116,奥锐特,22.58,0.89,19.52,3.81,9171888384.0
300624,万兴科技,70.05,0.89,-164.91,12.54,13543209496.0
601606,长城军工,55.47,0.89,-1695.82,18.15,40172949348.0
301162,国能日新,57.74,0.89,76.12,5.01,7655384224.0
301101,明月镜片,40.93,0.89,41.49,4.8,8247890253.0
002219,新里程,2.29,0.88,-151.24,3.94,7757104214.0
300009,安科生物,10.32,0.88,23.47,4.14,17260419383.0
600295,鄂尔多斯,10.33,0.88,12.71,1.38,28911358704.0
603348,文灿股份,21.99,0.87,2200.13,1.6,6915353452.0
688515,裕太微-U,117.6,0.87,-45.14,6.2,9408000000.0
002896,中大力德,91.11,0.87,234.73,14.98,17905180464.0
300765,新诺威,34.75,0.87,-1522.2,13.24,48809604804.0
000988,华工科技,87.38,0.87,49.87,8.06,87860826538.0
301609,山大电力,49.58,0.87,69.36,6.56,8075590400.0
600509,天富能源,8.16,0.87,22.48,1.44,11215082841.0
601965,中国汽研,17.57,0.86,19.84,2.35,17623674365.0
301398,星源卓镁,50.38,0.86,93.89,5.03,5642560000.0
603599,广信股份,11.69,0.86,15.33,1.07,10641048643.0
000897,津滨发展,2.35,0.86,156.65,1.24,3800589750.0
300735,光弘科技,29.42,0.86,85.12,4.57,22578693470.0
688033,天宜新材,7.07,0.86,-9.49,1.15,3974744074.0
300598,诚迈科技,52.85,0.86,-126.92,7.73,11467485012.0
300541,先进数通,16.7,0.85,62.53,4.17,7181743016.0
603004,鼎龙科技,23.72,0.85,34.2,2.7,5586534400.0
603355,莱克电气,27.19,0.85,18.83,2.85,15590622829.0
600861,北京人力,18.91,0.85,7.97,1.5,10705191497.0
688180,君实生物-U,38.96,0.85,-50.36,6.43,39999837374.0
688583,思看科技,90.25,0.85,75.67,6.99,7978100000.0
301210,金杨股份,42.51,0.85,108.53,2.64,4872255338.0
600826,兰生股份,10.73,0.85,32.68,1.84,7892274981.0
300174,元力股份,16.59,0.85,26.27,1.75,6042249872.0
601038,一拖股份,13.07,0.85,11.08,1.87,14686043744.0
300819,聚杰微纤,25.24,0.84,53.81,4.33,3765934200.0
600916,中国黄金,8.42,0.84,22.19,1.97,14145600000.0
601963,重庆银行,10.76,0.84,5.75,0.68,37386543230.0
600792,云煤能源,4.79,0.84,-21.93,1.87,5316534044.0
300319,麦捷科技,13.23,0.84,35.59,2.47,11630438254.0
002935,天奥电子,17.95,0.84,375.05,4.81,7612640019.0
002984,森麒麟,19.13,0.84,14.75,1.46,19816498740.0
002739,万达电影,10.97,0.83,21.62,3.09,23166212427.0
000665,湖北广电,6.09,0.83,-13.4,1.73,6925240425.0
600309,万华化学,61.99,0.83,15.89,1.85,194057936096.0
000920,沃顿科技,13.32,0.83,24.17,3.17,6295313292.0
600959,江苏有线,3.66,0.83,43.89,0.81,18302626731.0
002765,蓝黛科技,13.38,0.83,38.37,3.32,8725473844.0
000883,湖北能源,4.85,0.83,16.43,0.92,31435030007.0
688206,概伦电子,41.36,0.83,194.88,8.91,17998956000.0
688408,中信博,43.05,0.82,58.27,2.22,9430786392.0
301491,汉桑科技,64.86,0.82,40.15,4.0,8366940000.0
600429,三元股份,4.91,0.82,23.54,1.41,7410054371.0
603258,电魂网络,19.57,0.82,-117.31,2.2,4773058419.0
002281,光迅科技,67.3,0.82,56.64,5.55,54301122910.0
301419,阿莱德,35.59,0.82,61.31,4.5,4270800000.0
301061,匠心家居,98.38,0.82,24.55,5.33,21522336910.0
002164,宁波东力,13.48,0.82,92.04,5.01,7173701328.0
300129,泰胜风能,8.56,0.82,27.71,1.74,8002737426.0
688646,ST逸飞,33.12,0.82,-297.58,2.09,3151785577.0
600372,中航机载,12.36,0.82,45.33,1.56,59808762347.0
600382,广东明珠,7.39,0.82,22.23,1.88,5131675778.0
300470,中密控股,36.84,0.82,20.65,2.76,7661310391.0
301015,百洋医药,26.2,0.81,21.68,5.78,13771349900.0
300690,双一科技,33.41,0.81,28.67,3.49,5524307384.0
603887,城地香江,16.1,0.81,131.22,2.72,9804005178.0
600725,云维股份,3.72,0.81,-198.56,16.36,4584788400.0
002109,兴化股份,3.75,0.81,-12.44,1.11,4786011941.0
600830,香溢融通,9.93,0.81,46.54,2.04,4511424878.0
300766,每日互动,36.15,0.81,-197.5,9.09,14270203716.0
688480,赛恩斯,53.8,0.81,51.95,4.54,5128548430.0
601601,中国太保,37.6,0.8,6.49,1.28,361724838708.0
688575,亚辉龙,15.14,0.8,107.2,3.24,8636261752.0
688219,会通股份,12.56,0.8,31.21,2.43,6913495666.0
605338,巴比食品,25.16,0.8,22.89,2.74,6027497216.0
002254,泰和新材,10.11,0.8,175.39,1.23,8666425280.0
603229,奥翔药业,10.14,0.8,24.86,3.47,8419213050.0
300666,江丰电子,98.18,0.8,48.75,5.35,26049184657.0
002872,ST天圣,5.07,0.8,-26.67,0.82,1612260000.0
600715,文投控股,2.51,0.8,1125.32,9.08,10190232285.0
600104,上汽集团,16.69,0.79,15.94,0.65,191856181542.0
002101,广东鸿图,12.82,0.79,30.43,1.09,8517303384.0
300219,鸿利智汇,7.61,0.79,53.17,2.03,5387450081.0
300869,康泰医学,16.54,0.79,530.26,3.83,6645824829.0
603626,科森科技,12.83,0.79,-46.52,3.34,7119106423.0
000680,山推股份,11.49,0.79,15.17,3.04,17236638612.0
601117,中国化学,7.69,0.79,8.32,0.72,46961886914.0
002065,东华软件,10.22,0.79,70.1,2.69,32760029873.0
601966,玲珑轮胎,15.27,0.79,14.36,0.96,22347685969.0
301529,福赛科技,66.82,0.78,39.86,4.15,5668822372.0
000090,天健集团,3.86,0.78,268.74,0.64,7212585375.0
603393,新天然气,29.58,0.78,11.53,1.4,12539592853.0
002592,ST八菱,7.78,0.78,19.41,2.34,2204316401.0
300991,创益通,42.9,0.78,3041.21,9.68,6177600000.0
000926,福星股份,2.59,0.78,-3.14,0.47,4125778765.0
601216,君正集团,5.2,0.78,11.76,1.52,43877690428.0
002527,新时达,18.1,0.78,2071.02,9.59,12001409367.0
600608,*ST沪科,3.9,0.78,905.77,32.98,1282559620.0
603279,景津装备,15.59,0.78,15.48,1.9,8986964630.0
002353,杰瑞股份,50.35,0.78,21.39,2.33,51551141192.0
002594,比亚迪,104.52,0.77,30.72,4.53,952929489494.0
600031,三一重工,22.12,0.77,19.31,2.84,201424473074.0
688584,上海合晶,24.78,0.77,118.02,4.0,16490057987.0
300913,兆龙互连,53.88,0.77,91.43,12.64,16848850522.0
605599,菜百股份,14.39,0.77,12.98,2.69,11192222542.0
600058,五矿发展,9.3,0.76,46.26,1.99,9968769612.0
000157,中联重科,7.99,0.76,12.5,1.21,69101796536.0
600383,金地集团,3.99,0.76,-2.43,0.33,18013188452.0
002223,鱼跃医疗,35.93,0.76,18.43,2.66,36018996059.0
300739,明阳电路,17.33,0.76,63.19,2.38,6275690128.0
300383,光环新网,13.36,0.75,125.42,1.88,24015840436.0
600389,江山股份,24.08,0.75,18.29,2.53,10370052000.0
002930,宏川智慧,10.69,0.75,-200.38,2.07,4890564807.0
000952,广济药业,6.76,0.75,-18.07,2.43,2344032292.0
002399,海普瑞,12.02,0.75,20.9,1.45,17636900372.0
601156,东航物流,16.05,0.75,9.89,1.39,25480266674.0
002230,科大讯飞,53.99,0.75,-1403.91,7.01,124808282448.0
301486,致尚科技,86.95,0.74,51.41,4.28,11188812515.0
600570,恒生电子,32.56,0.74,118.37,6.98,61672902332.0
603767,中马传动,25.84,0.74,236.58,5.74,7975037960.0
688538,和辉光电-U,2.73,0.74,-22.45,4.1,37699764716.0
002580,圣阳股份,13.67,0.74,23.96,2.7,6204389134.0
600526,菲达环保,5.45,0.74,19.11,1.11,4843430478.0
301191,菲菱科思,99.88,0.74,111.23,4.17,6925878960.0
600644,乐山电力,10.84,0.74,396.62,3.06,6268997667.0
000513,丽珠集团,36.6,0.74,14.15,2.37,33090075738.0
300945,曼卡龙,18.02,0.73,34.66,2.84,4722530755.0
000681,视觉中国,20.61,0.73,164.91,4.01,14438900956.0
603019,中科曙光,114.33,0.73,131.42,7.95,167278027585.0
688425,铁建重工,5.49,0.73,21.87,1.64,29280898530.0
300636,同和药业,8.27,0.73,31.13,1.46,3472998864.0
002629,仁智股份,9.63,0.73,-173.17,91.25,4103323740.0
002315,焦点科技,45.36,0.73,25.92,5.5,14389819018.0
300797,钢研纳克,18.03,0.73,51.92,5.46,6901591914.0
600688,上海石化,2.76,0.73,-50.57,1.2,29097624300.0
002557,洽洽食品,22.07,0.73,49.84,2.15,11164223227.0
600098,广州发展,6.94,0.73,7.44,0.9,24333769664.0
603101,汇嘉时代,11.02,0.73,48.35,3.65,5183808000.0
600733,北汽蓝谷,8.27,0.73,-10.09,22.09,46092871208.0
601678,滨化股份,4.21,0.72,38.84,0.76,8659280722.0
002668,TCL智家,9.79,0.72,8.14,3.12,10613450880.0
300879,大叶股份,34.8,0.72,42.67,5.11,7043479388.0
600636,*ST国化,8.35,0.72,262.88,1.8,3662617297.0
688002,睿创微纳,85.02,0.72,41.52,6.51,39129410699.0
688270,臻镭科技,65.56,0.72,104.24,6.31,14033222896.0
301232,飞沃科技,41.9,0.72,51.35,2.23,3149302339.0
000656,*ST金科,1.4,0.72,-0.99,-0.7,14887714285.0
603169,兰石重装,8.42,0.72,101.23,3.28,10998976939.0
000058,深 赛 格,9.85,0.72,97.92,5.82,12127326619.0
002352,顺丰控股,40.75,0.72,17.9,2.15,205356789167.0
002050,三花智控,52.99,0.72,52.85,7.67,223030985296.0
603032,德新科技,22.59,0.71,118.0,4.71,5275096621.0
300696,爱乐达,26.8,0.71,126.04,4.15,7856499944.0
600973,宝胜股份,5.65,0.71,58.24,2.19,7748219301.0
002051,中工国际,8.56,0.71,32.18,0.92,10592220501.0
301021,英诺激光,45.1,0.71,232.98,6.86,6862052133.0
300212,易华录,20.25,0.7,-20.45,53.61,14577821546.0
601669,中国电建,5.77,0.7,9.16,0.69,99394939357.0
688523,航天环宇,25.82,0.7,153.05,6.3,10505641600.0
300346,南大光电,41.6,0.7,71.69,8.35,28752127165.0
920403,康农种业,24.3,0.7,-307.54,5.09,2414474244.0
000818,航锦科技,21.73,0.7,708.16,6.21,14341800847.0
000550,江铃汽车,20.24,0.7,17.49,1.55,17471451360.0
301168,通灵股份,44.87,0.7,90.3,2.49,5384400000.0
600186,莲花控股,5.73,0.7,31.84,5.67,10274503918.0
002232,启明信息,20.14,0.7,-219.53,6.08,8228165884.0
300022,吉峰科技,8.61,0.7,-436.31,8.0,4255409672.0
600192,长城电工,10.11,0.7,-19.91,4.21,4466072280.0
300354,东华测试,48.93,0.7,50.13,8.22,6768007435.0
300119,瑞普生物,21.7,0.7,20.88,2.16,10085177120.0
688221,前沿生物-U,14.45,0.7,-27.8,5.18,5412661536.0
300782,卓胜微,78.85,0.7,-185.29,4.21,42180271162.0
000652,泰达股份,4.29,0.7,67.8,1.11,6330211825.0
002393,力生制药,21.98,0.69,11.45,1.14,5662418561.0
600685,中船防务,27.71,0.69,37.2,2.21,39168261734.0
600216,浙江医药,14.6,0.69,11.28,1.27,14039911150.0
301040,中环海陆,23.49,0.69,-26.64,3.21,2349022762.0
603786,科博达,80.37,0.69,37.67,5.96,32457962979.0
002556,辉隆股份,5.81,0.69,25.04,1.52,5499270045.0
002560,通达股份,8.77,0.69,26.2,1.72,4610727259.0
002349,精华制药,7.44,0.68,26.25,2.28,6172781316.0
001288,运机集团,29.81,0.68,48.96,3.19,7003019842.0
300324,旋极信息,5.89,0.68,-44.02,3.69,10175508605.0
002456,欧菲光,11.92,0.68,-441.42,10.16,40051049689.0
300722,新余国科,32.74,0.68,141.03,14.27,9061007155.0
603901,永创智能,12.04,0.67,34.74,2.4,5871594286.0
603928,兴业股份,15.07,0.67,40.0,2.55,3949545600.0
600710,苏美达,10.58,0.67,9.39,1.68,13825409012.0
688160,步科股份,88.79,0.67,135.84,6.5,8064991571.0
688234,天岳先进,73.66,0.67,23906.36,4.83,35697001951.0
301307,美利信,33.14,0.67,-24.38,2.44,6979284000.0
600380,健康元,11.94,0.67,15.01,1.47,21843673429.0
300572,安车检测,33.15,0.67,-268.67,4.29,7590979118.0
603226,菲林格尔,43.86,0.67,-289.5,17.02,15591869032.0
600352,浙江龙盛,10.49,0.67,18.32,1.0,34127451211.0
600787,中储股份,5.97,0.67,21.86,0.93,12955375105.0
600877,电科芯片,13.59,0.67,955.27,6.52,16091368496.0
300700,岱勒新材,12.19,0.66,-37.58,5.55,4827801020.0
002767,先锋电子,19.73,0.66,106.37,3.48,2959500000.0
300332,天壕能源,6.08,0.66,41.21,1.24,5259910655.0
301622,英思特,78.08,0.66,55.41,5.8,9051961190.0
000402,金 融 街,3.06,0.66,-4.54,0.38,9146125515.0
300917,特发服务,41.32,0.66,57.63,6.01,6983080000.0
600415,小商品城,18.38,0.66,21.86,4.54,100787818574.0
600126,杭钢股份,9.14,0.66,230.12,1.58,30867508219.0
000504,*ST生物,9.2,0.66,435.21,12.53,3036212502.0
300651,金陵体育,23.16,0.65,69.48,3.02,3270416374.0
600425,青松建化,4.68,0.65,34.19,1.19,7510013349.0
000938,紫光股份,28.51,0.64,39.17,5.78,81540877208.0
000925,众合科技,7.81,0.64,-85.73,1.6,5282448591.0
002185,华天科技,12.64,0.64,56.93,2.35,41192264081.0
300185,通裕重工,3.15,0.64,109.83,1.85,12275565397.0
600864,哈投股份,7.85,0.64,22.51,1.23,16332478582.0
601886,江河集团,7.88,0.64,14.63,1.24,8928056233.0
600446,金证股份,17.24,0.64,-215.28,4.41,16227451338.0
000850,华茂股份,4.7,0.64,22.98,0.98,4435225542.0
002847,盐津铺子,70.4,0.64,23.82,8.99,19203689402.0
000002,万  科Ａ,6.31,0.64,-3.15,0.39,75282776762.0
688667,菱电电控,64.3,0.63,39.02,2.0,3357394343.0
601158,重庆水务,4.79,0.63,22.12,1.34,22992107564.0
301226,祥明智能,30.29,0.63,126.22,3.62,3295552000.0
002548,金新农,4.79,0.63,-31.58,2.78,3966951822.0
600604,市北高新,6.36,0.63,-47.74,1.92,11914218553.0
002492,恒基达鑫,7.94,0.63,45.67,1.86,3215700000.0
601975,招商南油,3.22,0.63,12.24,1.35,15461976797.0
600022,山东钢铁,1.61,0.63,92.41,0.91,17225147782.0
002295,精艺股份,12.82,0.63,171.0,2.37,3212897120.0
688252,天德钰,27.37,0.63,36.73,4.85,11194914103.0
600276,恒瑞医药,64.02,0.63,55.41,7.14,424913535933.0
603037,凯众股份,14.5,0.62,50.02,4.01,3887081236.0
688112,鼎阳科技,38.89,0.62,41.81,4.03,6206722780.0
002582,好想你,9.76,0.62,-695.98,1.4,4369629016.0
000553,安道麦A,6.54,0.62,-27.03,0.83,15236968950.0
002373,千方科技,11.43,0.62,71.7,1.58,18061551297.0
301196,唯科科技,91.0,0.62,38.48,3.44,11398341227.0
603888,新华网,19.59,0.62,48.73,3.59,13218120711.0
688138,清溢光电,29.83,0.61,51.01,3.5,9390484000.0
300855,图南股份,27.86,0.61,67.0,5.59,11019507590.0
001300,三柏硕,14.9,0.61,-592.19,3.51,3632261119.0
002169,智光电气,8.2,0.61,-93.9,2.43,6418173571.0
002939,长城证券,11.48,0.61,17.99,1.47,46315221455.0
300489,光智科技,42.61,0.61,-489.18,9.26,5866239499.0
600307,酒钢宏兴,1.68,0.6,-8.11,1.53,10522440472.0
002040,南 京 港,11.83,0.6,30.76,1.71,5772412833.0
600880,博瑞传播,5.03,0.6,525.64,1.81,5499460423.0
600333,长春燃气,6.7,0.6,-54.14,2.18,4080505583.0
300343,ST联创,5.03,0.6,244.93,2.79,5376914669.0
300320,海达股份,10.12,0.6,27.38,2.47,6084490013.0
000729,燕京啤酒,11.71,0.6,13.98,2.08,33005095683.0
688143,长盈通,42.75,0.59,134.12,4.09,5505379286.0
002085,万丰奥威,17.18,0.59,37.53,4.8,36478251394.0
300579,数字认证,34.15,0.59,-60.44,11.79,9220500000.0
300315,掌趣科技,5.12,0.59,135.8,2.8,13862968335.0
603897,长城科技,27.32,0.59,19.68,2.35,5639822805.0
601089,福元医药,22.01,0.59,21.11,2.87,10564800000.0
600273,嘉化能源,8.53,0.59,10.55,1.15,11574182323.0
300303,聚飞光电,6.85,0.59,34.47,2.59,9696897860.0
688189,南新制药,8.51,0.59,-29.19,2.61,2335144000.0
002731,萃华珠宝,13.63,0.59,15.06,1.87,3491406280.0
002806,华锋股份,13.68,0.59,-219.61,2.52,2906715306.0
600663,陆家嘴,8.67,0.58,30.84,1.72,43654782397.0
600171,上海贝岭,34.95,0.58,92.35,5.6,24776869440.0
002049,紫光国微,87.42,0.58,44.11,5.66,74274132877.0
603203,快克智能,31.42,0.58,29.99,5.55,7970032328.0
002508,老板电器,18.94,0.58,11.6,1.57,17897143069.0
603269,海鸥股份,13.83,0.58,62.52,4.48,4270036951.0
300296,利亚德,6.9,0.58,50.34,2.32,18712642832.0
688165,埃夫特-U,22.62,0.58,-38.9,7.69,11802663600.0
002676,顺威股份,8.63,0.58,79.34,4.77,6213600000.0
688309,恒誉环保,26.13,0.58,108.43,2.79,2090680453.0
002131,利欧股份,5.16,0.58,44.5,2.64,34942378107.0
603036,如通股份,22.68,0.58,38.78,3.41,4672216647.0
002024,ST易购,1.73,0.58,164.58,1.28,16028047979.0
600353,旭光电子,17.36,0.58,106.91,7.71,14408387509.0
601858,中国科传,19.2,0.58,39.99,2.72,15177600000.0
000045,深纺织Ａ,13.94,0.58,89.09,2.37,7060914575.0
603126,中材节能,7.01,0.57,-104.66,2.12,4279605000.0
688161,威高骨科,30.23,0.57,42.59,3.0,12092000000.0
600575,淮河能源,3.53,0.57,13.68,1.11,13718501559.0
003011,海象新材,22.9,0.57,19.51,1.66,2351280400.0
002455,百川股份,7.11,0.57,39.18,2.37,4225164163.0
300957,贝泰妮,45.83,0.57,53.55,3.19,19413588000.0
688179,阿拉丁,12.35,0.57,53.34,4.17,4107695240.0
600207,安彩高科,5.31,0.57,-13.42,2.28,5784249662.0
002058,*ST威尔,27.05,0.56,14.9,96.98,3880277381.0
603912,佳力图,8.92,0.56,-82.88,2.76,4833223406.0
300844,山水比德,54.03,0.56,-100.64,6.87,5036183846.0
603839,安正时尚,8.96,0.56,-238.41,1.92,3485749120.0
002603,以岭药业,17.8,0.56,22.29,2.78,29738555693.0
603121,华培动力,16.2,0.56,149.48,4.6,5484246183.0
605358,立昂微,36.16,0.56,-168.65,3.46,24276860553.0
601880,辽港股份,1.8,0.56,22.2,1.06,42429180983.0
688331,荣昌生物,91.3,0.56,-57.23,21.83,51457432586.0
300066,三川智慧,7.29,0.55,39.52,2.9,7581842480.0
603080,新疆火炬,23.77,0.55,16.0,2.21,3363455000.0
688255,凯尔达,36.61,0.55,236.52,3.8,4021933231.0
688739,成大生物,27.42,0.55,51.96,1.22,11419059000.0
300713,英可瑞,18.23,0.55,-48.58,5.67,2893480366.0
002925,盈趣科技,20.22,0.55,56.98,3.42,15719872872.0
600050,中国联通,5.49,0.55,14.68,1.02,171641695045.0
300222,科大智能,12.91,0.55,105.26,5.85,10047610731.0
603520,司太立,10.92,0.55,82.16,1.82,4787435901.0
600339,中油工程,3.68,0.55,21.85,0.77,20545982693.0
601919,中远海控,14.84,0.54,6.55,0.99,229867960327.0
002333,罗普斯金,5.57,0.54,64.09,1.96,3759331136.0
600639,浦东金桥,11.18,0.54,35.79,0.91,12548576144.0
002530,金财互联,11.2,0.54,113.79,6.59,8727019560.0
000822,山东海化,5.56,0.54,-9.42,1.04,4976711109.0
688501,青达环保,28.1,0.54,21.09,3.32,3490750600.0
688362,甬矽电子,33.7,0.54,164.36,5.42,13833278111.0
603406,天富龙,46.3,0.54,42.84,3.97,18520463000.0
300454,深信服,114.69,0.54,-450.44,5.31,48385842356.0
603997,继峰股份,12.92,0.54,53.24,3.27,16382720699.0
300936,中英科技,39.4,0.54,-309.19,2.96,2962880000.0
002626,金达威,20.38,0.54,25.84,2.81,12430470633.0
301251,威尔高,60.2,0.53,87.09,5.17,8104229952.0
002262,恩华药业,24.62,0.53,16.96,3.09,25008665673.0
300398,飞凯材料,24.46,0.53,35.76,2.82,13867510167.0
000534,万泽股份,17.02,0.53,38.3,5.54,8677405588.0
300184,力源信息,11.28,0.53,62.62,3.17,13017254480.0
002912,中新赛克,30.6,0.53,-368.63,3.19,5225011200.0
603110,东方材料,19.08,0.53,901.97,5.52,3839406047.0
688023,安恒信息,53.51,0.53,-19.87,2.41,5461527313.0
603002,宏昌电子,7.53,0.53,261.25,2.48,8539611173.0
601390,中国中铁,5.73,0.53,5.99,0.46,141765981106.0
605088,冠盛股份,37.96,0.53,25.68,2.68,7698997586.0
689009,九号公司-WD,61.66,0.52,18.56,6.2,44227374922.0
688327,云从科技-UW,15.38,0.52,-38.7,16.83,15972876238.0
000600,建投能源,9.64,0.52,9.72,1.57,17441645985.0
600929,雪天盐业,5.75,0.52,216.77,1.25,9430651222.0
300098,高新兴,5.75,0.52,117.92,3.68,9992248081.0
000863,三湘印象,3.89,0.52,467.18,1.02,4592921288.0
688757,胜科纳米,30.8,0.52,164.64,14.13,12421993769.0
002649,博彦科技,13.61,0.52,32.63,1.88,7966539081.0
300413,芒果超媒,28.88,0.52,39.89,2.33,54026417137.0
000973,佛塑科技,7.66,0.52,66.23,2.55,7410461490.0
301128,强瑞技术,96.92,0.51,64.86,11.27,10025527888.0
300461,田中精机,21.5,0.51,536.42,6.35,3376718878.0
300529,健帆生物,21.48,0.51,28.39,5.18,17154041307.0
301075,多瑞医药,57.65,0.51,-43.39,7.73,4612000000.0
300918,南山智尚,19.73,0.51,63.83,2.63,9986032245.0
600780,通宝能源,6.05,0.5,10.69,0.85,6936340264.0
000829,天音控股,10.02,0.5,-82.13,3.52,10271506389.0
002520,日发精机,6.0,0.5,-10.17,16.43,4501471026.0
000338,潍柴动力,14.2,0.5,10.96,1.38,123732854403.0
600843,上工申贝,12.06,0.5,-61.84,2.89,8600787749.0
600892,*ST大晟,4.05,0.5,-33.59,53.09,2265829961.0
300130,新国都,27.93,0.5,29.16,3.65,15844664505.0
300547,川环科技,38.76,0.49,46.02,6.58,8407283304.0
603106,恒银科技,10.28,0.49,225.46,4.09,5350945600.0
000420,吉林化纤,4.08,0.49,227.31,2.27,10032182839.0
688562,航天软件,18.42,0.49,-59.61,4.4,7368000000.0
688561,奇安信-U,35.12,0.49,-15.56,3.0,23960715702.0
000959,首钢股份,4.13,0.49,24.37,0.64,32028015238.0
603937,丽岛新材,12.19,0.49,-128.88,1.65,2546356617.0
688098,申联生物,10.35,0.49,11464.15,3.01,4250165400.0
603989,艾华集团,18.54,0.49,25.17,1.97,7436961380.0
002078,太阳纸业,14.24,0.49,11.94,1.32,39794180095.0
603166,福达股份,16.32,0.49,35.72,4.12,10546125184.0
003816,中国广核,4.09,0.49,18.06,1.68,206539319399.0
000937,冀中能源,6.15,0.49,40.03,1.14,21731313128.0
688045,必易微,43.07,0.49,-807.71,2.19,3007914864.0
300905,宝丽迪,34.83,0.49,44.0,3.22,6227133656.0
002066,瑞泰科技,16.89,0.48,87.78,5.46,3967579230.0
002429,兆驰股份,6.28,0.48,21.32,1.73,28429187012.0
600853,龙建股份,4.23,0.48,12.53,1.26,4289354286.0
300926,博俊科技,33.6,0.48,17.46,4.46,14592965386.0
300595,欧普康视,16.66,0.48,25.31,3.02,14915516789.0
002233,塔牌集团,8.37,0.48,12.73,0.83,9979341884.0
002937,兴瑞科技,18.74,0.48,35.32,3.66,5580356665.0
600797,浙大网新,10.57,0.48,261.13,3.11,10860953731.0
301596,瑞迪智驱,82.44,0.48,60.17,7.49,6361507332.0
600702,舍得酒业,59.39,0.47,31.4,2.79,19762549824.0
002351,漫步者,12.89,0.47,28.64,4.13,11460589230.0
002035,华帝股份,6.38,0.47,11.4,1.39,5408030083.0
002396,星网锐捷,27.66,0.47,35.28,2.35,16200326411.0
603390,通达电气,12.77,0.47,61.36,2.78,4490595836.0
300044,ST赛为,4.26,0.47,-45.46,45.25,3254082911.0
002214,*ST大立,14.92,0.47,-54.37,6.32,8940629990.0
600676,交运股份,6.42,0.47,-53.75,1.29,6602924700.0
002823,凯中精密,17.6,0.46,24.21,2.84,5779293502.0
601801,皖新传媒,6.59,0.46,10.13,1.06,12902766852.0
600722,金牛化工,6.57,0.46,93.05,3.62,4469700271.0
000581,威孚高科,21.69,0.46,13.65,1.05,20969581681.0
601319,中国人保,8.83,0.46,7.36,1.39,390497836848.0
300070,碧水源,4.4,0.46,-150.18,0.59,15946521197.0
000573,粤宏远Ａ,4.35,0.46,28.07,1.69,2776520627.0
603093,南华期货,21.7,0.46,28.25,3.01,13238429878.0
688257,新锐股份,23.9,0.46,27.36,2.6,6032563246.0
688041,海光信息,246.84,0.45,219.38,26.2,573739614382.0
000576,甘化科工,11.12,0.45,46.95,2.94,4852970540.0
002979,雷赛智能,44.64,0.45,65.67,8.53,14023247410.0
603517,ST绝味,13.52,0.45,21.92,1.28,8193146175.0
000966,长源电力,4.51,0.45,82.78,1.14,15699467922.0
300653,正海生物,20.19,0.45,40.44,4.16,3634200000.0
000538,云南白药,56.35,0.45,13.84,2.61,100543197679.0
603595,东尼电子,22.81,0.44,-272.27,3.43,5302009456.0
688175,高凌信息,25.01,0.44,-74.65,1.86,3234218170.0
300638,广和通,27.42,0.44,58.57,6.73,24692635206.0
600827,百联股份,9.17,0.44,26.13,0.82,16360821633.0
605169,洪通燃气,15.98,0.44,31.01,2.34,4520422400.0
688090,瑞松科技,36.19,0.44,-541.61,4.98,4428572616.0
688087,英科再生,29.69,0.44,19.76,2.07,5761486270.0
002137,实益达,9.07,0.44,129.61,3.46,5237969026.0
000551,创元科技,11.48,0.44,19.1,1.98,5564735368.0
600600,青岛啤酒,65.57,0.44,12.72,2.85,89450383389.0
002285,世联行,2.36,0.43,-84.89,1.68,4703076530.0
002383,合众思壮,9.3,0.43,658.76,4.07,6885350837.0
600871,石化油服,2.31,0.43,49.08,4.59,43790775874.0
301177,迪阿股份,32.73,0.43,95.83,2.1,13100986022.0
300452,山河药辅,13.88,0.43,18.41,3.49,3254164085.0
600418,江淮汽车,51.97,0.43,-73.44,10.72,113502988838.0
688003,天准科技,54.09,0.43,-369.95,5.64,10500843285.0
600320,振华重工,4.69,0.43,35.87,1.6,24708577920.0
300507,苏奥传感,9.37,0.43,65.58,3.54,7502061519.0
002735,王子新材,16.42,0.43,265.84,3.62,6272547600.0
300031,宝通科技,23.29,0.43,35.03,2.4,9752610527.0
301297,富乐德,39.37,0.43,104.07,5.58,29252224881.0
300276,三丰智能,9.24,0.43,256.22,6.53,12945637228.0
000026,飞亚达,16.47,0.43,40.09,1.98,6682933195.0
600678,四川金顶,9.45,0.43,62.69,12.07,3297955500.0
000726,鲁  泰Ａ,7.25,0.42,8.22,0.61,5925472582.0
601727,上海电气,9.55,0.42,90.41,2.75,148408161624.0
600410,华胜天成,19.28,0.42,44.25,4.46,21140417488.0
600218,全柴动力,9.57,0.42,45.05,1.28,4168691225.0
605100,华丰股份,28.92,0.42,290.03,2.76,4937511600.0
300852,四会富仕,40.87,0.42,37.11,2.92,6478733571.0
688129,东来技术,21.38,0.42,28.13,2.73,2575836744.0
300590,移为通信,11.97,0.42,67.0,3.02,5505212930.0
301656,联合动力,29.21,0.41,66.52,7.6,70243942481.0
688276,百克生物,21.83,0.41,-61.37,2.22,9030145364.0
603197,保隆科技,39.36,0.41,31.85,2.62,8409646540.0
688176,亚虹医药-U,9.88,0.41,-17.0,3.09,5643164402.0
002173,创新医疗,24.69,0.41,1729.62,6.12,10895310651.0
300997,欢乐家,17.18,0.41,535.48,7.4,7515794301.0
301236,软通动力,51.4,0.41,371.5,4.73,48981176498.0
000559,万向钱潮,12.1,0.41,38.91,4.27,40115837172.0
603286,日盈电子,41.45,0.41,-199.61,5.78,4867221940.0
002120,韵达股份,7.31,0.41,21.77,1.04,21193153601.0
603009,北特科技,49.6,0.4,135.89,9.78,16790897933.0
301479,弘景光电,94.78,0.4,44.67,6.85,8432134262.0
300654,世纪天鸿,10.08,0.4,107.23,4.32,3690538508.0
300625,三雄极光,12.44,0.4,-248.26,1.75,3474877640.0
301323,新莱福,64.48,0.4,48.58,3.13,6765427947.0
300893,松原安全,25.33,0.4,34.14,6.19,11975510004.0
600925,苏能股份,4.96,0.4,136.34,2.22,34168888889.0
003035,南网能源,4.97,0.4,41.24,2.7,18825757571.0
605177,东亚药业,20.16,0.4,-38.26,1.33,2312876583.0
601799,星宇股份,128.7,0.4,24.17,3.32,36766941225.0
301603,乔锋智能,82.53,0.39,27.02,4.28,9966322800.0
301090,华润材料,7.67,0.39,-89.41,1.78,11358845719.0
600085,同仁堂,33.85,0.39,24.55,3.46,46424268369.0
600956,新天绿能,7.79,0.39,11.6,1.47,32762349039.0
300925,法本信息,23.21,0.39,87.84,4.53,9950334613.0
300375,鹏翎股份,5.1,0.39,62.2,1.69,3874667972.0
920145,恒合股份,28.36,0.39,-238.03,7.68,2000798000.0
688012,中微公司,296.66,0.39,115.02,8.9,185752266775.0
300702,天宇股份,25.55,0.39,30.18,2.39,8890816412.0
002875,安奈儿,18.15,0.39,-46.23,6.02,3866256227.0
300397,天和防务,12.74,0.39,-59.66,4.58,6594692131.0
601866,中远海发,2.62,0.38,17.82,1.13,34577858248.0
688375,国博电子,68.76,0.38,124.38,6.66,40981984524.0
301363,美好医疗,23.55,0.38,48.26,3.62,13396916289.0
600726,华电能源,2.64,0.38,58.6,5.08,20875367594.0
688696,极米科技,106.79,0.38,42.16,2.58,7475300000.0
300268,*ST佳沃,10.65,0.38,-3.29,-1.82,1855230000.0
600399,抚顺特钢,5.28,0.38,-18.75,1.72,10412688000.0
688569,铁科轨道,21.84,0.37,38.13,1.62,4600960728.0
600633,浙数文化,13.5,0.37,24.01,1.68,17119005372.0
603053,成都燃气,10.75,0.37,17.28,2.04,9555567500.0
605056,咸亨国际,16.33,0.37,54.34,4.14,6699908979.0
002940,昂利康,37.93,0.37,73.87,4.8,7651550095.0
301275,汉朔科技,53.81,0.37,54.22,5.68,22729344000.0
600151,航天机电,8.14,0.37,-27.1,2.5,11674813616.0
300676,华大基因,48.33,0.37,-708.98,2.19,20217264235.0
600771,广誉远,19.08,0.37,88.8,5.66,9339490970.0
000626,远大控股,8.22,0.37,97.06,1.75,4164472822.0
601186,中国铁建,8.06,0.37,5.11,0.41,109451104490.0
000545,金浦钛业,2.68,0.37,-8.53,2.9,2644712697.0
688166,博瑞医药,54.49,0.37,671.25,9.51,23054853754.0
603416,信捷电气,53.9,0.37,35.26,3.21,8469772319.0
601828,美凯龙,2.8,0.36,-3.21,0.27,12193251484.0
000717,中南股份,2.76,0.36,-74.62,0.85,6689813828.0
002139,拓邦股份,13.88,0.36,30.87,2.45,17306069633.0
300201,海伦哲,5.62,0.36,24.11,3.36,5670825071.0
603611,诺力股份,25.19,0.36,12.28,2.07,6488963925.0
000927,中国铁物,2.77,0.36,27.78,1.74,16759479586.0
002608,江苏国信,8.43,0.36,7.4,0.91,31849211905.0
002075,沙钢股份,5.62,0.36,40.01,1.87,12329299001.0
002287,奇正藏药,25.35,0.36,25.68,3.02,14503196446.0
300942,易瑞生物,11.11,0.36,187.27,5.32,4500312224.0
600056,中国医药,11.2,0.36,27.63,1.41,16753853178.0
002033,丽江股份,8.69,0.35,18.66,1.88,4775074279.0
002589,瑞康医药,2.9,0.35,269.66,0.82,4363660366.0
300490,华自科技,11.36,0.35,-18.04,2.05,4528898857.0
301281,科源制药,31.45,0.35,81.16,2.48,3405720500.0
605339,南侨食品,17.0,0.35,100.29,2.11,7212940472.0
000785,居然智家,2.87,0.35,27.21,0.87,17871630096.0
600436,片仔癀,178.82,0.35,38.0,7.45,107885183492.0
688103,国力电子,72.17,0.35,92.6,6.14,6878922233.0
600170,上海建工,2.87,0.35,17.96,0.82,25502647065.0
600169,太原重工,2.85,0.35,108.78,1.8,9539244035.0
002394,联发股份,11.63,0.35,10.71,0.87,3764631000.0
601116,三江购物,14.22,0.35,51.01,2.42,7787986848.0
600258,首旅酒店,14.28,0.35,15.85,1.32,15945092639.0
601059,信达证券,20.34,0.35,36.54,3.24,65962620000.0
301076,新瀚新材,52.9,0.34,134.66,7.89,9251215480.0
600707,彩虹股份,5.88,0.34,23.36,0.96,21099731624.0
600704,物产中大,5.9,0.34,7.5,0.75,30509961351.0
000537,中绿电,8.8,0.34,16.93,0.91,18186100698.0
000885,城发环境,14.93,0.34,7.87,1.05,9586228347.0
600675,中华企业,2.98,0.34,17.29,1.21,18017483286.0
603527,众源新材,11.67,0.34,27.72,1.79,3699053904.0
000930,中粮科技,5.95,0.34,104.62,1.04,11045832256.0
688669,聚石化学,23.58,0.34,371.99,2.19,2861040016.0
600868,梅雁吉祥,2.91,0.34,-90.98,2.85,5523612656.0
002256,兆新股份,2.97,0.34,904.99,5.23,5922015991.0
688095,福昕软件,77.36,0.34,3775.7,2.79,7073761577.0
603728,鸣志电器,72.22,0.33,455.25,10.2,30251694150.0
600211,西藏药业,45.81,0.33,13.01,3.55,14765442369.0
603666,亿嘉和,30.43,0.33,-158.04,2.92,6254290681.0
300815,玉禾田,24.06,0.33,16.68,2.17,9590123520.0
600775,南京熊猫,12.05,0.33,-92.06,3.64,11011754274.0
002309,中利集团,3.01,0.33,-48.38,4.87,9053072809.0
603327,福蓉科技,9.22,0.33,84.61,4.6,9196884999.0
600976,健民集团,39.27,0.33,15.81,2.33,6023963022.0
688772,珠海冠宇,27.64,0.33,133.92,4.59,31290383042.0
300792,壹网壹创,30.1,0.33,54.32,2.44,7131976173.0
605003,众望布艺,24.08,0.33,37.91,1.84,2648800000.0
688215,瑞晟智能,79.2,0.33,418.33,10.78,4943922905.0
600812,华北制药,6.03,0.33,48.95,1.88,10345854131.0
002261,拓维信息,34.86,0.32,314.15,16.84,43917725184.0
301551,无线传媒,37.22,0.32,51.44,5.82,14888372200.0
301611,珂玛科技,57.22,0.32,72.58,15.11,24947920000.0
600009,上海机场,31.6,0.32,37.66,1.87,78636010344.0
301501,恒鑫生活,47.46,0.32,28.47,3.4,7019334000.0
002010,传化智联,6.3,0.32,20.68,0.98,17564214200.0
688290,景业智能,65.01,0.32,-347.56,5.16,6643353307.0
001979,招商蛇口,9.43,0.32,29.5,0.87,85443685149.0
300387,富邦科技,9.31,0.32,25.03,1.81,2691120838.0
300236,上海新阳,62.3,0.32,69.36,3.6,19523661345.0
600975,新五丰,6.33,0.32,-450.56,2.62,7910358814.0
300576,容大感光,37.52,0.32,104.23,8.12,13746111301.0
603856,东宏股份,12.7,0.32,15.44,1.32,3582111962.0
301208,中亦科技,40.29,0.32,112.46,3.15,4834802417.0
600388,龙净环保,16.3,0.31,19.9,1.95,20701754576.0
603000,人民网,19.45,0.31,-2102.75,5.93,21505691039.0
300718,长盛轴承,87.2,0.31,104.05,15.55,26053531416.0
600293,三峡新材,3.27,0.31,-47.54,2.25,3793674300.0
002007,华兰生物,16.13,0.31,28.18,2.59,29476876023.0
600062,华润双鹤,19.19,0.31,11.08,1.76,19933756598.0
300257,开山股份,16.34,0.31,40.05,2.46,16235996194.0
000876,新 希 望,9.78,0.31,29.17,1.96,44035200146.0
600101,明星电力,9.65,0.31,22.27,1.7,5286872845.0
688120,华海清科,150.29,0.31,52.54,7.56,53113253982.0
688568,中科星图,41.79,0.31,216.19,8.89,33769617732.0
603060,国检集团,6.57,0.31,96.11,2.68,5282018672.0
600862,中航高科,22.68,0.31,29.39,4.24,31594353747.0
002933,新兴装备,33.77,0.3,126.6,2.61,3962909500.0
603235,天新药业,26.99,0.3,16.59,2.52,11815682200.0
002681,奋达科技,6.73,0.3,353.42,5.04,12078009521.0
603113,金能科技,6.6,0.3,105.92,0.69,5600038066.0
002510,天汽模,6.72,0.3,155.72,2.76,6821732118.0
300661,圣邦股份,76.38,0.3,103.15,9.62,47206376776.0
002989,中天精装,26.75,0.3,-107.73,3.52,5392626259.0
000928,中钢国际,6.69,0.3,12.95,1.14,9597772514.0
601139,深圳燃气,6.77,0.3,15.92,1.23,19475541661.0
300034,钢研高纳,16.88,0.3,81.0,3.53,13452711183.0
002252,上海莱士,6.7,0.3,22.68,1.36,44474498408.0
603809,豪能股份,13.54,0.3,33.89,3.48,12460710447.0
601949,中国出版,6.78,0.3,48.58,1.35,12908903406.0
002096,易普力,13.39,0.3,20.32,2.19,16609501910.0
600433,冠豪高新,3.31,0.3,-50.01,1.29,5793424261.0
600150,中国船舶,36.73,0.3,35.43,1.96,276416069908.0
000070,特发信息,10.14,0.3,856.31,6.06,9129495866.0
600152,维科技术,6.74,0.3,-45.06,2.09,3565994988.0
300705,九典制药,16.88,0.3,15.58,3.2,8443586797.0
300040,九洲集团,6.8,0.29,76.1,1.68,4375190965.0
600839,四川长虹,10.25,0.29,35.21,3.06,47316503276.0
300521,爱司凯,28.08,0.29,-158.9,7.9,4204418400.0
003015,日久光电,17.42,0.29,47.75,4.49,4896181339.0
300008,天海防务,7.0,0.29,39.17,5.18,12096203931.0
603899,晨光股份,27.34,0.29,19.91,2.82,25179330107.0
002081,金 螳 螂,3.63,0.28,18.95,0.7,9638824991.0
600420,国药现代,10.81,0.28,13.57,1.06,14498076801.0
600802,福建水泥,7.12,0.28,-323.42,2.95,3262728608.0
000533,顺钠股份,7.14,0.28,45.95,5.2,4932426240.0
000967,盈峰环境,7.06,0.28,35.58,1.31,22358623955.0
600866,星湖科技,7.2,0.28,8.84,1.44,11962602835.0
002791,坚朗五金,21.68,0.28,-126.05,1.39,7672227082.0
603920,世运电路,43.65,0.28,37.74,4.71,31453854637.0
603633,徕木股份,10.81,0.28,71.2,2.34,4613824943.0
600576,祥源文旅,7.18,0.28,36.35,2.55,7571657799.0
603283,赛腾股份,47.33,0.28,24.67,3.99,13185703653.0
002700,万憬能源,7.19,0.28,35.15,2.17,2973986650.0
601360,三六零,10.59,0.28,-131.53,2.57,74125317939.0
600617,国新能源,3.64,0.28,46.92,2.03,7022258065.0
002020,京新药业,18.12,0.28,20.33,2.76,15601848017.0
688066,航天宏图,31.72,0.28,-16.74,15.36,8287730896.0
300351,永贵电器,17.61,0.28,71.94,2.74,6830529907.0
600048,保利发展,7.44,0.27,34.63,0.46,89060099030.0
002216,三全食品,11.01,0.27,18.35,2.14,9679816368.0
601628,中国人寿,45.22,0.27,15.61,2.47,1278129960100.0
002489,浙江永强,3.66,0.27,7.74,1.76,7938599706.0
300498,温氏股份,18.28,0.27,17.36,2.82,121633788137.0
688610,埃科光电,77.2,0.27,72.84,3.53,5249600000.0
600664,哈药股份,3.65,0.27,20.98,1.62,9192561047.0
603477,巨星农牧,18.42,0.27,65.73,3.16,9395495534.0
000509,华塑控股,3.69,0.27,-730.83,30.13,3959842512.0
002151,北斗星通,30.82,0.26,693.08,3.24,16732514339.0
002625,光启技术,45.92,0.26,122.48,10.37,98938674623.0
002117,东港股份,11.74,0.26,37.45,4.36,6148484012.0
601238,广汽集团,7.78,0.26,-13.8,0.72,79333172702.0
600968,海油发展,3.91,0.26,10.45,1.39,39745557418.0
001388,信通电子,45.47,0.26,75.4,5.09,7093320000.0
600006,东风股份,7.68,0.26,113.46,1.84,15360000000.0
002543,万和电气,11.56,0.26,13.45,1.7,8596016000.0
600223,福瑞达,7.76,0.26,41.74,1.88,7888573694.0
600535,天士力,15.42,0.26,17.55,1.87,23036709077.0
000725,京东方Ａ,4.07,0.25,23.45,1.14,152274493488.0
002025,航天电器,44.96,0.25,105.15,3.15,20475952420.0
000910,大亚圣象,8.02,0.25,45.0,0.65,4390127950.0
002920,德赛西威,120.3,0.25,30.12,4.9,71800168870.0
002579,中京电子,12.14,0.25,217.79,3.07,7437190047.0
002154,报 喜 鸟,3.95,0.25,18.32,1.27,5764368230.0
605001,威奥股份,7.93,0.25,37.22,1.16,3115585980.0
300229,拓尔思,19.82,0.25,-81.13,4.37,17315166872.0
300075,数字政通,16.19,0.25,-144.48,2.89,10056097258.0
003030,祖名股份,20.4,0.25,59.36,2.5,2545512000.0
603050,科林电气,19.66,0.25,27.36,4.33,7929255334.0
301220,亚香股份,40.19,0.25,28.1,2.58,4532260060.0
600782,新钢股份,4.01,0.25,26.58,0.48,12761994017.0
600651,飞乐音响,8.21,0.24,434.96,8.26,20582700003.0
600217,中再资环,4.25,0.24,-9.65,2.29,7045028110.0
600562,国睿科技,29.43,0.24,73.58,5.62,36547876231.0
600271,航天信息,8.41,0.24,-25.79,1.14,15582759806.0
601200,上海环境,8.31,0.24,16.11,0.96,11187173386.0
300355,蒙草生态,4.16,0.24,67.32,1.55,6673647057.0
600496,精工钢构,4.19,0.24,10.6,0.91,8338621860.0
002221,东华能源,8.22,0.24,129.06,1.17,12955770245.0
688626,翔宇医疗,53.81,0.24,121.62,4.29,8609600000.0
002772,众兴菌业,12.83,0.23,18.52,1.49,5045286636.0
601177,杭齿前进,17.73,0.23,26.16,2.59,7233396750.0
600581,八一钢铁,4.37,0.23,-8.78,-14.06,6698763692.0
300989,蕾奥规划,17.58,0.23,246.58,3.73,3708668608.0
688228,开普云,192.0,0.23,1715.96,9.99,12963502080.0
000099,中信海直,22.04,0.23,52.42,3.13,17097973819.0
688981,中芯国际,133.0,0.23,231.22,7.04,1064009477447.0
601800,中国交建,8.88,0.23,7.55,0.5,144554069454.0
300221,银禧科技,8.8,0.23,36.91,2.9,4169041228.0
000912,泸天化,4.3,0.23,2750.48,1.07,6742400000.0
605158,华达新材,8.64,0.23,49.34,1.79,4418668800.0
300145,南方泵业,4.55,0.22,23.07,2.97,8740096074.0
600872,中炬高新,18.06,0.22,27.77,2.47,14068581180.0
301127,武汉天源,13.45,0.22,49.43,2.8,9068373581.0
600673,东阳光,22.71,0.22,56.61,7.02,68346995390.0
600751,海航科技,4.56,0.22,92.46,1.75,13220980290.0
605299,舒华体育,9.3,0.22,80.28,3.1,3805806664.0
603079,圣达生物,18.26,0.22,48.53,2.19,3451680934.0
600637,东方明珠,9.09,0.22,44.37,1.02,30559669337.0
688317,之江生物,22.61,0.22,-110.92,1.26,4344692357.0
605058,澳弘电子,32.12,0.22,32.2,2.63,4590717274.0
000676,智度股份,9.17,0.22,72.95,2.72,11602702102.0
603227,雪峰科技,9.13,0.22,18.64,1.92,9784554251.0
603160,汇顶科技,86.15,0.22,44.37,4.29,40030686091.0
002992,宝明科技,53.68,0.22,-373.41,13.38,9709028327.0
600461,洪城环境,9.22,0.22,9.52,1.23,11839910741.0
603668,天马科技,13.81,0.22,57.75,3.01,6955014351.0
688232,新点软件,27.02,0.22,-62.72,1.68,8916600000.0
600422,昆药集团,13.62,0.22,28.71,1.94,10310009810.0
300692,中环环保,8.99,0.22,34.01,1.58,3836709390.0
002039,黔源电力,17.88,0.22,11.63,1.76,7644739293.0
603778,国晟科技,4.6,0.22,-15.0,4.15,3020553752.0
300046,台基股份,39.08,0.21,122.3,8.08,9243645979.0
605222,起帆电缆,19.02,0.21,26.36,1.68,7853384038.0
603629,利通电子,23.75,0.21,60.43,3.58,6173337500.0
601900,南方传媒,14.16,0.21,11.01,1.45,12488696531.0
600717,天津港,4.85,0.21,13.5,0.7,14035905034.0
002441,众业达,9.56,0.21,19.97,1.15,5205836902.0
600598,北大荒,14.58,0.21,14.33,3.16,25918573073.0
000738,航发控制,19.07,0.21,46.92,2.0,25080558899.0
002761,浙江建投,9.37,0.21,30.33,1.51,10136354947.0
600970,中材国际,9.65,0.21,9.15,1.14,25300558407.0
000539,粤电力Ａ,4.86,0.21,392.87,1.11,25516380172.0
603336,宏辉果蔬,9.7,0.21,426.36,4.33,5904573767.0
301535,浙江华远,19.64,0.2,79.35,7.25,8352776478.0
002196,方正电机,9.94,0.2,268.71,3.48,4928966984.0
600690,海尔智家,25.6,0.2,9.98,2.09,240139861350.0
688398,赛特新材,20.03,0.2,99.06,3.26,3361316443.0
688798,艾为电子,83.49,0.2,52.94,4.67,19463909820.0
600483,福能股份,10.06,0.2,10.55,1.07,27968186268.0
603737,三棵树,44.03,0.2,32.77,10.0,32486103336.0
002942,新农股份,20.16,0.2,22.81,2.56,3142095869.0
600596,新安股份,10.12,0.2,143.51,1.1,13657922136.0
000028,国药一致,25.47,0.2,11.11,0.77,14175712511.0
000546,金圆股份,5.05,0.2,-28.92,0.97,3927123723.0
600325,华发股份,4.99,0.2,39.94,0.71,13733239059.0
002793,罗欣药业,5.26,0.19,187.14,3.94,5720715436.0
000557,西部创业,5.2,0.19,19.3,1.19,7583548622.0
300217,东方电热,5.35,0.19,39.43,1.88,7907176629.0
300775,三角防务,26.2,0.19,28.66,2.45,14345530970.0
600256,广汇能源,5.25,0.19,19.66,1.42,33558015561.0
002372,伟星新材,10.45,0.19,23.13,3.55,16636796975.0
600662,外服控股,5.42,0.18,17.81,2.45,12376338973.0
605011,杭州热电,21.89,0.18,39.71,3.68,8758189000.0
002014,永新股份,11.28,0.18,16.76,2.94,6908908248.0
600279,重庆港,5.43,0.18,100.33,0.96,6444683917.0
603418,友升股份,61.23,0.18,24.69,2.68,11821580826.0
603866,桃李面包,5.46,0.18,21.98,1.67,8734466586.0
300106,西部牧业,11.13,0.18,-48.12,6.1,2352128610.0
002583,海能达,11.36,0.18,83.26,8.09,20659516168.0
002863,今飞凯达,5.62,0.18,34.83,1.19,3369097573.0
000065,北方国际,11.31,0.18,19.61,1.21,12117374235.0
600358,ST联合,5.67,0.18,-67.61,39.07,2862990862.0
300278,华昌达,5.6,0.18,501.08,4.49,7960436445.0
002296,辉煌科技,11.27,0.18,20.26,1.83,4390571333.0
603605,珀莱雅,76.87,0.18,19.06,5.68,30440926796.0
300243,瑞丰高材,11.21,0.18,86.38,2.61,2807281076.0
603328,依顿电子,11.97,0.17,24.45,2.84,11951358054.0
002960,青鸟消防,11.6,0.17,31.99,1.61,10153731801.0
002899,英派斯,24.24,0.17,56.55,2.08,3582598698.0
301631,壹连科技,97.65,0.17,30.27,3.57,8926633737.0
300932,三友联众,11.92,0.17,45.51,2.17,3815639656.0
603519,立霸股份,12.91,0.16,21.81,2.89,3438292401.0
002274,华昌化工,6.27,0.16,-529.02,1.1,5971326330.0
002841,视源股份,43.37,0.16,26.11,2.3,30186237557.0
603719,良品铺子,12.33,0.16,-30.32,2.45,4944330000.0
601098,中南传媒,12.31,0.16,14.17,1.4,22108760000.0
600185,珠免集团,6.39,0.16,-15.99,21.04,12045187030.0
603998,方盛制药,12.6,0.16,15.47,3.31,5532425136.0
002572,索菲亚,12.85,0.16,13.62,1.72,12375156057.0
002322,理工能科,12.62,0.16,26.07,1.72,4784847381.0
603658,安图生物,38.66,0.16,19.28,2.53,22091281531.0
688279,峰岹科技,196.32,0.16,101.1,4.49,22543971370.0
688297,中无人机,49.5,0.16,525.8,5.84,33412500000.0
300402,宝色股份,18.52,0.16,68.3,3.05,4570560004.0
300637,扬帆新材,13.41,0.15,77.03,4.3,3147999243.0
601021,春秋航空,52.89,0.15,22.14,2.95,51744054742.0
600825,新华传媒,6.81,0.15,109.99,2.88,7115686259.0
600351,亚宝药业,6.69,0.15,16.33,1.68,4683000308.0
688111,金山办公,337.71,0.15,99.55,12.9,156420279039.0
002647,*ST仁东,6.71,0.15,15.52,11.57,7584257018.0
000958,电投产融,6.49,0.15,42.5,1.77,34938386195.0
603885,吉祥航空,13.57,0.15,29.31,3.24,29636951487.0
301212,联盛化学,27.31,0.15,178.19,2.2,2949480000.0
600127,金健米业,6.85,0.15,262.63,6.47,4396215043.0
300839,博汇股份,13.06,0.15,-44.72,5.11,3852224290.0
002688,金河生物,6.73,0.15,28.01,2.21,5193099499.0
688486,龙迅股份,68.28,0.15,54.84,6.23,9103633655.0
600728,佳都科技,6.76,0.15,53.28,1.85,14416371004.0
688035,德邦科技,52.66,0.15,80.54,3.24,7490358400.0
000019,深粮控股,6.99,0.14,24.81,1.61,8056221425.0
603385,惠达卫浴,6.91,0.14,129.44,0.7,2630394929.0
002670,国盛证券,21.69,0.14,130.05,3.71,41971986124.0
601808,中海油服,13.98,0.14,15.59,1.45,66706856160.0
300802,矩子科技,21.5,0.14,56.57,4.21,6219854433.0
002327,富安娜,7.17,0.14,28.22,1.73,6010220515.0
300258,精锻科技,13.95,0.14,66.62,1.72,8161409040.0
000800,一汽解放,7.02,0.14,878.81,1.32,34547392445.0
002917,金奥博,13.94,0.14,27.35,2.88,4845741906.0
002987,京北方,21.45,0.14,57.32,6.39,18607020260.0
002868,*ST绿康,28.38,0.14,-40.05,-41.46,4410701454.0
600129,太极集团,21.01,0.14,52.37,3.27,11585296067.0
600720,中交设计,7.84,0.13,16.08,1.19,17989629230.0
600889,南京化纤,15.27,0.13,-80.59,15.02,5594103573.0
300878,维康药业,23.47,0.13,-20.58,3.35,3398228857.0
603089,正裕工业,15.68,0.13,15.88,2.54,3763721642.0
600727,鲁北化工,7.54,0.13,25.48,1.23,3985516838.0
688606,奥泰生物,68.89,0.13,20.69,1.4,5461658101.0
600182,S佳通,15.45,0.13,32.38,4.66,5253000000.0
002380,科远智慧,30.75,0.13,25.5,3.03,7379743207.0
603507,振江股份,24.1,0.12,141.51,1.84,4441661499.0
603679,华体科技,16.42,0.12,-35.78,3.6,2705888105.0
601766,中国中车,8.04,0.12,15.92,1.36,230738867268.0
601827,三峰环境,8.26,0.12,9.38,1.16,13810169058.0
301093,华兰股份,40.18,0.12,92.81,3.04,6597621252.0
603358,华达科技,42.04,0.12,49.64,5.43,19747998915.0
688716,中研股份,41.7,0.12,361.04,4.3,5074056000.0
000039,中集集团,8.19,0.12,17.28,0.92,44164741953.0
688602,康鹏科技,8.47,0.12,70.92,1.57,4399106250.0
300384,三联虹普,16.8,0.12,19.85,1.94,5359322052.0
688010,福光股份,28.18,0.11,-72.21,2.68,4524625268.0
000544,中原环保,8.88,0.11,6.32,0.95,8655198253.0
300708,聚灿光电,9.33,0.11,37.97,3.11,8760078294.0
603638,艾迪精密,17.69,0.11,35.51,4.31,14701956343.0
300410,正业科技,9.4,0.11,112.33,14.33,3450879092.0
002293,罗莱生活,9.41,0.11,17.31,1.96,7848810246.0
001270,*ST铖昌,46.19,0.11,79.02,6.47,9520447277.0
301273,瑞晨环保,27.86,0.11,-38.52,2.17,1995940325.0
603058,永吉股份,9.1,0.11,29.01,3.06,3821043599.0
603288,海天味业,38.44,0.1,31.7,5.69,224944150847.0
603158,腾龙股份,10.38,0.1,28.07,2.24,5094194136.0
603496,恒为科技,28.77,0.1,177.1,6.61,9212419921.0
603231,索宝蛋白,19.78,0.1,19.43,1.98,3787061097.0
603992,松霖科技,29.33,0.1,68.2,3.95,12696999411.0
600373,中文传媒,10.28,0.1,24.19,0.8,14057952623.0
002986,宇新股份,10.62,0.09,-47.66,1.06,4072771614.0
002294,信立泰,56.85,0.09,81.85,7.22,63377320015.0
000096,广聚能源,11.74,0.09,332.36,2.24,6198720000.0
300134,大富科技,11.69,0.09,-39.67,2.36,8972051690.0
603299,苏盐井神,10.87,0.09,15.55,1.38,8496624656.0
000869,张  裕Ａ,21.47,0.09,57.69,1.38,14424059133.0
002236,大华股份,21.17,0.09,14.76,1.82,69580615502.0
300740,水羊股份,22.14,0.09,47.66,4.17,8634721903.0
600480,凌云股份,12.71,0.08,19.81,1.99,15536201663.0
001299,美能能源,12.25,0.08,33.64,2.52,2972322924.0
002465,海格通信,12.21,0.08,-129.74,2.52,30303192505.0
600645,中源协和,23.82,0.08,77.47,3.0,11146542560.0
002953,日丰股份,13.1,0.08,32.3,3.08,5985243922.0
300888,稳健医疗,40.28,0.07,24.04,2.04,23456244666.0
002643,万润股份,13.99,0.07,31.69,1.79,12912199558.0
600955,维远股份,14.11,0.07,-32.45,0.92,7760500000.0
603056,德邦股份,15.32,0.07,149.8,1.87,15623571744.0
002097,山河智能,13.43,0.07,112.0,3.07,14432109856.0
688197,首药控股-U,40.13,0.07,-28.59,8.47,5968107235.0
603628,清源股份,13.88,0.07,21.84,2.85,3791285357.0
002590,万安科技,13.92,0.07,36.61,2.41,7225210480.0
688001,华兴源创,30.27,0.07,85.85,3.96,13481587308.0
000733,振华科技,53.63,0.06,35.77,1.94,29720106585.0
300181,佐力药业,17.41,0.06,17.96,3.92,12211153502.0
600650,锦江在线,15.56,0.06,56.17,2.01,8583053265.0
300822,贝仕达克,17.11,0.06,123.76,4.24,5330384382.0
603395,红四方,33.88,0.06,144.12,6.3,8808800000.0
300374,中铁装配,16.7,0.06,-59.1,5.05,4106736028.0
003036,泰坦股份,16.66,0.06,64.16,2.6,3603010236.0
688171,纬德信息,47.68,0.06,642.73,4.87,3994315712.0
001360,南矿集团,15.86,0.06,43.12,2.28,3235440000.0
603207,小方制药,32.31,0.06,22.9,4.92,5187692534.0
300204,舒泰神,33.86,0.06,-395.35,18.58,16177378712.0
688139,海尔生物,34.01,0.06,37.88,2.51,10813564797.0
688403,汇成股份,17.22,0.06,76.92,4.33,14774108361.0
601607,上海医药,18.3,0.05,7.61,0.9,67863021105.0
603195,公牛集团,43.69,0.05,19.18,5.37,79017196089.0
600071,凤凰光学,21.99,0.05,157.9,12.29,6191809819.0
600750,江中药业,21.39,0.05,14.91,3.58,13582564911.0
300733,西菱动力,19.46,0.05,58.88,3.48,5948460409.0
688286,敏芯股份,97.95,0.05,112.65,5.18,5489191854.0
300650,太龙股份,19.92,0.05,85.02,3.42,4348458830.0
002777,久远银海,18.97,0.05,135.74,4.68,7744142791.0
603678,火炬电子,39.23,0.05,43.68,3.04,18656478934.0
001296,长江材料,23.76,0.04,23.44,2.0,3554284203.0
300634,彩讯股份,25.42,0.04,43.81,3.94,11469781078.0
600619,海立股份,22.66,0.04,364.6,3.98,24321984240.0
300546,雄帝科技,26.93,0.04,205.04,4.47,5026018369.0
603100,川仪股份,23.53,0.04,19.62,2.59,12074964831.0
601717,中创智领,24.62,0.04,9.04,1.9,43956546277.0
600585,海螺水泥,23.4,0.04,14.19,0.66,124003680349.0
600882,妙可蓝多,25.04,0.04,48.02,2.8,12771743321.0
002318,久立特材,25.51,0.04,14.82,3.06,24927625067.0
600498,烽火通信,26.25,0.04,49.51,2.23,33841831905.0
688689,银河微电,28.99,0.03,60.54,3.09,3736902811.0
300951,博硕科技,37.18,0.03,32.83,2.71,6298314196.0
301665,泰禾股份,30.85,0.03,28.33,3.95,13882500000.0
301503,智迪科技,40.14,0.02,31.25,3.01,3211200000.0
002111,威海广泰,10.01,0.0,31.96,1.75,5325402833.0
300307,慈星股份,7.12,0.0,34.87,1.74,5655051285.0
300717,华信新材,21.1,0.0,39.85,2.99,2168552500.0
300132,青松股份,7.1,0.0,24.84,2.6,3667724291.0
301298,东利机械,17.47,0.0,33.47,2.73,2564596000.0
605368,蓝天燃气,9.81,0.0,17.13,2.22,7010578326.0
300317,珈伟新能,4.04,0.0,-61.19,2.15,3353961156.0
605577,龙版传媒,13.77,0.0,15.6,1.54,6120000008.0
002102,能特科技,3.87,0.0,15.87,2.89,9580675677.0
300401,花园生物,13.9,0.0,24.21,2.39,7554230651.0
000929,*ST兰黄,9.17,0.0,116.91,3.65,1703474220.0
603601,再升科技,4.93,0.0,46.88,2.33,5078604783.0
002030,达安基因,6.4,0.0,-24.65,1.17,8982054605.0
002031,巨轮智能,7.94,0.0,-155.23,8.08,17463201620.0
002092,中泰化学,4.7,0.0,-50.94,0.56,12173091730.0
002036,联创电子,10.28,0.0,159.8,5.06,10849220922.0
300466,赛摩智能,9.79,0.0,-416.63,7.27,5242837799.0
000898,鞍钢股份,2.7,0.0,-11.06,0.54,25296897397.0
603801,志邦家居,9.35,0.0,14.71,1.24,4061181532.0
002079,苏州固锝,10.33,0.0,100.44,2.71,8371768923.0
000088,盐 田 港,4.58,0.0,16.68,1.31,23813633725.0
300231,银信科技,11.19,0.0,70.77,3.06,4971619132.0
603776,永安行,19.45,0.0,-41.7,1.58,5460793125.0
000035,中国天楹,5.82,0.0,32.85,1.28,13898350716.0
002063,远光软件,6.51,0.0,75.52,3.3,12434526737.0
002060,广东建工,3.84,0.0,19.36,1.05,14416870049.0
000037,深南电A,8.82,0.0,-199.93,3.62,5316366097.0
002140,东华科技,11.86,0.0,17.48,1.87,8397044522.0
300403,汉宇集团,14.19,0.0,38.04,4.0,8556570000.0
000050,深天马Ａ,9.55,0.0,57.0,0.85,23471490163.0
002027,分众传媒,7.62,0.0,19.46,6.68,110049561912.0
002023,海特高新,12.89,0.0,60.19,2.19,9549688429.0
300225,*ST金泰,6.33,0.0,128.22,3.49,3009469305.0
300824,北鼎股份,12.64,0.0,37.31,5.72,4124958860.0
002168,*ST惠程,4.06,0.0,-50.27,-33.24,3183703274.0
603999,读者传媒,6.67,0.0,36.15,1.88,3841920000.0
301277,新天地,13.12,0.0,41.98,3.38,5144068608.0
000159,国际实业,6.14,0.0,59.58,1.44,2951411997.0
000917,电广传媒,8.95,0.0,72.03,1.22,12687129225.0
001380,华纬科技,25.39,0.0,25.21,3.71,6876988341.0
301087,可孚医疗,43.55,0.0,26.22,1.93,9097464350.0
300501,海顺新材,15.91,0.0,47.45,2.04,3079189182.0
000882,华联股份,1.99,0.0,-29.77,0.81,5447330375.0
603939,益丰药房,25.49,0.0,18.93,2.82,30904519857.0
300562,乐心医疗,14.29,0.0,35.67,3.08,3123608059.0
300266,兴源环境,2.63,0.0,-53.87,120.26,4086513236.0
300923,研奥股份,26.81,0.0,61.45,1.86,2107266000.0
300193,佳士科技,9.16,0.0,20.38,1.89,4362448214.0
300348,长亮科技,14.78,0.0,-789.05,5.66,11987144596.0
300345,华民股份,6.7,0.0,-28.38,7.46,3887232418.0
600653,申华控股,2.08,0.0,-34.13,5.32,4048471059.0
002390,信邦制药,3.84,0.0,36.75,1.11,7464391173.0
002267,陕天然气,8.42,0.0,14.81,1.42,9363675247.0
600987,航民股份,7.17,0.0,11.37,1.14,7319271319.0
002347,泰尔股份,7.27,0.0,-51.26,3.21,3669185547.0
600125,铁龙物流,6.39,0.0,11.02,1.09,8342284775.0
000758,中色股份,6.89,0.0,21.39,2.3,13714906932.0
600986,浙文互联,8.61,0.0,57.29,2.46,12806290674.0
003026,中晶科技,35.68,0.0,89.85,7.11,4624805920.0
002507,涪陵榨菜,13.06,0.0,16.8,1.7,15070182506.0
600622,光大嘉宝,2.83,0.0,-5.68,1.36,4244109688.0
600628,新世界,7.47,0.0,53.14,1.14,4832159118.0
000517,荣安地产,2.05,0.0,-76.21,1.13,6527041094.0
603199,九华旅游,35.87,0.0,16.48,2.45,3970091600.0
000514,渝 开 发,5.3,0.0,20.79,1.18,4471986115.0
600640,国脉文化,13.94,0.0,424.77,2.79,11092001404.0
300039,上海凯宝,6.17,0.0,25.88,1.42,6453820000.0
600482,中国动力,22.15,0.0,27.15,1.26,49915229090.0
000560,我爱我家,2.88,0.0,120.2,0.72,6783842451.0
600657,信达地产,3.8,0.0,-1.47,0.54,10837138661.0
002258,利尔化学,12.58,0.0,19.81,1.29,10069500328.0
600969,郴电国际,7.64,0.0,26.19,0.78,2827185698.0
002818,富森美,11.4,0.0,13.41,1.55,8532431916.0
000541,佛山照明,6.38,0.0,52.12,1.46,9798265107.0
002247,聚力文化,2.98,0.0,45.1,3.81,2535592746.0
300029,*ST天龙,6.16,0.0,-63.22,-70.14,1235120040.0
002424,贵州百灵,5.89,0.0,108.67,2.52,8231854576.0
002416,爱施德,12.56,0.0,34.62,2.67,15565379483.0
002628,成都路桥,4.5,0.0,-90.09,1.19,3406951868.0
003000,劲仔食品,11.84,0.0,23.17,4.01,5338586843.0
600397,江钨装备,7.78,0.0,-18.83,49.54,7701887882.0
000718,苏宁环球,2.6,0.0,59.07,0.84,7890054598.0
601002,晋亿实业,5.44,0.0,23.92,1.22,5192157517.0
000615,*ST美谷,3.56,0.0,-16.45,-10.73,2716207800.0
002955,鸿合科技,27.84,0.0,60.05,2.0,6588055150.0
600082,海泰发展,4.47,0.0,-48.04,1.65,2888137742.0
002323,雅博股份,1.77,0.0,-45.51,10.18,3753913601.0
603125,常青科技,16.78,0.0,49.68,2.84,6793154373.0
002946,新乳业,16.6,0.0,17.2,3.99,14287236855.0
600054,黄山旅游,11.31,0.0,24.41,1.72,8249281466.0
600521,华海药业,18.92,0.0,34.59,2.93,28327997283.0
002314,南山控股,2.9,0.0,17.85,0.86,7852569288.0
600528,中铁工业,8.52,0.0,13.75,0.77,18927619530.0
688280,精进电动-UW,8.14,0.0,66.79,7.77,4804404369.0
600108,亚盛集团,3.14,0.0,130.08,1.42,6113313480.0
002303,美盈森,4.45,0.0,19.65,1.51,6814390398.0
002708,光洋股份,13.73,0.0,72.88,4.6,7717605087.0
000521,长虹美菱,6.94,0.0,10.98,1.15,7147670582.0
601065,江盐集团,8.53,0.0,21.01,1.24,5482879954.0
600567,山鹰国际,1.81,0.0,125.86,0.66,10526012803.0
600439,瑞贝卡,2.88,0.0,173.86,1.24,3260118067.0
601528,瑞丰银行,5.51,0.0,5.31,0.56,10811509286.0
601018,宁波港,3.83,0.0,14.42,0.94,74510307568.0
002786,银宝山新,9.34,0.0,-309.44,20.17,4629016080.0
600008,首创环保,3.3,0.0,13.03,1.19,24223949234.0
600248,陕建股份,3.93,0.0,6.98,0.53,14697159674.0
600117,西宁特钢,3.14,0.0,-21.77,2.35,10221060651.0
601005,重庆钢铁,1.52,0.0,-51.35,0.82,13454680926.0
603049,中策橡胶,53.54,0.0,10.0,1.94,46819958917.0
600642,申能股份,8.2,0.0,9.66,1.13,40131450883.0
600905,三峡能源,4.29,0.0,16.07,1.38,122641019109.0
002412,汉森制药,6.34,0.0,28.99,1.41,3190288000.0
002526,山东矿机,3.82,0.0,46.57,2.11,6810272454.0
002227,奥 特 迅,13.19,0.0,-49.5,3.42,3268563382.0
600310,广西能源,3.99,0.0,56.07,1.92,5848185781.0
600305,恒顺醋业,8.09,0.0,40.46,2.69,8951354662.0
688585,上纬新材,108.21,0.0,729.89,33.14,43647772587.0
002531,天顺风能,7.76,0.0,150.02,1.55,13943778386.0
688588,凌志软件,17.77,0.0,55.1,5.72,7108177753.0
600963,岳阳林纸,4.45,0.0,36.19,0.98,7821176950.0
600200,*ST苏吴,0.96,0.0,-7.68,0.39,682444301.0
002385,大北农,4.13,0.0,51.83,2.04,17759324473.0
601921,浙版传媒,8.04,0.0,21.15,1.31,17866666673.0
600936,广西广电,3.73,0.0,-13.58,6.38,6232927871.0
600746,江苏索普,7.17,0.0,49.87,1.54,8373433478.0
002406,远东传动,7.77,0.0,44.63,1.41,5673848887.0
601988,中国银行,5.6,0.0,7.62,0.67,1804389506158.0
002852,道道全,10.68,0.0,12.76,1.66,3673581497.0
600765,中航重机,16.17,0.0,25.89,1.78,25475708114.0
002573,清新环境,4.02,0.0,218.53,0.96,5689373658.0
600790,轻纺城,3.99,0.0,17.53,0.9,5848505803.0
600801,华新水泥,21.77,0.0,16.94,1.43,45259735279.0
002550,千红制药,8.91,0.0,22.32,4.15,11403018000.0
600255,鑫科材料,3.86,0.0,267.19,4.81,6971727246.0
600930,华电新能,6.44,0.0,26.15,2.43,268639999998.0
000531,穗恒运Ａ,7.06,0.0,16.96,1.09,7352293404.0
002613,北玻股份,3.96,0.0,307.67,2.0,4358252020.0
002238,天威视讯,8.75,0.0,-129.33,3.28,7022392650.0
600319,亚星化学,8.25,0.0,-16.67,7.94,3198602418.0
002607,中公教育,2.73,0.0,136.26,21.42,16837000332.0
601868,中国能建,2.47,0.0,18.38,0.94,102977174181.0
000333,美的集团,74.4,-0.01,11.32,2.59,571663144030.0
001306,夏厦精密,93.79,-0.01,174.82,4.4,5894757774.0
688018,乐鑫科技,173.86,-0.02,57.85,6.73,29059483719.0
605389,长龄液压,66.32,-0.02,64.89,4.54,9555854482.0
002432,九安医疗,40.04,-0.02,8.79,0.84,18615170174.0
600593,大连圣亚,49.29,-0.02,72.18,29.72,6348552000.0
301157,华塑科技,49.09,-0.02,116.03,2.69,2945400000.0
300699,光威复材,28.85,-0.03,43.36,4.34,23984505200.0
603882,金域医学,29.02,-0.03,-126.65,1.97,13443755141.0
002985,北摩高科,30.44,-0.03,59.4,3.86,10101623584.0
002714,牧原股份,50.4,-0.04,13.07,3.56,275323659862.0
688371,菲沃泰,23.22,-0.04,201.61,3.96,7789668106.0
603217,元利科技,24.37,-0.04,24.95,1.51,5071094812.0
002368,太极股份,27.76,-0.04,3206.61,3.34,17300900499.0
603270,金帝股份,24.98,-0.04,37.82,2.44,5473284542.0
600938,中国海油,27.15,-0.04,9.28,1.64,1290438250666.0
003002,壶化股份,26.78,-0.04,27.6,3.57,5356000000.0
688050,爱博医疗,70.24,-0.04,35.11,4.87,13584639012.0
301299,卓创资讯,55.96,-0.04,51.17,5.69,3378896138.0
603282,亚光股份,19.02,-0.05,19.3,1.93,2545256400.0
301267,华厦眼科,19.41,-0.05,28.2,2.72,16304400000.0
301153,中科江南,22.04,-0.05,-90.78,4.62,7776826783.0
301260,格力博,20.03,-0.05,-81.5,2.17,9663615192.0
688658,悦康药业,20.76,-0.05,-47.35,2.69,9342000000.0
300368,汇金股份,18.78,-0.05,-144.31,53.32,9933558461.0
300979,华利集团,55.24,-0.05,19.85,4.14,64465080000.0
600559,老白干酒,16.92,-0.06,29.0,2.93,15477526752.0
600587,新华医疗,16.2,-0.06,12.74,1.24,9828182288.0
300678,中科信息,33.54,-0.06,1651.91,11.75,9940796267.0
002052,同洲电子,15.8,-0.06,29.27,40.97,11888547165.0
000048,京基智农,16.74,-0.06,22.35,2.1,8876924865.0
301303,真兰仪表,16.55,-0.06,20.3,2.01,6765640000.0
603918,金桥信息,16.85,-0.06,-75.62,6.04,6157020768.0
301152,天力锂能,31.4,-0.06,-30.61,2.71,3728436220.0
300170,汉得信息,17.44,-0.06,91.88,3.22,17792223664.0
603529,爱玛科技,32.25,-0.06,11.02,2.94,28029376581.0
688366,昊海生科,50.62,-0.06,28.98,2.1,11773255029.0
605009,豪悦护理,32.75,-0.06,25.98,2.08,7043465210.0
603206,嘉环科技,16.69,-0.06,69.03,2.25,5093787800.0
000651,格力电器,40.69,-0.07,7.91,1.83,227921199601.0
603081,大丰实业,13.53,-0.07,46.56,1.79,5716413486.0
300940,南极光,27.96,-0.07,42.39,5.23,6225136641.0
688295,中复神鹰,27.28,-0.07,292.59,5.23,24552000000.0
600588,用友网络,14.99,-0.07,-27.11,6.79,51220791161.0
300856,科思股份,13.37,-0.07,61.2,2.38,6359936875.0
600505,西昌电力,13.93,-0.07,308.17,4.16,5078425275.0
300041,回天新材,12.25,-0.08,23.8,2.37,6853069220.0
002179,中航光电,37.78,-0.08,34.56,3.37,80028280269.0
605111,新洁能,37.63,-0.08,35.04,3.67,15628964496.0
001333,光华股份,26.19,-0.08,31.87,1.96,3352320000.0
301023,江南奕帆,39.87,-0.08,40.07,3.66,3116504336.0
688391,钜泉科技,32.54,-0.09,49.99,2.03,3748007962.0
300984,金沃股份,68.52,-0.09,169.64,8.14,8446364609.0
001378,德冠新材,23.12,-0.09,38.86,1.64,3082672832.0
603382,海阳科技,33.4,-0.09,48.78,3.49,6053795691.0
001389,广合科技,80.48,-0.09,35.46,9.42,34222912800.0
600661,昂立教育,10.56,-0.09,49.41,22.49,3025955645.0
600648,外高桥,11.01,-0.09,73.19,0.99,14972633520.0
600138,中青旅,9.68,-0.1,52.4,1.11,7006771200.0
002787,华源控股,10.38,-0.1,30.48,1.86,3479133098.0
603677,奇精机械,19.2,-0.1,52.64,3.18,3697936608.0
603725,天安新材,10.08,-0.1,23.63,3.71,3072965414.0
605296,神农集团,30.73,-0.1,26.2,3.09,16126010565.0
002116,中国海诚,10.5,-0.1,15.63,1.85,4893590709.0
001872,招商港口,20.72,-0.1,9.79,0.82,51421809961.0
300213,佳讯飞鸿,9.19,-0.11,-278.26,2.49,5462211225.0
002243,力合科创,9.48,-0.11,73.12,1.58,11476527996.0
301538,骏鼎达,83.75,-0.11,35.89,4.78,6566000000.0
002461,珠江啤酒,9.38,-0.11,16.49,1.87,20761021142.0
600299,安迪苏,9.46,-0.11,17.14,1.51,25370786043.0
002449,国星光电,8.95,-0.11,133.41,1.44,5535370663.0
600039,四川路桥,8.85,-0.11,13.84,1.62,76955977208.0
000948,南天信息,18.34,-0.11,-492.02,2.66,7150560115.0
002401,中远海科,17.41,-0.11,365.7,3.96,6470747540.0
002454,松芝股份,8.8,-0.11,19.49,1.36,5531518080.0
603040,新坐标,75.3,-0.12,36.83,7.06,10277463269.0
688768,容知日新,49.16,-0.12,120.62,4.16,4325525131.0
688089,嘉必优,24.05,-0.12,23.47,2.49,4047834336.0
002993,奥海科技,48.23,-0.12,27.85,2.69,13313409200.0
300930,屹通新材,32.38,-0.12,53.42,3.53,3238000000.0
603370,华新精科,50.46,-0.12,48.82,4.63,8827977000.0
301601,惠通科技,32.32,-0.12,151.63,3.58,4540313600.0
605123,派克新材,74.92,-0.12,28.67,1.97,9078123229.0
300144,宋城演艺,8.07,-0.12,21.08,2.53,21181170344.0
301199,迈赫股份,25.81,-0.12,36.72,2.5,4818107560.0
600055,万东医疗,15.99,-0.12,-309.87,2.4,11241946317.0
603609,禾丰股份,8.06,-0.12,42.72,1.14,7354677734.0
605499,东鹏饮料,285.98,-0.13,29.66,16.9,148713317740.0
601007,金陵饭店,7.4,-0.13,54.01,1.82,2886000000.0
600177,雅戈尔,7.49,-0.13,10.1,0.81,34629579846.0
301138,华研精机,37.43,-0.13,47.61,3.82,4491600000.0
300804,广康生化,39.4,-0.13,62.75,2.14,2915600000.0
002100,天康生物,7.8,-0.13,19.4,1.49,10648961817.0
300723,一品红,53.3,-0.13,-132.69,13.75,24075224428.0
002282,博深股份,7.49,-0.13,19.02,1.09,3946019227.0
600731,湖南海利,7.85,-0.13,15.29,1.33,4386127966.0
002159,三特索道,15.13,-0.13,14.56,1.83,2682569047.0
300563,神宇股份,38.2,-0.13,96.43,6.3,6854246093.0
601019,山东出版,7.69,-0.13,11.98,1.08,16048261000.0
002451,摩恩电气,7.0,-0.14,328.12,3.98,3084690000.0
002707,众信旅游,6.92,-0.14,84.06,7.55,6800388028.0
000968,蓝焰控股,7.29,-0.14,19.74,1.14,7053094391.0
600038,中直股份,36.38,-0.14,60.02,1.73,29827715089.0
600903,贵州燃气,7.1,-0.14,138.83,2.73,8165066797.0
002177,御银股份,7.36,-0.14,263.77,3.28,5602367924.0
605289,罗曼股份,70.29,-0.14,272.53,5.99,7662137175.0
002614,奥佳华,6.93,-0.14,58.63,1.0,4320720509.0
600682,南京新百,7.35,-0.14,29.72,0.56,9894071824.0
002480,新筑股份,6.89,-0.14,-93.98,5.5,5299572136.0
600336,澳柯玛,7.37,-0.14,-486.92,2.42,5881368848.0
002635,安洁科技,14.03,-0.14,69.06,1.59,9255405467.0
000417,合百集团,7.09,-0.14,16.18,1.15,5529378978.0
603071,物产环能,14.27,-0.14,13.2,1.41,7962009887.0
001391,国货航,6.58,-0.15,32.82,3.08,80334438461.0
002997,瑞鹄模具,39.08,-0.15,17.28,3.32,8180277381.0
600820,隧道股份,6.72,-0.15,14.54,0.69,21128325752.0
301036,双乐股份,32.82,-0.15,49.76,1.98,3282000000.0
000922,佳电股份,13.51,-0.15,35.94,2.06,9389249431.0
301373,凌玮科技,33.4,-0.15,26.33,2.2,3622967839.0
002778,中晟高科,19.95,-0.15,29.62,7.88,2488828335.0
600313,农发种业,6.47,-0.15,55.54,3.55,7001825350.0
000554,泰山石油,6.85,-0.15,21.82,2.84,3293434228.0
605089,味知香,25.86,-0.15,50.6,2.91,3568680000.0
301499,维科精密,27.51,-0.15,81.81,2.97,3803391364.0
600143,金发科技,20.62,-0.15,38.3,2.85,54366953812.0
300100,双林股份,40.22,-0.15,42.89,7.47,23005153847.0
001376,百通能源,12.85,-0.16,29.96,5.12,5922565000.0
000788,北大医药,6.17,-0.16,18.33,2.33,3677242412.0
688158,优刻得-W,24.35,-0.16,-69.75,4.7,11111028722.0
000625,长安汽车,12.49,-0.16,30.4,1.61,123826934889.0
002516,旷达科技,6.11,-0.16,58.53,2.46,8986824347.0
002591,恒大高新,6.4,-0.16,-625.75,2.92,1921276698.0
000498,山东路桥,6.36,-0.16,4.8,0.62,9873523526.0
002970,锐明技术,44.41,-0.16,21.95,4.16,8022102493.0
603693,江苏新能,12.74,-0.16,21.83,1.63,11357402711.0
600613,神奇制药,6.42,-0.16,52.25,1.48,3428739852.0
300743,天地数码,18.59,-0.16,23.15,4.53,2811560876.0
301458,钧崴电子,38.24,-0.16,66.98,6.17,10197334608.0
601133,柏诚股份,12.75,-0.16,37.98,2.3,6732234906.0
688053,ST思科瑞,30.28,-0.16,422.41,1.88,3028000000.0
000650,仁和药业,6.17,-0.16,14.87,1.38,8637618904.0
600611,大众交通,5.92,-0.17,92.01,1.38,13995607355.0
002598,山东章鼓,11.69,-0.17,44.16,2.97,3647829874.0
600694,大商股份,17.63,-0.17,7.99,0.7,6131146808.0
300623,捷捷微电,29.6,-0.17,53.25,4.17,24629565602.0
300639,凯普生物,5.75,-0.17,-21.84,0.97,3717378876.0
600655,豫园股份,5.77,-0.17,178.78,0.64,22459484235.0
600822,上海物贸,11.72,-0.17,195.67,4.76,5812802552.0
000526,学大教育,41.77,-0.17,16.52,5.1,5090138523.0
603262,技源集团,29.75,-0.17,76.57,7.76,11900297500.0
000877,天山股份,6.04,-0.17,-27.28,0.53,42947369832.0
000423,东阿阿胶,47.37,-0.17,17.96,3.07,30505182153.0
002389,航天彩虹,22.33,-0.18,2721.03,2.75,21993174749.0
300649,杭州园林,16.33,-0.18,230.39,4.33,2162363225.0
301372,科净源,27.49,-0.18,88.52,2.39,1885028611.0
000782,恒申新材,5.43,-0.18,-49.01,2.17,3728137594.0
000507,珠海港,5.59,-0.18,15.52,0.94,5141318063.0
300730,科创信息,17.0,-0.18,-52.25,16.35,4099362099.0
002413,雷科防务,5.69,-0.18,-89.91,2.21,7493670983.0
001207,联科科技,22.43,-0.18,15.82,2.06,4856699713.0
603350,安乃达,39.35,-0.18,35.77,3.48,4580930250.0
000030,富奥股份,5.59,-0.18,16.39,1.18,9613742624.0
301525,儒竞科技,92.82,-0.19,48.98,2.68,8754018306.0
603706,东方环宇,21.43,-0.19,22.02,2.45,4058471561.0
002358,森源电气,5.37,-0.19,26.05,1.49,4992794966.0
000950,重药控股,5.35,-0.19,18.06,0.8,9245788124.0
002585,双星新材,5.35,-0.19,-20.55,0.71,6106075974.0
000756,新华制药,15.73,-0.19,31.76,2.11,10850184896.0
001965,招商公路,10.43,-0.19,13.3,1.06,71136119019.0
002479,富春环保,5.14,-0.19,13.7,1.06,4446100000.0
003005,竞业达,21.56,-0.19,-111.33,2.78,4988740178.0
603193,润本股份,26.48,-0.19,30.2,4.93,10713630955.0
688106,金宏气体,20.62,-0.19,60.45,3.38,9938377040.0
002597,金禾实业,20.85,-0.19,17.73,1.58,11849469456.0
603580,*ST艾艾,15.03,-0.2,107.15,4.71,1964018196.0
000501,武商集团,9.88,-0.2,22.99,0.69,7597648182.0
600025,华能水电,10.09,-0.2,20.39,2.86,187987741053.0
300737,科顺股份,5.02,-0.2,208.04,1.24,5572049430.0
688570,天玛智控,19.54,-0.2,80.48,1.98,8460820000.0
600998,九州通,5.04,-0.2,9.65,0.96,25414049979.0
603929,亚翔集成,40.08,-0.2,26.57,4.71,8551468800.0
603325,博隆技术,79.64,-0.2,14.84,2.36,6371518560.0
603586,金麒麟,19.73,-0.2,21.75,1.67,3868121349.0
000998,隆平高科,9.79,-0.2,-16.26,2.51,14385896517.0
600789,鲁抗医药,10.0,-0.2,42.06,2.28,8986696320.0
600495,晋西车轴,5.09,-0.2,208.56,1.88,6149691610.0
603566,普莱柯,14.18,-0.21,21.12,1.93,4907163031.0
300531,优博讯,19.38,-0.21,55.24,4.43,6222510342.0
600075,新疆天业,4.75,-0.21,846.59,0.91,8109977133.0
600386,北巴传媒,4.83,-0.21,568.39,2.18,3894912000.0
603309,维力医疗,14.32,-0.21,16.36,2.16,4179598706.0
600894,广日股份,9.68,-0.21,15.54,0.96,8244246544.0
300293,蓝英装备,23.5,-0.21,-189.9,8.51,7953295491.0
600886,国投电力,14.35,-0.21,15.14,1.81,114864492660.0
603208,江山欧派,14.4,-0.21,-46.12,2.12,2551286506.0
002135,东南网架,4.65,-0.21,61.53,0.82,5187158295.0
301279,金道科技,23.42,-0.21,44.73,2.26,3038486748.0
688075,安旭生物,38.77,-0.21,41.54,0.96,4927000350.0
002951,金时科技,14.52,-0.21,-127.92,3.51,5880600000.0
601163,三角轮胎,14.22,-0.21,14.37,0.85,11376000000.0
601512,中新集团,9.32,-0.21,12.62,0.93,13969654800.0
600584,长电科技,41.8,-0.21,58.82,2.66,74797529026.0
600742,富维股份,9.51,-0.21,13.32,0.85,7066480439.0
600502,安徽建工,4.8,-0.21,7.45,0.75,8239362902.0
002567,唐人神,4.81,-0.21,-57.51,1.19,6892977200.0
605008,长鸿高科,18.56,-0.22,3575.46,5.99,11989062404.0
300685,艾德生物,23.04,-0.22,25.77,4.61,9020992758.0
000848,承德露露,8.91,-0.22,18.34,2.67,9378256799.0
003039,顺控发展,13.86,-0.22,30.76,3.04,8558809598.0
002103,广博股份,9.27,-0.22,29.66,4.13,4952710274.0
002395,双象股份,17.88,-0.22,19.72,3.19,4795576920.0
603131,上海沪工,22.79,-0.22,-2754.55,6.04,7247045292.0
002344,海宁皮城,4.6,-0.22,74.08,0.7,5900038016.0
000520,凤凰航运,4.52,-0.22,-61.69,11.36,4574617217.0
603948,建业股份,26.59,-0.23,18.44,2.06,4320586951.0
688385,复旦微电,65.82,-0.23,122.77,8.75,54066344886.0
000721,西安饮食,8.59,-0.23,-43.64,22.65,4929923906.0
300716,ST泉为,13.03,-0.23,-26.59,-1983.37,2085060600.0
300510,金冠股份,4.38,-0.23,-38.4,1.63,3612145266.0
000607,华媒控股,4.31,-0.23,-41.22,2.82,4386280147.0
002224,三 力 士,4.42,-0.23,108.15,1.23,3987354152.0
002564,天沃科技,8.75,-0.23,-414.66,57.56,7515414174.0
002172,澳洋健康,4.29,-0.23,52.05,19.78,3284991824.0
001213,中铁特货,4.26,-0.23,28.01,0.99,18933333331.0
301268,铭利达,21.64,-0.23,-175.19,5.15,8664587921.0
300036,超图软件,17.09,-0.23,147.04,3.13,8421381485.0
688633,星球石墨,25.83,-0.23,34.47,2.29,3713570757.0
002292,奥飞娱乐,8.57,-0.23,188.02,4.29,12672456403.0
300920,润阳科技,40.95,-0.24,107.85,3.45,4095000000.0
600035,楚天高速,4.16,-0.24,8.83,0.75,6698082148.0
600488,津药药业,4.21,-0.24,49.58,1.52,4596842923.0
600246,万通发展,12.25,-0.24,-412.92,4.39,23157552831.0
300557,理工光科,29.29,-0.24,67.07,3.55,3542530190.0
600511,国药股份,29.61,-0.24,11.23,1.24,22340833771.0
002165,红 宝 丽,8.48,-0.24,124.83,3.05,6235088218.0
000156,华数传媒,7.87,-0.25,28.71,0.98,14582578319.0
300228,富瑞特装,7.95,-0.25,20.19,1.97,4657599315.0
603013,亚普股份,23.96,-0.25,21.39,2.77,12281878365.0
688249,晶合集成,36.12,-0.25,98.78,3.45,72461601871.0
002375,亚厦股份,4.02,-0.25,17.6,0.67,5386785922.0
002166,莱茵生物,7.92,-0.25,62.58,1.91,5873546646.0
603351,威尔药业,27.41,-0.25,24.41,2.11,3712386608.0
301316,慧博云通,55.36,-0.25,226.4,20.31,22365440000.0
301047,义翘神州,74.5,-0.25,61.69,1.72,9061937279.0
000036,华联控股,3.99,-0.25,1375.79,1.11,5601236713.0
603773,沃格光电,31.95,-0.25,-66.25,6.21,7175485414.0
002094,青岛金王,8.14,-0.25,62.36,3.64,5623906049.0
300816,艾可蓝,39.92,-0.25,32.33,3.52,3193600000.0
002730,电光科技,16.06,-0.25,64.05,3.57,5815002873.0
603716,塞力医疗,24.3,-0.25,-43.9,4.82,5107128449.0
001338,永顺泰,11.93,-0.25,17.75,1.61,5985648850.0
688127,蓝特光学,32.48,-0.25,39.31,6.47,13100106432.0
002397,梦洁股份,3.95,-0.25,83.54,2.44,2953736700.0
603043,广州酒家,15.96,-0.25,116.08,2.52,9077582048.0
001201,东瑞股份,15.86,-0.25,615.59,1.21,4088454256.0
300442,润泽科技,47.1,-0.25,12.27,5.68,76977582288.0
600660,福耀玻璃,67.36,-0.25,18.66,4.96,175792324316.0
601568,北元集团,3.94,-0.25,54.91,1.37,15650555563.0
002425,ST凯文,3.97,-0.25,-26.47,1.31,3797960312.0
603311,金海高科,11.65,-0.26,26.92,2.0,2748047517.0
601226,华电科工,7.58,-0.26,81.68,2.04,8836175034.0
600855,航天长峰,15.41,-0.26,-70.04,4.72,7220243438.0
605507,国邦医药,22.7,-0.26,14.19,1.53,12685293450.0
000698,ST沈化,3.81,-0.26,26.34,2.11,3122349845.0
300686,智动力,15.49,-0.26,-46.98,4.29,4037069168.0
603005,晶方科技,30.46,-0.26,54.42,4.38,19865150165.0
000889,中嘉博创,3.77,-0.26,-82.32,44.75,3529817507.0
600329,达仁堂,42.03,-0.26,8.4,3.68,32367065783.0
603018,华设集团,7.79,-0.26,26.36,1.03,5326773979.0
000708,中信特钢,14.51,-0.27,12.68,1.76,73234260099.0
601929,吉视传媒,3.66,-0.27,-27.65,2.55,12772624695.0
300976,达瑞电子,69.01,-0.27,30.04,2.61,9254531946.0
002038,双鹭药业,7.47,-0.27,40.79,1.35,7674304500.0
300480,光力科技,18.61,-0.27,134.85,5.12,6566158893.0
603826,坤彩科技,18.46,-0.27,148.53,6.2,12094992000.0
300622,博士眼镜,29.59,-0.27,57.57,7.95,6742204594.0
600261,阳光照明,3.63,-0.27,28.23,1.4,4846242267.0
603650,彤程新材,43.65,-0.27,39.69,7.33,26144405611.0
300515,三德科技,21.39,-0.28,28.67,5.1,4401088755.0
300829,金丹科技,17.95,-0.28,23.16,1.69,4079588171.0
603681,永冠新材,17.54,-0.28,54.46,1.33,3352439371.0
002559,亚威股份,10.84,-0.28,43.78,3.37,5959452860.0
001356,富岭股份,14.29,-0.28,63.34,4.12,8421382800.0
601188,龙江交通,3.62,-0.28,24.94,1.01,4725801092.0
300406,九强生物,13.52,-0.29,21.82,2.07,7926892651.0
600377,宁沪高速,13.68,-0.29,13.47,1.71,68916385800.0
000731,四川美丰,6.81,-0.29,-391.51,0.94,3805626382.0
300784,利安科技,54.16,-0.29,52.89,3.81,3045828416.0
605268,王力安防,10.23,-0.29,33.63,2.66,4565674575.0
603499,翔港科技,17.41,-0.29,41.39,6.03,5268168330.0
603213,镇洋发展,13.96,-0.29,91.32,3.32,6169915397.0
601228,广州港,3.41,-0.29,23.31,1.22,25726851907.0
300757,罗博特科,229.29,-0.29,-385.6,23.08,38430863771.0
300078,思创医惠,3.49,-0.29,-614.43,6.75,3901374083.0
301366,一博科技,38.44,-0.29,351.73,3.77,8054571566.0
601869,长飞光纤,91.0,-0.3,116.6,6.1,68969364828.0
002488,金固股份,10.07,-0.3,178.97,2.86,10024071385.0
301429,森泰股份,19.65,-0.3,40.2,1.71,2323023000.0
601106,中国一重,3.35,-0.3,-108.73,4.33,22973572805.0
002271,东方雨虹,13.08,-0.3,28.94,1.5,31244194247.0
301408,华人健康,13.36,-0.3,25.57,2.55,5344133600.0
300272,开能健康,6.64,-0.3,31.94,2.83,4060157294.0
002453,华软科技,6.68,-0.3,-32.67,5.92,5426612402.0
000503,国新健康,9.87,-0.3,-52.48,7.64,9685554691.0
603991,至正股份,65.78,-0.3,-124.61,24.74,4902912168.0
301180,万祥科技,16.02,-0.31,497.71,4.86,6408160200.0
688121,卓然股份,13.0,-0.31,-6932.26,1.19,3036982039.0
002832,比音勒芬,15.87,-0.31,10.93,1.74,9057121423.0
002286,保龄宝,9.65,-0.31,20.55,1.67,3672475217.0
301548,崇德科技,54.16,-0.31,34.63,3.12,4711920000.0
920478,峆一药业,22.49,-0.31,28.89,3.47,1770158663.0
002239,奥特佳,3.18,-0.31,70.07,1.89,10522091624.0
300305,裕兴股份,6.41,-0.31,-9.54,1.17,2406315872.0
688273,麦澜德,41.56,-0.31,32.47,3.04,4156000000.0
000978,桂林旅游,6.35,-0.31,62.33,2.68,2972625500.0
000631,顺发恒能,3.19,-0.31,95.16,1.3,7640940278.0
600105,永鼎股份,16.03,-0.31,53.41,7.1,23435776676.0
600469,风神股份,6.39,-0.31,22.64,1.37,4661191066.0
300306,远方信息,12.77,-0.31,52.27,2.34,3434603595.0
301388,欣灵电气,31.82,-0.31,136.93,3.34,3259882632.0
002204,大连重工,6.52,-0.31,19.28,1.63,12592532609.0
301328,维峰电子,46.03,-0.32,46.49,2.6,5058402132.0
002988,豪美新材,40.33,-0.32,52.77,3.76,10072479729.0
605098,行动教育,40.57,-0.32,16.89,5.01,4838017127.0
300249,依米康,15.37,-0.32,226.95,21.37,6770300468.0
603587,地素时尚,12.59,-0.32,18.97,1.66,5968828188.0
002442,龙星科技,6.26,-0.32,32.59,1.73,3150588326.0
002107,沃华医药,6.19,-0.32,41.87,5.16,3572927424.0
000716,黑芝麻,6.18,-0.32,512.14,1.83,4656565419.0
603202,天有为,96.12,-0.32,14.62,2.35,15379200000.0
600159,大龙地产,3.07,-0.32,-118.44,1.48,2548109922.0
600350,山东高速,9.49,-0.32,13.53,1.58,45880077129.0
002045,国光电器,15.71,-0.32,346.61,2.0,8836610004.0
601857,中国石油,9.09,-0.33,9.9,1.07,1663660688366.0
301080,百普赛斯,64.4,-0.33,61.22,4.09,10809423951.0
002642,荣联科技,8.97,-0.33,694.97,5.05,5934375408.0
600335,国机汽车,6.08,-0.33,18.89,0.78,9094395247.0
603995,甬金股份,17.99,-0.33,10.97,1.15,6577465265.0
600887,伊利股份,27.18,-0.33,11.94,3.23,171923302929.0
002831,裕同科技,27.33,-0.33,15.98,2.19,25157633955.0
688322,奥比中光-UW,88.06,-0.33,245.24,11.87,35320851910.0
603982,泉峰汽车,9.05,-0.33,-9.89,1.41,3304417405.0
603900,莱绅通灵,9.17,-0.33,34.15,1.59,3145528613.0
002876,三利谱,24.12,-0.33,69.91,1.76,4194104560.0
301280,珠城科技,53.64,-0.33,34.16,3.93,7336886710.0
301282,金禄电子,27.49,-0.33,50.7,2.43,4154837720.0
300310,宜通世纪,5.85,-0.34,1140.23,2.7,5157702406.0
605377,华旺科技,8.88,-0.34,17.96,1.29,4943231980.0
688268,华特气体,68.29,-0.34,52.73,4.39,8215623055.0
002476,宝莫股份,5.91,-0.34,71.64,3.77,3616920000.0
300203,聚光科技,17.74,-0.34,-95.78,2.8,7960605024.0
603078,江化微,20.33,-0.34,74.64,4.05,7840005252.0
688683,莱尔科技,34.78,-0.34,131.33,5.26,5397088371.0
002304,洋河股份,69.39,-0.34,12.03,2.14,104532223685.0
603689,XD皖天然,8.85,-0.34,12.4,1.3,4338209979.0
000909,ST数源,5.81,-0.34,-28.27,2.56,2543119763.0
688553,汇宇制药-W,20.5,-0.34,-128.19,2.35,8683800000.0
603027,千禾味业,8.83,-0.34,33.96,3.67,11771497388.0
688799,华纳药厂,50.09,-0.34,46.25,3.57,6577818800.0
001259,利仁科技,28.55,-0.35,378.42,2.94,2100962752.0
603789,*ST星农,5.77,-0.35,-19.06,8.01,1560504578.0
603727,博迈科,14.15,-0.35,160.92,1.26,3986327770.0
301507,民生健康,14.24,-0.35,33.28,3.13,5077333659.0
603196,日播时尚,23.04,-0.35,94.45,8.03,5460210017.0
002124,天邦食品,2.87,-0.35,9.06,1.58,6376950098.0
600018,上港集团,5.65,-0.35,8.18,0.96,131539713730.0
688671,碧兴物联,22.83,-0.35,-37.48,1.66,1792586487.0
600610,中毅达,11.24,-0.35,200.21,106.08,12041126560.0
605018,长华集团,11.51,-0.35,66.6,1.99,5410457277.0
000571,新大洲A,5.77,-0.35,-35.56,34.12,4841774330.0
688085,三友医疗,20.01,-0.35,80.74,3.22,6672584585.0
603357,设计总院,8.52,-0.35,13.48,1.25,4776123785.0
000008,神州高铁,2.86,-0.35,-66.8,2.65,7768840173.0
600893,航发动力,39.91,-0.35,579.57,2.68,106383866039.0
601006,大秦铁路,5.77,-0.35,14.01,0.7,116249215421.0
000670,盈方微,8.26,-0.36,-119.98,249.79,6934182114.0
301668,昊创瑞通,58.08,-0.36,51.92,6.11,6388800000.0
603568,伟明环保,22.1,-0.36,13.23,2.59,37670734430.0
688021,奥福科技,19.51,-0.36,-16436.68,1.74,1490831619.0
605167,利柏特,10.94,-0.36,20.21,2.56,4912825800.0
301175,中科环保,5.47,-0.36,20.23,2.23,8051183600.0
301169,零点有数,44.28,-0.36,-44.28,7.29,3189954934.0
688400,凌云光,41.28,-0.36,107.58,4.76,19029119538.0
600477,杭萧钢构,2.74,-0.36,25.43,1.28,6490967251.0
301378,通达海,30.75,-0.36,-44.15,2.28,2970450000.0
600895,张江高科,44.73,-0.36,93.83,5.25,69272883572.0
002469,三维化学,8.35,-0.36,26.48,2.07,5418002961.0
600252,中恒集团,2.77,-0.36,163.43,1.51,8850782585.0
300571,平治信息,32.48,-0.37,457.33,3.12,4531878989.0
003025,思进智能,13.58,-0.37,24.93,3.11,3856089318.0
600624,ST复华,5.32,-0.37,-253.95,5.68,3614125731.0
603833,欧派家居,53.88,-0.37,16.12,1.81,32821148554.0
301287,康力源,40.67,-0.37,35.86,2.34,2711468900.0
002833,弘亚数控,16.02,-0.37,15.02,2.37,6796195551.0
300668,杰恩设计,18.86,-0.37,96.34,2.9,2270390809.0
300053,航宇微,13.34,-0.37,-96.18,5.46,9296303469.0
301256,华融化学,10.88,-0.37,73.75,3.06,5222400000.0
000678,襄阳轴承,13.39,-0.37,-198.14,7.95,6154201962.0
001335,信凯科技,37.81,-0.37,41.47,3.69,3544292764.0
301078,孩子王,10.84,-0.37,49.04,3.29,13673141381.0
600168,武汉控股,5.33,-0.37,47.89,0.99,5294809043.0
000993,闽东电力,10.85,-0.37,24.6,1.87,4968773287.0
600935,华塑股份,2.59,-0.38,-58.24,1.56,9310371565.0
300487,蓝晓科技,55.63,-0.38,32.5,7.05,28241436716.0
688099,晶晨股份,96.36,-0.38,43.61,5.81,40577317703.0
688080,映翰通,52.8,-0.38,28.45,3.46,3889043770.0
600215,派斯林,7.77,-0.38,-31.89,1.77,3597474103.0
688300,联瑞新材,65.2,-0.38,53.67,10.15,15743791188.0
600809,山西汾酒,186.57,-0.38,13.38,6.35,227608724899.0
300859,西域旅游,39.02,-0.38,46.01,7.47,6048100000.0
688517,金冠电气,15.87,-0.38,27.49,2.71,2168051230.0
600132,重庆啤酒,52.99,-0.38,14.82,15.85,25645633782.0
603233,大参林,18.17,-0.38,14.36,2.94,20692866252.0
301306,西测测试,56.64,-0.39,-33.83,5.22,4780416000.0
000990,诚志股份,7.67,-0.39,67.49,0.52,9320871893.0
002862,实丰文化,18.01,-0.39,-38.6,7.56,3025680000.0
603076,乐惠国际,25.66,-0.39,69.13,2.39,3097196487.0
301050,雷电微力,46.51,-0.39,54.48,3.68,11385265130.0
600455,博通股份,28.0,-0.39,45.56,5.29,1748824000.0
000601,韶能股份,5.14,-0.39,24.14,1.33,5554035579.0
300493,润欣科技,20.55,-0.39,171.45,9.05,10533417216.0
301119,正强股份,41.2,-0.39,35.31,4.2,4284800000.0
600713,南京医药,5.07,-0.39,11.39,0.97,6636276444.0
001217,华尔泰,12.88,-0.39,145.83,1.9,4274485600.0
002866,传艺科技,18.04,-0.39,56.87,2.51,5222981498.0
600199,金种子酒,10.22,-0.39,-50.17,3.25,6722683541.0
000710,贝瑞基因,12.84,-0.39,-83.31,2.76,4539215611.0
300868,杰美特,29.69,-0.4,-113.42,2.52,3798894880.0
000078,海王生物,2.52,-0.4,193.47,3.64,6630430608.0
605388,均瑶健康,7.39,-0.4,-1404.99,2.59,4437576760.0
688211,中科微至,32.36,-0.4,-34.08,1.22,4258857467.0
300214,日科化学,7.53,-0.4,653.74,1.45,3500716683.0
002307,北新路桥,4.93,-0.4,-47.76,2.11,6252677499.0
300796,贝斯美,9.92,-0.4,86.21,2.08,3582537290.0
001216,华瓷股份,14.96,-0.4,14.95,2.08,3767925832.0
301598,博科测试,70.9,-0.41,40.16,4.41,4175813111.0
300448,浩云科技,7.33,-0.41,-157.4,4.04,4958870189.0
603893,瑞芯微,191.99,-0.41,77.75,19.02,80812248410.0
600979,广安爱众,4.84,-0.41,39.3,1.34,6106419851.0
603707,健友股份,9.78,-0.41,27.59,2.36,15800909997.0
600283,钱江水利,9.64,-0.41,25.55,1.79,5406352017.0
001313,粤海饲料,7.24,-0.41,145.09,1.99,5068000000.0
000404,长虹华意,7.22,-0.41,9.92,1.18,5025090968.0
600227,赤天化,2.44,-0.41,-42.09,1.65,4120495551.0
688479,友车科技,19.36,-0.41,86.18,1.51,2793984864.0
002672,东江环保,4.91,-0.41,-7.27,1.78,5426805988.0
600467,好当家,2.43,-0.41,98.5,1.04,3550216159.0
300157,新锦动力,4.84,-0.41,34.82,-18.33,3649058502.0
000951,中国重汽,17.17,-0.41,15.08,1.3,20172506911.0
001227,兰州银行,2.42,-0.41,7.24,0.45,13783587147.0
002757,南兴股份,17.04,-0.41,41.12,2.52,5034568758.0
000700,模塑科技,9.53,-0.42,14.91,2.24,8748686657.0
002125,湘潭电化,14.37,-0.42,43.12,2.96,9045652216.0
002749,国光股份,14.39,-0.42,18.09,3.48,6710899535.0
600019,宝钢股份,7.08,-0.42,15.8,0.76,154217160023.0
002887,绿茵生态,9.48,-0.42,30.93,1.27,2900755547.0
603797,联泰环保,4.76,-0.42,16.25,0.84,2744640704.0
688520,神州细胞,52.63,-0.42,-347.01,-46.54,23438018628.0
002042,华孚时尚,4.73,-0.42,115.31,1.4,8044222809.0
000768,中航西飞,26.0,-0.42,54.65,3.32,72309875846.0
601700,风范股份,4.75,-0.42,304.55,2.09,5425671825.0
301139,元道通信,21.4,-0.42,110.68,1.33,2601829120.0
600327,大东方,4.73,-0.42,56.39,1.32,4185007120.0
300793,佳禾智能,16.59,-0.42,164.26,2.11,6313130596.0
301248,杰创智能,26.12,-0.42,132.23,2.63,4014774600.0
688591,泰凌微,48.66,-0.43,62.9,4.73,11714580462.0
300880,迦南智能,18.57,-0.43,39.82,3.46,3623699290.0
300381,溢多利,6.95,-0.43,140.61,1.32,3412877154.0
601952,苏垦农发,9.36,-0.43,31.82,1.9,12898080000.0
600285,羚锐制药,23.03,-0.43,15.05,4.02,13060669643.0
002514,宝馨科技,6.87,-0.43,-68.13,40.16,4946635394.0
002827,高争民爆,37.26,-0.43,61.42,10.18,10322733960.0
600158,中体产业,9.22,-0.43,-314.92,3.4,8846710478.0
603057,紫燕食品,18.38,-0.43,29.36,3.79,7600382725.0
300755,华致酒行,20.92,-0.43,-32.91,2.99,8719422528.0
002427,尤夫股份,6.89,-0.43,285.13,7.22,6789631834.0
688110,东芯股份,101.31,-0.43,-229.87,14.4,44804322983.0
300292,吴通控股,4.64,-0.43,50.87,4.44,6225789479.0
600073,光明肉业,7.0,-0.43,29.3,1.31,6564106304.0
301195,北路智控,34.59,-0.43,32.71,1.89,4568295766.0
003032,*ST传智,6.76,-0.44,-239.68,2.17,2720545100.0
003004,*ST声迅,20.19,-0.44,-80.71,2.6,1652790146.0
002521,齐峰新材,9.07,-0.44,37.22,1.3,5079753724.0
000779,甘咨询,8.96,-0.44,19.81,1.05,4164871890.0
000530,冰山冷热,6.77,-0.44,47.42,1.79,5708548672.0
002644,佛慈制药,8.95,-0.44,90.01,2.51,4570380150.0
301349,信德新材,45.0,-0.44,112.05,1.68,4590000000.0
301171,易点天下,29.37,-0.44,51.06,3.7,13859289030.0
600229,城市传媒,6.74,-0.44,106.48,1.41,4453170464.0
688119,中钢洛耐,4.52,-0.44,77.93,1.7,5085000000.0
603161,科华控股,13.64,-0.44,23.85,1.81,2651721096.0
601728,中国电信,6.85,-0.44,15.28,1.37,626823900088.0
301602,超研股份,25.0,-0.44,90.29,8.23,10708240950.0
600635,大众公用,6.76,-0.44,29.97,2.24,19958458403.0
600527,江南高纤,2.27,-0.44,126.2,1.91,3931097248.0
603310,巍华新材,17.76,-0.45,42.38,1.55,6133238400.0
601500,通用股份,4.41,-0.45,47.74,1.14,7008882391.0
600449,宁夏建材,13.36,-0.45,21.64,0.86,6388498721.0
300378,鼎捷数智,51.37,-0.45,204.67,6.13,13941449677.0
300580,贝斯特,26.37,-0.45,41.91,4.06,13199341720.0
688601,力芯微,39.47,-0.45,137.73,4.29,5276850869.0
300898,熊猫乳品,26.33,-0.45,34.15,3.33,3264920000.0
002705,新宝股份,15.53,-0.45,11.61,1.53,12608430863.0
600768,宁波富邦,13.21,-0.45,82.11,4.56,1766800512.0
600232,金鹰股份,6.63,-0.45,215.36,2.57,2418083947.0
603026,石大胜华,57.81,-0.45,-119.39,2.78,13452445619.0
301368,丰立智能,64.53,-0.45,5600.82,7.99,7750053000.0
601619,嘉泽新能,4.39,-0.45,16.12,1.59,12786560380.0
603010,万盛股份,11.0,-0.45,97.11,1.79,6485364523.0
001223,欧克科技,55.8,-0.46,37.7,2.71,5209041600.0
600754,锦江酒店,21.84,-0.46,31.41,1.5,23287958017.0
605166,聚合顺,10.88,-0.46,18.4,1.76,3424254860.0
002365,永安药业,17.22,-0.46,149.27,2.57,5074432650.0
605108,同庆楼,19.3,-0.46,124.63,2.25,5018000000.0
002632,道明光学,10.88,-0.46,28.39,3.17,6795638099.0
300373,扬杰科技,73.74,-0.46,30.86,4.33,40066465813.0
603068,博通集成,39.21,-0.46,153.35,3.48,5898162917.0
300101,振芯科技,23.68,-0.46,108.71,7.29,13448006976.0
000900,现代投资,4.34,-0.46,11.4,0.59,6587374970.0
002198,嘉应制药,6.43,-0.46,112.3,4.6,3263288323.0
002760,凤形股份,21.49,-0.46,101.86,2.81,2320677292.0
605168,三人行,30.04,-0.46,21.96,2.36,6332942259.0
002082,万邦德,15.15,-0.46,1555.66,3.46,9267089183.0
301149,隆华新材,10.84,-0.46,34.83,2.28,4661200195.0
600743,华远控股,2.17,-0.46,-104.61,8.04,5091038897.0
000151,中成股份,12.65,-0.47,-112.8,12.82,4267739709.0
600597,光明乳业,8.46,-0.47,26.84,1.17,11661888035.0
000707,双环科技,6.4,-0.47,-106.98,1.31,3742190035.0
300532,今天国际,12.79,-0.47,19.74,3.11,5798015060.0
688595,芯海科技,35.71,-0.47,-66.26,7.39,5145564315.0
301559,中集环科,17.02,-0.47,76.93,2.24,10212000000.0
301135,瑞德智能,29.37,-0.47,96.09,2.4,2994330240.0
300552,万集科技,25.32,-0.47,-34.85,3.0,5396530396.0
301516,中远通,16.94,-0.47,-85.69,3.68,4755087730.0
688091,上海谊众,55.15,-0.47,168.77,7.88,11399705746.0
688265,南模生物,46.01,-0.48,100.52,2.12,3587101233.0
000568,泸州老窖,129.87,-0.48,12.47,4.11,191162341695.0
000815,美利云,12.33,-0.48,198.79,6.35,8572593222.0
600845,宝信软件,22.71,-0.48,44.54,5.93,65195386593.0
603489,八方股份,25.04,-0.48,91.24,2.21,5874834194.0
300516,久之洋,39.59,-0.48,245.78,5.49,7126200000.0
300488,恒锋工具,34.96,-0.48,39.76,3.71,6053215344.0
300770,新媒股份,48.15,-0.48,16.07,2.99,10970428157.0
603052,可川科技,29.06,-0.48,108.29,5.02,5460295015.0
600193,*ST创兴,4.13,-0.48,-90.96,19.72,1756790490.0
300832,新产业,60.6,-0.48,29.64,5.44,47614558371.0
688088,虹软科技,53.75,-0.48,114.11,8.1,21562909000.0
601083,锦江航运,12.37,-0.48,10.07,1.78,16008264400.0
600928,西安银行,4.13,-0.48,6.32,0.53,18355555558.0
301595,太力科技,39.14,-0.48,59.81,4.76,4238079200.0
603400,华之杰,58.09,-0.48,39.39,4.61,5809000000.0
301258,富士莱,35.0,-0.48,32.79,1.68,3208450000.0
603883,老百姓,16.52,-0.48,17.79,1.84,12536866699.0
603721,*ST天择,20.54,-0.48,-101.37,5.85,2670200000.0
603189,网达软件,22.97,-0.48,641.77,4.12,6191525577.0
603307,扬州金泉,46.27,-0.49,23.93,2.24,3140668790.0
300323,华灿光电,8.2,-0.49,-51.02,1.96,13308590135.0
002691,冀凯股份,8.07,-0.49,-44.88,3.23,2743800000.0
601225,陕西煤业,22.52,-0.49,12.88,2.31,218331400000.0
000906,浙商中拓,6.12,-0.49,17.14,0.91,4343138655.0
688687,凯因科技,28.2,-0.49,35.27,2.68,4820632700.0
600668,尖峰集团,12.13,-0.49,5.78,0.87,5008484205.0
002936,郑州银行,2.02,-0.49,5.64,0.4,18366024543.0
600518,康美药业,2.03,-0.49,830.48,3.9,28072660281.0
603211,晋拓股份,18.28,-0.49,66.68,4.04,4968650240.0
000590,启迪药业,12.26,-0.49,-148.57,5.03,2935917733.0
600463,空港股份,11.9,-0.5,-34.1,3.84,3570000000.0
300477,ST合纵,1.99,-0.5,-11.83,2.16,2133317187.0
300758,七彩化学,14.02,-0.5,58.18,3.18,5692661116.0
600736,苏州高新,5.96,-0.5,19.54,0.94,6861705726.0
002893,京能热力,11.93,-0.5,40.78,2.59,3145225200.0
603313,梦百合,9.95,-0.5,26.46,1.54,5677339506.0
601113,华鼎股份,4.02,-0.5,14.52,1.13,4438691949.0
688512,慧智微-U,11.89,-0.5,-42.52,3.12,5550769786.0
300975,商络电子,13.86,-0.5,50.52,4.18,9521897671.0
688628,优利德,35.6,-0.5,20.3,3.34,3978926133.0
301587,中瑞股份,23.9,-0.5,105.08,1.76,3521140156.0
000913,钱江摩托,15.93,-0.5,19.64,1.78,8388634455.0
688545,兴福电子,37.89,-0.5,61.86,4.68,13640400000.0
600100,同方股份,7.84,-0.51,59.8,1.63,26266334070.0
600917,重庆燃气,5.85,-0.51,48.98,1.6,9132082596.0
603429,集友股份,9.8,-0.51,-645.22,4.17,5139957557.0
300369,绿盟科技,7.85,-0.51,-24.34,2.56,6363381813.0
301332,德尔玛,9.83,-0.51,38.35,1.56,4537159375.0
600590,泰豪科技,9.75,-0.51,127.25,2.6,8315480063.0
688013,天臣医疗,52.52,-0.51,44.43,7.11,4262292112.0
002106,莱宝高科,11.7,-0.51,26.67,1.48,8258049072.0
603676,卫信康,11.78,-0.51,17.54,3.36,5126202470.0
300271,华宇软件,7.75,-0.51,-34.25,1.72,6291920216.0
002693,*ST双成,7.77,-0.51,-957.65,8.24,3222139358.0
001298,好上好,33.0,-0.51,149.49,6.08,9795587868.0
603102,百合股份,42.88,-0.51,20.79,1.69,2744320000.0
002542,中化岩土,3.83,-0.52,-21.88,10.36,6917427107.0
300935,盈建科,28.87,-0.52,-36.28,2.89,2293163732.0
300481,濮阳惠成,15.23,-0.52,30.68,1.85,4444958321.0
000932,华菱钢铁,5.74,-0.52,11.85,0.71,39655550544.0
605588,冠石科技,55.09,-0.52,-166.16,3.93,4047363193.0
301009,可靠股份,13.45,-0.52,98.0,2.74,3656517000.0
000999,华润三九,28.79,-0.52,15.27,2.27,47913883111.0
605259,绿田机械,22.98,-0.52,14.84,2.21,3963590400.0
001279,强邦新材,38.13,-0.52,96.05,6.15,6100800000.0
603868,飞科电器,36.1,-0.52,25.8,4.81,15725160000.0
300318,博晖创新,5.7,-0.52,-103.89,3.46,4656332822.0
603391,力聚热能,53.65,-0.52,65.04,2.33,4882150000.0
002093,国脉科技,11.48,-0.52,44.27,3.01,11566100000.0
002422,科伦药业,34.67,-0.52,27.68,2.36,55404510407.0
002652,扬子新材,3.79,-0.52,-93.26,7.74,1940722560.0
301209,联合化学,89.53,-0.52,158.61,13.14,10027360000.0
688543,国科军工,53.9,-0.52,59.05,4.9,11256585309.0
000528,柳    工,11.44,-0.52,11.96,1.28,23249246970.0
002482,广田集团,1.87,-0.53,-55.13,14.62,7014299619.0
600080,金花股份,7.53,-0.53,61.14,1.77,2810725246.0
688786,悦安新材,30.1,-0.53,52.86,6.01,4328380090.0
688448,磁谷科技,39.35,-0.53,236.78,2.79,2819518005.0
600501,航天晨光,22.6,-0.53,-64.07,5.61,9668826920.0
002250,联化科技,11.34,-0.53,24.54,1.55,10334517547.0
300026,红日药业,3.77,-0.53,105.18,1.31,11325663735.0
002662,峰璟股份,3.76,-0.53,20.77,1.28,5640000000.0
002041,登海种业,9.42,-0.53,115.15,2.29,8289600000.0
600779,水井坊,41.31,-0.53,95.53,4.18,20138757109.0
601339,百隆东方,5.63,-0.53,10.82,0.9,8442573470.0
600257,大湖股份,5.57,-0.54,-521.17,3.37,2680491137.0
001221,悍高集团,62.27,-0.54,38.64,9.09,24908622700.0
688681,科汇股份,18.55,-0.54,41.21,3.21,1941628500.0
002743,富煌钢构,5.55,-0.54,39.44,0.74,2415740053.0
600770,综艺股份,5.54,-0.54,59.49,2.1,7202000000.0
600689,上海三毛,14.64,-0.54,129.73,6.27,2942513262.0
605218,伟时电子,20.43,-0.54,134.25,3.29,4348187588.0
002255,海陆重工,9.22,-0.54,17.97,1.73,7660723327.0
601399,国机重装,3.66,-0.54,45.38,1.78,26401614557.0
002072,凯瑞德,7.32,-0.54,-65.94,86.76,2691417600.0
601811,新华文轩,14.73,-0.54,10.61,1.2,18174477930.0
603822,嘉澳环保,88.45,-0.54,-200.92,15.21,6795249617.0
603600,永艺股份,11.1,-0.54,14.37,1.6,3667808187.0
301066,万事利,14.73,-0.54,129.2,2.76,3460417425.0
002923,润都股份,12.91,-0.54,-59.73,4.06,4323472322.0
002666,德联集团,5.51,-0.54,36.57,1.24,4341876149.0
600615,鑫源智造,12.95,-0.54,149.27,3.96,2921838700.0
001395,亚联机械,48.2,-0.54,22.63,3.66,4204968000.0
002142,宁波银行,27.6,-0.54,6.09,0.84,182259105859.0
000761,本钢板材,3.61,-0.55,-5.02,1.7,14830729220.0
603281,江瀚新材,25.47,-0.55,22.13,2.02,9508800017.0
603291,联合水务,10.8,-0.55,55.96,2.58,4570782523.0
301317,鑫磊股份,32.76,-0.55,10.18,3.83,5149544400.0
603667,五洲新春,43.29,-0.55,120.73,5.31,15852917913.0
300616,尚品宅配,12.61,-0.55,-26.72,0.9,2831146508.0
600137,浪莎股份,19.79,-0.55,91.29,3.61,1923936067.0
603215,比依股份,19.8,-0.55,38.65,3.06,3721203110.0
300261,雅本化学,7.23,-0.55,-755.24,3.47,6964727475.0
002133,广宇集团,3.64,-0.55,15.54,0.96,2817884797.0
603051,鹿山新材,21.71,-0.55,225.25,1.99,3509050172.0
688007,光峰科技,17.99,-0.55,-31.57,3.21,8268485274.0
301116,益客食品,10.87,-0.55,-12.7,3.31,4880408176.0
002234,民和股份,8.98,-0.55,-10.2,1.73,3133662704.0
300094,国联水产,3.52,-0.56,-3.72,3.86,3971148731.0
000919,金陵药业,7.14,-0.56,48.65,1.17,4440541130.0
002371,北方华创,423.62,-0.56,47.81,9.08,306738442385.0
300783,三只松鼠,23.19,-0.56,43.48,3.13,9314701791.0
300971,博亚精工,24.93,-0.56,33.26,2.78,2931768000.0
300663,科蓝软件,17.67,-0.56,-600.87,11.18,8454220194.0
600189,泉阳泉,7.07,-0.56,107.73,4.1,5056448531.0
300294,博雅生物,24.9,-0.56,27.46,1.64,12555793576.0
001225,和泰机电,53.0,-0.56,90.61,2.52,3490940400.0
603271,永杰新材,42.24,-0.56,20.19,2.95,8309452800.0
688435,英方软件,35.2,-0.56,-149.9,2.67,2939200000.0
688277,天智航-U,17.75,-0.56,-53.22,6.33,8093858604.0
603590,康辰药业,47.86,-0.56,44.73,2.39,7626800989.0
688409,富创精密,75.18,-0.57,937.61,5.05,23020925764.0
601992,金隅集团,1.74,-0.57,-6.21,0.46,18579321773.0
000880,潍柴重机,31.56,-0.57,58.77,7.12,14639069390.0
601928,凤凰传媒,10.45,-0.57,11.72,1.32,26594205000.0
002360,同德化工,5.23,-0.57,-158.6,1.05,2101279317.0
000610,西安旅游,12.17,-0.57,-26.9,18.43,2881221955.0
300603,立昂技术,10.52,-0.57,-61.21,3.48,4889677390.0
300328,宜安科技,17.52,-0.57,26452.78,11.04,12096221472.0
000860,顺鑫农业,15.6,-0.57,112.74,1.66,11571565028.0
001316,润贝航科,34.69,-0.57,25.85,3.23,3994019274.0
600156,华升股份,8.71,-0.57,-170.08,8.87,3502384214.0
301557,常友科技,95.28,-0.57,55.65,4.18,4221653949.0
300015,爱尔眼科,12.17,-0.57,27.33,5.06,113490077474.0
688656,浩欧博,149.15,-0.57,271.14,11.63,9468003221.0
600665,天地源,3.51,-0.57,-10.36,1.14,3033070049.0
301131,聚赛龙,48.5,-0.57,46.2,2.74,2318012250.0
601816,京沪高铁,5.23,-0.57,20.26,1.28,255881303105.0
002044,美年健康,5.24,-0.57,-46.33,2.68,20510690557.0
300658,延江股份,8.66,-0.57,50.85,2.15,2881737149.0
601633,长城汽车,22.77,-0.57,16.93,2.26,194862744552.0
301269,华大九天,126.25,-0.57,5700.29,13.25,68861498010.0
603318,水发燃气,6.83,-0.58,-25.68,2.18,3135454411.0
688381,帝奥微,25.51,-0.58,-749.99,2.42,6313725000.0
600548,深高速,10.3,-0.58,13.62,1.17,26139918108.0
300670,大烨智能,8.59,-0.58,-28.77,4.77,2722346915.0
300458,全志科技,47.93,-0.58,106.56,12.64,39562734419.0
603035,常熟汽饰,17.22,-0.58,13.59,1.19,6308496718.0
300994,久祺股份,18.74,-0.58,25.34,3.64,4368069120.0
688115,思林杰,64.62,-0.58,-144.01,3.48,4308215400.0
300138,晨光生物,13.44,-0.59,16.03,1.95,6492865250.0
600116,三峡水利,6.76,-0.59,27.66,1.14,12926086031.0
600939,重庆建工,3.35,-0.59,-12.79,0.81,6371052927.0
600791,京能置业,5.09,-0.59,-5.75,4.86,2305159200.0
688722,同益中,18.44,-0.59,33.4,2.99,4142853948.0
600300,维维股份,3.37,-0.59,16.94,1.55,5449769147.0
603180,金牌家居,20.15,-0.59,36.02,1.12,3108280323.0
601333,广深铁路,3.35,-0.59,10.7,0.85,23729848950.0
002881,美格智能,46.17,-0.6,80.36,7.21,12125553228.0
600900,长江电力,28.29,-0.6,26.51,3.35,692205879186.0
600784,鲁银投资,6.67,-0.6,20.94,1.38,4506600688.0
300463,迈克生物,11.53,-0.6,140.93,1.1,6971806175.0
603062,麦加芯彩,49.3,-0.6,24.14,2.61,5324400000.0
002153,石基信息,9.91,-0.6,958.65,3.89,27046310964.0
301371,敷尔佳,24.71,-0.6,29.65,2.3,12851769840.0
001336,楚环科技,24.62,-0.61,75.37,2.5,1978795570.0
002146,荣盛发展,1.62,-0.61,-1.23,0.58,7044025439.0
603267,XD鸿远电,58.39,-0.61,36.68,3.1,13492813284.0
688590,新致软件,21.03,-0.61,133.67,3.87,5528733542.0
601515,东峰集团,4.87,-0.61,-74.02,1.76,9075982075.0
301215,中汽股份,6.53,-0.61,40.54,2.96,8645067000.0
688062,迈威生物-U,42.16,-0.61,-15.28,20.59,16847136000.0
600079,人福医药,21.17,-0.61,15.35,1.83,34554223679.0
600850,电科数字,27.57,-0.61,55.19,3.86,18753079289.0
600529,山东药玻,21.05,-0.61,19.31,1.71,13969077079.0
002174,游族网络,12.95,-0.61,126.95,2.62,12734449413.0
301092,争光股份,31.06,-0.61,39.64,2.16,4178665921.0
600419,天润乳业,9.7,-0.61,-216.25,1.29,3060454634.0
603333,尚纬股份,8.16,-0.61,-148.07,2.46,5071665102.0
600966,博汇纸业,4.91,-0.61,36.46,0.95,6563905454.0
300967,晓鸣股份,21.29,-0.61,16.36,4.87,3993383588.0
688432,有研硅,12.81,-0.62,76.78,3.6,15982025753.0
000690,宝新能源,4.78,-0.62,9.5,0.83,10400743980.0
688729,屹唐股份,27.12,-0.62,116.59,9.27,80154787200.0
600115,中国东航,4.81,-0.62,-37.46,8.16,107221136502.0
000722,湖南发展,12.8,-0.62,69.59,1.89,5941226010.0
000516,国际医学,4.84,-0.62,-27.68,3.25,10836260285.0
001238,浙江正特,50.9,-0.62,40.0,4.82,5640738000.0
301161,唯万密封,38.43,-0.62,49.56,5.0,4611600000.0
002467,二六三,6.38,-0.62,122.49,4.58,8774872550.0
600222,太龙药业,6.43,-0.62,109.28,2.32,3690088800.0
301618,长联科技,57.28,-0.62,114.72,5.47,5167564461.0
000859,国风新材,6.43,-0.62,-71.9,2.09,5761127423.0
000428,华天酒店,3.23,-0.62,-15.8,2.36,3291130980.0
600198,大唐电信,7.99,-0.62,-157.56,37.99,10415792293.0
002496,*ST辉丰,1.6,-0.62,-560.54,1.82,2412143483.0
600017,日照港,3.23,-0.62,14.2,0.71,9934362058.0
300542,新晨科技,19.14,-0.62,-188.97,10.56,5714436467.0
002976,瑞玛精密,25.1,-0.63,108.49,3.65,3041404650.0
301335,天元宠物,29.88,-0.63,50.49,1.96,3791855664.0
002301,齐心集团,6.36,-0.63,24.51,1.46,4587518454.0
301102,兆讯传媒,10.97,-0.63,99.89,1.48,4453820000.0
001318,阳光乳业,14.23,-0.63,34.52,2.79,4022251800.0
600982,宁波能源,4.76,-0.63,18.93,1.24,5319906829.0
002661,克明食品,9.54,-0.63,19.27,1.37,3178134059.0
688563,航材股份,53.6,-0.63,43.04,2.32,24120000000.0
600354,敦煌种业,6.35,-0.63,30.77,4.75,3351543208.0
600649,城投控股,4.73,-0.63,38.64,0.57,11846288633.0
000809,和展能源,3.16,-0.63,-39.17,0.98,2606340486.0
688758,赛分科技,20.34,-0.64,68.16,6.42,8470879469.0
301560,众捷汽车,37.22,-0.64,55.33,4.61,4525952000.0
301600,慧翰股份,122.66,-0.64,70.77,10.19,12820852510.0
600844,金煤科技,3.1,-0.64,-21.64,20.14,3151225144.0
002119,康强电子,18.6,-0.64,54.3,4.81,6980282400.0
688755,汉邦科技,45.13,-0.64,80.46,3.27,3971440000.0
300335,迪森股份,6.19,-0.64,33.22,1.52,2952706682.0
688631,莱斯信息,77.9,-0.64,-191.59,6.96,12734313000.0
300288,朗玛信息,14.07,-0.64,264.02,4.37,4754835526.0
002077,大港股份,17.04,-0.64,122.63,2.95,9889138662.0
300102,乾照光电,12.3,-0.65,96.53,2.67,11320106515.0
300592,华凯易佰,10.72,-0.65,65.8,1.88,4334754948.0
600941,中国移动,105.97,-0.65,14.9,1.68,2291775103428.0
300218,安利股份,16.89,-0.65,22.65,2.37,3664910430.0
688686,奥普特,132.0,-0.65,66.26,5.29,16135080060.0
003028,振邦智能,32.34,-0.65,46.26,2.66,4679953740.0
002180,纳思达,21.32,-0.65,-48.62,3.13,30314458638.0
300215,电科院,6.13,-0.65,-148.33,2.34,4591947366.0
603825,ST华扬,9.12,-0.65,-5.53,10.42,2310429354.0
600520,三佳科技,27.33,-0.65,641.66,11.16,4329891900.0
300673,佩蒂股份,16.93,-0.65,27.82,2.28,4212697656.0
300434,金石亚药,10.73,-0.65,33.41,1.71,4310711747.0
300435,中泰股份,21.49,-0.65,18.53,2.5,8288972370.0
600543,莫高股份,6.13,-0.65,-30.89,2.53,1968465600.0
688357,建龙微纳,37.77,-0.66,38.97,2.21,3779261479.0
000419,通程控股,6.06,-0.66,19.86,0.94,3294110889.0
688593,新相微,21.04,-0.66,886.84,6.24,9668498828.0
688150,莱特光电,25.52,-0.66,42.83,5.69,10270207169.0
603210,泰鸿万立,21.12,-0.66,37.11,3.94,7189248000.0
600580,卧龙电驱,49.94,-0.66,71.48,7.29,78012148499.0
600674,川投能源,14.96,-0.66,12.96,1.64,72924118147.0
300459,汤姆猫,4.49,-0.66,-269.45,7.54,15785991116.0
600729,重庆百货,27.24,-0.66,9.08,1.52,11998554717.0
603439,贵州三力,12.04,-0.66,45.71,3.33,4923519801.0
605199,ST葫芦娃,9.08,-0.66,753.8,5.17,3632987468.0
000789,万年青,6.03,-0.66,481.77,0.75,4808366712.0
300087,荃银高科,8.99,-0.66,-35.48,4.89,8516512441.0
300671,富满微,35.65,-0.67,-97.89,4.93,7761877462.0
600846,同济科技,14.78,-0.67,31.55,2.25,9233975206.0
600814,杭州解百,7.36,-0.67,18.02,1.47,5410178481.0
301004,嘉益股份,57.9,-0.67,17.19,4.84,8421377710.0
000570,苏常柴Ａ,5.89,-0.67,70.07,1.21,4156528866.0
688152,麒麟信安,48.65,-0.67,-202.15,3.97,4966218563.0
002932,明德生物,19.3,-0.67,179.54,0.81,4487654470.0
300931,通用电梯,10.31,-0.67,-209.91,3.87,2475905260.0
300339,润和软件,61.08,-0.67,464.33,13.51,48644774168.0
688114,华大智造,65.12,-0.67,-170.18,3.51,27123532014.0
002483,润邦股份,7.26,-0.68,21.54,1.47,6435760678.0
300045,华力创通,23.31,-0.68,1234.03,9.62,15446959751.0
603711,香飘飘,13.19,-0.68,-27.96,1.6,5445809379.0
300326,ST凯利,5.82,-0.68,43.92,1.5,4173013809.0
000605,渤海股份,7.3,-0.68,146.26,1.21,2574407780.0
301222,浙江恒威,30.58,-0.68,37.54,2.14,3065388128.0
001324,长青科技,20.45,-0.68,38.34,2.49,2822100000.0
300857,协创数据,174.31,-0.68,64.83,15.35,60332311244.0
688458,美芯晟,42.08,-0.68,341.1,2.53,4693461348.0
600756,浪潮软件,16.16,-0.68,-19.1,2.31,5650000648.0
300003,乐普医疗,17.65,-0.68,25.35,2.1,33192802983.0
000997,新 大 陆,27.83,-0.68,23.03,3.92,28194514974.0
603331,百达精工,11.62,-0.68,29.49,1.77,2349280890.0
600757,长江传媒,8.73,-0.68,9.25,1.07,10595166883.0
688608,恒玄科技,260.3,-0.68,65.66,6.52,43910979221.0
600241,时代万恒,8.58,-0.69,1128.53,2.16,2525112147.0
002574,明牌珠宝,5.75,-0.69,-21.22,1.02,3036000000.0
688616,西力科技,12.9,-0.69,26.16,2.72,2313979619.0
300190,维尔利,4.29,-0.69,324.48,1.2,3478366612.0
002641,公元股份,4.29,-0.69,87.35,0.97,5272812707.0
603860,中公高科,31.7,-0.69,326.59,2.64,2113756000.0
300825,阿尔特,11.51,-0.69,-28.5,2.72,5732445936.0
601107,四川成渝,5.77,-0.69,10.54,1.08,17645006200.0
688552,航天南湖,38.81,-0.69,261.87,5.02,13088594880.0
000001,平安银行,11.39,-0.7,4.32,0.49,221033408275.0
688253,英诺特,31.16,-0.7,17.06,2.11,4268431287.0
688395,正弦电气,25.64,-0.7,56.42,2.85,2220365541.0
300482,万孚生物,21.18,-0.7,55.6,1.84,9914036022.0
300848,美瑞新材,15.5,-0.7,85.25,4.3,6632258219.0
002186,全 聚 德,11.43,-0.7,100.52,4.06,3508113751.0
300012,华测检测,14.19,-0.7,22.05,3.16,23879332357.0
002099,海翔药业,5.67,-0.7,944.22,1.79,9178115485.0
300063,天龙集团,8.46,-0.7,43.39,3.69,6417139689.0
300244,迪安诊断,15.68,-0.7,129.61,1.51,9799677556.0
300173,福能东方,5.64,-0.7,-156.06,4.29,4143852937.0
688530,欧莱新材,18.32,-0.7,-210.67,3.49,2932021176.0
002998,优彩资源,8.34,-0.71,42.13,1.76,2842225713.0
300921,南凌科技,23.67,-0.71,146.58,5.25,4350486517.0
603779,威龙股份,7.0,-0.71,-483.93,4.17,2324579278.0
300079,数码视讯,5.59,-0.71,242.83,1.89,7971496867.0
605179,一鸣食品,21.07,-0.71,131.13,7.6,8449070000.0
688586,江航装备,11.26,-0.71,121.72,3.62,8910478897.0
688302,海创药业-U,50.27,-0.71,-40.24,4.38,4977514111.0
600594,益佰制药,4.21,-0.71,-28.89,1.39,3334014354.0
301508,中机认检,32.39,-0.71,48.87,3.66,7322899628.0
300287,飞利信,5.58,-0.71,-59.25,7.23,8008827849.0
688478,晶升股份,35.2,-0.71,-324.39,3.17,4870486579.0
600468,百利电气,6.99,-0.71,68.9,3.79,7603269894.0
000713,国投丰乐,6.9,-0.72,-35.03,2.22,4236703362.0
688737,中自科技,22.07,-0.72,-110.69,1.45,2638788714.0
000597,东北制药,5.53,-0.72,34.27,1.47,7891798105.0
300741,华宝股份,18.05,-0.72,108.24,1.62,11116634000.0
601968,宝钢包装,5.51,-0.72,34.27,1.56,7029544825.0
000679,大连友谊,9.68,-0.72,-49.92,15.69,3449952000.0
688225,亚信安全,19.28,-0.72,-14.46,4.34,7712192800.0
300566,激智科技,18.05,-0.72,21.36,2.26,4760534978.0
002141,贤丰控股,4.13,-0.72,75.67,5.13,4266024846.0
600692,亚通股份,8.33,-0.72,-135.22,3.17,2930194653.0
002032,苏 泊 尔,47.11,-0.72,20.73,6.81,37752057022.0
600234,科新发展,12.36,-0.72,70.85,6.6,3244759226.0
600187,国中水务,2.77,-0.72,-122.02,1.4,4470173655.0
300966,共同药业,22.1,-0.72,-58.91,3.29,2547711802.0
301062,上海艾录,8.33,-0.72,-56.29,2.47,3600868968.0
300847,中船汉光,18.04,-0.72,46.5,3.65,5340020400.0
301252,同星科技,27.5,-0.72,39.17,3.57,4625500000.0
600028,中国石化,5.52,-0.72,16.73,0.8,668900427613.0
300484,蓝海华腾,20.76,-0.72,68.21,6.37,4300722564.0
605077,华康股份,17.98,-0.72,24.27,1.81,5448835602.0
301020,密封科技,23.58,-0.72,35.24,3.58,3452112000.0
301239,普瑞眼科,37.37,-0.72,256.49,2.63,5591263824.0
301003,江苏博云,37.27,-0.72,33.39,3.26,3620158948.0
600391,航发科技,27.38,-0.73,231.22,5.15,9038942068.0
300051,琏升科技,6.84,-0.73,-21.18,15.72,2545414960.0
002381,双箭股份,6.79,-0.73,39.06,1.32,2794612162.0
300927,江天化学,25.69,-0.73,338.74,3.85,3708608400.0
601789,宁波建工,5.42,-0.73,24.22,1.3,5890448358.0
301060,兰卫医学,9.5,-0.73,-4273.63,2.41,3804911500.0
688009,中国通号,5.42,-0.73,18.85,1.25,57396818980.0
002631,德尔未来,5.47,-0.73,-46.13,1.99,4361137359.0
600996,贵广网络,9.58,-0.73,-10.99,5.11,11944342601.0
600072,中船科技,12.31,-0.73,-16.11,1.78,18497305330.0
688320,禾川科技,39.71,-0.73,-49.08,4.64,5996752756.0
301336,趣睡科技,51.92,-0.73,72.01,2.51,2076800000.0
600851,海欣股份,6.76,-0.73,42.5,1.75,8159703238.0
300691,联合光电,17.73,-0.73,-146.82,2.96,4770234621.0
002729,好利科技,14.91,-0.73,52.47,4.92,2728081507.0
300583,赛托生物,15.06,-0.73,-30.95,1.62,2856914018.0
600583,海油工程,5.47,-0.73,11.3,0.9,24184810756.0
002905,金逸影视,10.68,-0.74,158.79,42.32,4019097600.0
300447,全信股份,14.81,-0.74,109.93,2.31,4625316654.0
600266,城建发展,5.33,-0.74,9.09,0.57,11063712892.0
300420,五洋自控,4.03,-0.74,87.02,1.9,4499025751.0
603135,中重科技,10.67,-0.74,-1597.75,2.28,6717171314.0
301413,安培龙,146.16,-0.74,147.51,11.5,14382434128.0
300817,双飞集团,20.16,-0.74,71.72,4.32,4400892518.0
300179,四方达,13.36,-0.74,81.74,5.43,6491741969.0
002495,佳隆股份,2.67,-0.74,168.17,2.28,2498120352.0
600250,南京商旅,10.69,-0.74,131.22,5.31,3320248567.0
300965,恒宇信通,63.08,-0.74,110.31,3.08,3784800000.0
601010,文峰股份,2.67,-0.74,65.74,1.14,4934160000.0
603155,新亚强,15.83,-0.75,47.55,2.3,4998905044.0
603726,朗迪集团,23.82,-0.75,18.86,3.15,4422211584.0
002873,新天药业,10.62,-0.75,224.8,2.19,2592382420.0
300830,金现代,10.53,-0.75,-96.9,3.48,4755777066.0
688316,青云科技-U,61.08,-0.75,-35.2,62.55,2925617719.0
300441,鲍斯股份,7.97,-0.75,23.94,2.08,5135994468.0
301556,托普云农,99.83,-0.75,69.94,8.62,8513502400.0
600238,*ST椰岛,6.6,-0.75,-93.82,31.95,2958120000.0
002376,新北洋,7.89,-0.75,78.62,1.69,6395338448.0
600197,伊力特,14.64,-0.75,37.85,1.81,6927277857.0
301190,善水科技,23.67,-0.75,45.25,2.6,5080445955.0
600400,红豆股份,2.65,-0.75,-20.82,2.6,6072135408.0
300485,赛升药业,11.99,-0.75,83.52,1.69,5775180136.0
601000,唐山港,3.98,-0.75,12.75,1.12,23585195884.0
300876,蒙泰高新,34.35,-0.75,-54.7,3.56,3729480867.0
688522,纳睿雷达,39.6,-0.75,123.01,5.28,11998625998.0
688220,翱捷科技-U,96.06,-0.75,-81.87,7.21,40181983397.0
603332,苏州龙杰,13.28,-0.75,39.47,2.25,2873090604.0
002161,远 望 谷,7.82,-0.76,40.22,3.61,5784902868.0
688130,晶华微,23.4,-0.76,-61.6,2.26,2828851600.0
600984,建设机械,3.94,-0.76,-5.53,1.29,4952753065.0
688244,永信至诚,20.85,-0.76,-43.04,3.21,3147547671.0
603137,恒尚节能,14.45,-0.76,42.12,2.13,2643386676.0
688468,科美诊断,7.8,-0.76,56.46,2.25,3128642400.0
603368,柳药集团,18.34,-0.76,8.46,0.95,7284077718.0
603322,超讯通信,49.63,-0.76,54.25,26.04,7821032685.0
301201,诚达药业,32.6,-0.76,225.52,2.37,5043670662.0
002022,科华生物,6.55,-0.76,-10.87,1.09,3368980998.0
002361,神剑股份,6.55,-0.76,131.99,2.76,6229279047.0
605055,迎丰股份,9.13,-0.76,-99.49,3.66,4017200000.0
002563,森马服饰,5.25,-0.76,21.76,1.31,14143973340.0
000892,欢瑞世纪,6.52,-0.76,-136.93,7.57,6395992684.0
603617,君禾股份,7.79,-0.76,74.17,2.02,3041771715.0
600817,宇通重工,11.54,-0.77,24.66,2.53,6154332153.0
002918,蒙娜丽莎,15.39,-0.77,58.61,1.92,6291530173.0
600506,统一股份,24.45,-0.77,71.56,9.79,4694862936.0
300112,万讯自控,9.05,-0.77,-144.36,2.62,2626544341.0
600097,开创国际,11.66,-0.77,50.89,1.22,2809320278.0
300530,领湃科技,32.03,-0.77,-36.39,102.82,5507601869.0
301072,中捷精工,24.5,-0.77,-69.92,3.43,2573626633.0
002849,威星智能,14.09,-0.77,32.57,2.27,3108733285.0
301628,强达电路,90.8,-0.77,53.29,5.97,6844122640.0
688459,哈铁科技,10.36,-0.77,66.0,1.47,4972800000.0
002086,东方海洋,2.59,-0.77,-35.72,3.73,5073671435.0
603698,航天工程,19.13,-0.78,57.18,2.97,10253488700.0
300496,中科创达,70.38,-0.78,106.1,3.22,32402599678.0
301626,苏州天脉,139.5,-0.78,84.89,10.25,16137360000.0
002463,沪电股份,79.38,-0.78,42.16,10.95,152755977567.0
603326,我乐家居,8.95,-0.78,15.56,2.49,2856633524.0
600592,龙溪股份,24.1,-0.78,61.75,3.79,9629241061.0
002283,天润工业,6.39,-0.78,19.48,1.21,7281131367.0
600512,腾达建设,2.53,-0.78,19.21,0.64,4032341777.0
300845,捷安高科,11.38,-0.78,507.32,2.92,2333499806.0
300133,华策影视,7.5,-0.79,60.65,1.94,14162032358.0
688107,安路科技,28.77,-0.79,-45.23,11.26,11532436289.0
600135,乐凯胶片,7.5,-0.79,-39.19,1.72,4149803243.0
688636,智明达,36.44,-0.79,55.88,5.21,6108342638.0
301041,金百泽,28.84,-0.79,328.23,4.61,3076651200.0
002369,卓翼科技,8.83,-0.79,-24.05,16.15,5006223952.0
300534,陇神戎发,10.0,-0.79,84.17,4.4,3033450000.0
600423,柳化股份,3.75,-0.79,320.64,5.36,2995106348.0
300279,和晶科技,7.57,-0.79,42.4,3.57,3702483139.0
603712,七一二,20.07,-0.79,-56.4,3.71,15494040000.0
603978,深圳新星,24.98,-0.79,-117.9,3.35,5273135589.0
600602,云赛智联,20.12,-0.79,142.13,5.71,27517589915.0
000582,北部湾港,8.82,-0.79,19.87,1.11,20900364085.0
301255,通力科技,30.33,-0.79,104.53,4.4,4619865600.0
688335,复洁环保,21.2,-0.8,970.46,2.73,3138333350.0
002272,川润股份,16.11,-0.8,-270.52,5.23,7811373303.0
688389,普门科技,13.7,-0.8,27.0,2.79,5870254501.0
000518,*ST四环,2.47,-0.8,-150.21,7.08,2543003868.0
301270,汉仪股份,37.26,-0.8,308.96,3.82,3726000000.0
600578,京能电力,4.97,-0.8,7.87,1.4,33272266445.0
603239,浙江仙通,19.82,-0.8,26.53,4.28,5365670400.0
300027,华谊兄弟,2.47,-0.8,-45.13,26.04,6853029620.0
000953,河化股份,7.4,-0.8,256.14,17.58,2709304243.0
002990,盛视科技,28.41,-0.8,154.12,3.1,7422897696.0
301585,蓝宇股份,32.4,-0.8,53.22,3.49,3369600000.0
603012,创力集团,6.22,-0.8,24.59,1.06,4021230000.0
600638,新黄浦,6.09,-0.81,20.18,0.89,4100986427.0
600540,新赛股份,4.9,-0.81,218.56,5.81,2848747104.0
600403,大有能源,8.53,-0.81,-13.63,4.45,20393629789.0
601599,浙文影业,3.66,-0.81,23.28,2.8,4247585378.0
603128,华贸物流,6.09,-0.81,19.49,1.32,7972093148.0
688070,纵横股份,52.57,-0.81,-174.29,7.65,4604080600.0
300314,戴维医疗,13.51,-0.81,40.19,3.19,3890880000.0
002330,得利斯,4.9,-0.81,432.06,1.36,3113044921.0
000635,英 力 特,8.58,-0.81,-10.25,2.19,3381666485.0
000672,上峰水泥,11.05,-0.81,15.22,1.21,10711819723.0
002803,吉宏股份,18.33,-0.81,28.72,3.13,8255928929.0
688076,ST诺泰,38.1,-0.81,20.32,3.87,12041577276.0
605366,宏柏新材,6.16,-0.81,-75.26,1.95,4004886393.0
000888,峨眉山Ａ,12.21,-0.81,26.52,2.47,6433608975.0
605258,协和电子,34.25,-0.81,50.56,2.52,3014000000.0
300245,天玑科技,14.55,-0.82,-79.71,3.67,4560806523.0
603214,爱婴室,18.14,-0.82,36.01,2.18,2513116253.0
688485,九州一轨,16.84,-0.82,-110.28,2.02,2530918324.0
688151,华强科技,21.66,-0.82,1260.63,1.78,7461870000.0
300047,天源迪科,15.72,-0.82,194.78,3.04,10025346244.0
002788,鹭燕医药,8.45,-0.82,11.21,1.01,3282966419.0
002742,*ST三圣,4.83,-0.82,-8.8,-3.43,2086560000.0
002654,万润科技,16.84,-0.82,458.15,9.17,14234894841.0
603320,迪贝电气,20.51,-0.82,35.3,2.63,3058988624.0
688692,达梦数据,267.27,-0.83,68.84,8.65,30265654800.0
000069,华侨城Ａ,2.39,-0.83,-3.35,0.41,19210241747.0
002753,永东股份,7.14,-0.83,41.15,1.17,2682487204.0
300642,透景生命,22.57,-0.83,476.48,2.49,3668889845.0
301581,黄山谷捷,52.36,-0.83,62.77,4.17,4188800000.0
300238,冠昊生物,15.53,-0.83,115.59,7.2,4117868037.0
000089,深圳机场,7.21,-0.83,23.69,1.28,14786048160.0
603156,养元饮品,28.56,-0.83,24.12,4.0,35993527285.0
603170,宝立食品,14.39,-0.83,22.5,4.08,5756143900.0
300834,星辉环材,22.63,-0.83,83.09,1.49,4383710548.0
000899,赣能股份,10.74,-0.83,9.03,1.66,10478779142.0
688498,源杰科技,508.74,-0.83,472.56,20.55,43725046125.0
300311,ST任子行,4.77,-0.83,-31.3,5.43,3213215816.0
600272,开开实业,13.2,-0.83,146.9,4.47,3467005674.0
300192,科德教育,18.02,-0.83,48.12,6.05,5931162789.0
300265,通光线缆,9.6,-0.83,102.72,1.94,4401024835.0
001366,播恩集团,13.09,-0.83,-158.36,2.62,2103301200.0
002522,浙江众成,4.8,-0.83,68.37,1.88,4347741058.0
002959,小熊电器,49.48,-0.84,18.99,2.77,7782610388.0
300021,大禹节水,4.73,-0.84,327.43,1.92,4835798128.0
688218,江苏北人,25.93,-0.84,-64.83,3.42,3075342729.0
300916,朗特智能,36.65,-0.84,46.03,3.88,5301202857.0
003012,东鹏控股,7.06,-0.84,17.56,1.07,8168286975.0
301584,建发致新,34.42,-0.84,47.32,6.98,14500750480.0
300645,正元智慧,17.66,-0.84,275.71,2.43,2509597876.0
002443,金洲管道,8.3,-0.84,34.57,1.26,4320444816.0
002627,三峡旅游,5.86,-0.85,37.09,1.37,4246164075.0
002830,名雕股份,17.55,-0.85,110.35,3.58,2340117000.0
002439,启明星辰,15.23,-0.85,-64.13,1.65,18449625122.0
002752,昇兴股份,5.83,-0.85,19.73,1.65,5695434668.0
688343,云天励飞-U,79.11,-0.85,-68.92,7.18,28386777073.0
603758,秦安股份,15.17,-0.85,41.4,2.68,6656551233.0
300687,赛意信息,24.64,-0.85,273.31,3.64,10063262070.0
605488,福莱新材,31.57,-0.85,86.84,5.8,8846496498.0
300241,瑞丰光电,5.83,-0.85,59.79,1.83,4082538228.0
603533,掌阅科技,19.76,-0.85,-27.08,3.66,8672601460.0
603377,ST东时,3.49,-0.85,-11.67,3.09,2495000592.0
688571,杭华股份,8.18,-0.85,34.27,2.16,3469716326.0
600292,远达环保,12.72,-0.86,132.96,1.91,9931990841.0
002663,普邦股份,2.31,-0.86,-76.48,1.68,3980935964.0
300411,金盾股份,12.63,-0.86,265.13,5.3,5134347688.0
002566,益盛药业,8.06,-0.86,82.92,1.2,2667469896.0
603960,克来机电,19.56,-0.86,168.54,4.59,5128590924.0
000715,中兴商业,5.78,-0.86,34.24,1.59,3123712115.0
000798,中水渔业,8.09,-0.86,41.56,7.23,2959796980.0
300831,派瑞股份,13.9,-0.86,165.89,4.84,4448000000.0
603168,莎普爱思,8.05,-0.86,68.88,1.87,3011718365.0
603387,基蛋生物,8.11,-0.86,18.9,1.53,4113015023.0
300099,尤洛卡,6.93,-0.86,66.52,2.24,5109248217.0
300240,飞力达,8.09,-0.86,67.92,2.04,3005944266.0
603183,建研院,4.62,-0.86,357.42,1.44,2296848020.0
002889,东方嘉盛,15.05,-0.86,30.14,2.27,5683895454.0
600491,龙元建设,3.46,-0.86,-15.48,0.54,5292962524.0
002127,南极电商,3.45,-0.86,310.9,2.05,8469302890.0
300788,中信出版,28.93,-0.86,25.65,2.43,5501083329.0
000962,东方钽业,34.2,-0.87,62.18,6.27,17266357966.0
688184,ST帕瓦,10.29,-0.87,-5.17,0.99,1636598919.0
688298,东方生物,25.07,-0.87,-15.49,0.78,5054112000.0
688163,赛伦生物,23.83,-0.87,30.12,2.29,2578882600.0
002012,凯恩股份,5.73,-0.87,115.35,1.74,2679493943.0
605005,合兴股份,18.32,-0.87,36.1,3.6,7346320000.0
603987,康德莱,9.12,-0.87,15.44,1.49,3983532826.0
300233,金城医药,17.06,-0.87,155.55,1.79,6548900454.0
601366,利群股份,4.56,-0.87,227.56,1.05,4167534220.0
301353,普莱得,28.5,-0.87,34.12,2.16,2798165597.0
300660,江苏雷利,55.77,-0.87,70.64,7.19,24936805282.0
300712,永福股份,27.48,-0.87,104.21,4.0,5153765042.0
300165,ST天瑞,4.55,-0.87,-1388.43,1.77,2254578349.0
001328,登康口腔,38.23,-0.88,36.33,4.5,6582204374.0
001379,腾达科技,23.79,-0.88,56.44,3.16,4758000000.0
300340,科恒股份,13.49,-0.88,-20.28,-44.17,3721801494.0
301103,何氏眼科,21.3,-0.88,46.41,1.76,3365963832.0
300247,融捷健康,4.52,-0.88,40.97,3.22,3634262215.0
300168,万达信息,6.79,-0.88,-18.0,7.93,9781868031.0
301197,工大科雅,20.26,-0.88,-84.88,1.9,2442140400.0
603205,健尔康,28.3,-0.88,45.85,3.09,4414800000.0
000548,湖南投资,5.61,-0.88,38.93,1.37,2800600700.0
603103,横店影视,15.79,-0.88,36.46,7.29,10014018000.0
300853,申昊科技,22.65,-0.88,-19.36,5.46,3328325043.0
002110,三钢闽光,4.44,-0.89,43.99,0.55,10785098448.0
000985,大庆华科,18.89,-0.89,138.87,3.98,2448890155.0
300664,鹏鹞环保,5.58,-0.89,11.72,0.96,4219910333.0
600475,华光环能,15.65,-0.89,32.59,1.72,14960863659.0
300194,福安药业,4.47,-0.89,23.99,1.19,5318014348.0
300333,兆日科技,12.22,-0.89,-476.8,7.08,4105920000.0
300298,三诺生物,18.94,-0.89,37.72,3.32,10611462776.0
603669,灵康药业,5.51,-0.9,-55.61,5.9,3974065366.0
688550,瑞联新材,50.41,-0.9,26.34,2.81,8749931125.0
688549,中巨芯-U,10.95,-0.9,481.25,5.31,16176172200.0
002277,友阿股份,6.59,-0.9,85.9,1.36,9187598752.0
000561,烽火电子,11.03,-0.9,-53.18,3.02,9530121165.0
301077,星华新材,27.6,-0.9,32.64,4.1,4694178772.0
600714,金瑞矿业,12.09,-0.9,57.2,4.53,3484051141.0
300077,国民技术,23.04,-0.9,-136.65,13.97,13435239168.0
000989,九芝堂,9.95,-0.9,42.15,2.33,8516623019.0
300987,川网传媒,17.71,-0.9,265.58,3.87,3070347280.0
301016,雷尔伟,22.0,-0.9,80.56,4.81,4804800000.0
688083,中望软件,77.3,-0.9,-240.68,5.05,13108885483.0
605319,无锡振华,22.1,-0.9,18.22,2.98,7736905374.0
301359,东南电子,20.62,-0.91,62.73,2.94,2478029120.0
603608,天创时尚,7.59,-0.91,236.97,2.99,3185644546.0
300955,嘉亨家化,38.07,-0.91,-97.56,4.37,3837456000.0
603289,泰瑞机器,10.84,-0.91,35.99,2.18,3180289400.0
000430,ST张家界,7.62,-0.91,-103.3,11.52,3084710767.0
301123,奕东电子,47.02,-0.91,288.5,3.79,11032772800.0
000828,东莞控股,11.99,-0.91,11.19,1.23,12463808734.0
600519,贵州茅台,1431.9,-0.91,20.81,6.98,1793125720859.0
000705,浙江震元,9.75,-0.91,28.95,1.62,3257702039.0
688306,均普智能,12.04,-0.91,-204.12,8.18,14788524912.0
300565,科信技术,11.81,-0.92,-31.73,5.24,2949011468.0
002609,捷顺科技,9.68,-0.92,65.25,2.59,6228487981.0
600805,悦达投资,5.41,-0.92,45.7,1.07,4603339213.0
002783,凯龙股份,9.74,-0.92,27.0,1.86,4863743482.0
301107,瑜欣电子,30.3,-0.92,31.71,3.26,3103269036.0
600128,苏豪弘业,10.8,-0.92,50.68,1.25,2665089000.0
002059,云南旅游,5.4,-0.92,-31.04,4.26,5467147990.0
600854,春兰股份,5.37,-0.92,17.41,1.14,2789492349.0
301469,恒达新材,29.19,-0.92,35.7,1.9,2611921200.0
002727,一心堂,13.81,-0.93,16.2,1.11,8087192966.0
603356,华菱精工,15.9,-0.93,-21.14,5.53,2120106000.0
603896,寿仙谷,20.25,-0.93,39.44,1.79,4014439198.0
002491,通鼎互联,5.3,-0.93,-74.68,2.63,6518970850.0
300206,理邦仪器,13.84,-0.93,23.45,3.74,8022540709.0
603075,热威股份,22.29,-0.93,27.32,4.28,8971348544.0
301536,星宸科技,58.65,-0.93,91.75,7.92,24733598357.0
002242,九阳股份,9.59,-0.93,44.41,2.11,7317333030.0
002958,青农商行,3.21,-0.93,4.18,0.49,17833542579.0
600326,西藏天路,11.78,-0.93,-71.72,4.12,16049830903.0
300575,中旗股份,6.38,-0.93,-16.48,1.54,3043211512.0
688665,四方光电,53.38,-0.93,37.54,4.76,5367537343.0
002685,华东重机,7.43,-0.93,140.36,4.77,7487141463.0
002977,天箭科技,33.91,-0.93,-119.54,3.89,4073269200.0
000523,红棉股份,3.19,-0.93,90.1,3.07,5855144391.0
300295,三六五网,12.76,-0.93,-273.55,2.15,2419470991.0
002494,华斯股份,5.27,-0.94,-338.23,1.62,1988427484.0
300425,中建环能,5.25,-0.94,-1199.61,1.52,3581680478.0
600226,亨通股份,4.22,-0.94,49.9,3.47,12551888765.0
688084,晶品特装,88.66,-0.94,462.51,4.32,6707932792.0
603082,北自科技,38.0,-0.94,39.32,3.87,6164646634.0
300843,胜蓝股份,51.41,-0.94,61.37,5.31,8416067007.0
603392,万泰生物,55.7,-0.94,-304.75,5.83,70467338512.0
002400,省广集团,8.32,-0.95,113.2,2.9,14504564905.0
300665,飞鹿股份,9.36,-0.95,-23.3,3.71,2049332033.0
301520,万邦医药,42.84,-0.95,64.69,1.89,2856000014.0
603022,新通联,10.41,-0.95,42.68,2.54,2082000000.0
301319,唯特偶,40.54,-0.95,54.37,4.3,5040336376.0
603138,海量数据,15.61,-0.95,-45.61,5.98,4587353003.0
001234,泰慕士,27.16,-0.95,64.52,3.25,2971676092.0
000029,深深房Ａ,29.13,-0.95,152.31,8.04,29469655800.0
300256,星星科技,4.19,-0.95,-1259.4,10.24,9504568287.0
002902,铭普光磁,21.85,-0.95,-25.74,6.08,5134948005.0
600284,浦东建设,8.36,-0.95,17.85,1.03,8111340160.0
688576,西山科技,65.68,-0.95,43.46,1.75,2988443941.0
001277,速达股份,39.01,-0.96,29.51,1.92,2964760000.0
603919,金徽酒,19.6,-0.96,23.03,2.92,9942295941.0
002053,云南能投,12.33,-0.96,37.52,1.53,11352594291.0
002878,元隆雅图,17.47,-0.96,382.02,3.56,4576995471.0
300525,博思软件,13.47,-0.96,1036.39,4.06,10216368349.0
603501,豪威集团,135.27,-0.96,38.13,5.94,163187348871.0
600794,保税科技,4.13,-0.96,63.42,1.89,4956628408.0
688721,龙图光罩,47.5,-0.96,91.83,5.26,6341250000.0
300109,新开源,16.51,-0.96,29.93,2.16,8024685583.0
002569,*ST步森,9.17,-0.97,-174.84,45.77,1320571700.0
600706,曲江文旅,10.25,-0.97,-78.94,4.12,2614362796.0
002695,煌上煌,12.26,-0.97,50.93,2.44,6860521920.0
300313,*ST天山,8.18,-0.97,-164.12,74.44,2560155099.0
600237,铜峰电子,8.14,-0.97,48.18,2.67,5133931822.0
002576,通达动力,18.36,-0.97,36.42,2.32,3031236000.0
003018,金富科技,12.19,-0.97,25.44,1.99,3169400000.0
688068,热景生物,154.62,-0.98,-98.67,4.89,14334501683.0
600828,茂业商业,4.03,-0.98,125.44,0.99,6979889660.0
002722,物产金轮,16.13,-0.98,27.54,1.24,3586860521.0
688203,海正生材,13.08,-0.98,405.3,1.8,2651029129.0
301022,海泰科,35.28,-0.98,44.84,2.48,3509799965.0
002377,国创高新,3.04,-0.98,-79.36,6.29,2785628611.0
600278,东方创业,8.12,-0.98,30.41,0.94,7079954323.0
002855,捷荣技术,17.1,-0.98,-11.16,12.88,4213776562.0
603738,泰晶科技,15.1,-0.98,132.17,3.34,5826901129.0
001209,洪兴股份,19.16,-0.98,109.73,1.97,2519975315.0
000862,银星能源,6.02,-0.99,17.45,1.23,5526087270.0
300177,中海达,9.04,-0.99,-109.74,4.46,6727288357.0
688439,振华风光,59.19,-0.99,97.46,2.38,11838000000.0
603636,南威软件,11.95,-0.99,-48.13,3.03,6935308250.0
002817,黄山胶囊,7.99,-0.99,33.61,2.54,2389794378.0
688428,诺诚健华-U,22.97,-0.99,-673.51,6.03,40533871577.0
301170,锡南科技,28.07,-0.99,26.3,1.59,2807000000.0
300519,新光药业,16.05,-0.99,42.48,3.1,2568000000.0
600901,江苏金租,6.02,-0.99,10.69,1.39,34870126173.0
300188,国投智能,14.81,-1.0,-26.12,4.11,12728858961.0
000608,*ST阳光,1.99,-1.0,-19.04,0.66,1492327485.0
603950,长源东谷,34.48,-1.0,30.59,3.86,11176029984.0
300760,迈瑞医疗,222.83,-1.0,26.77,6.87,270168315825.0
300010,豆神教育,6.93,-1.0,117.04,8.03,14321625727.0
002088,鲁阳节能,11.85,-1.0,44.09,2.34,6080502644.0
600981,苏豪汇鸿,2.94,-1.01,95.3,1.3,6592753584.0
300543,朗科智能,11.73,-1.01,89.66,2.45,3593735748.0
002319,乐通股份,11.8,-1.01,-3937.74,13.61,2471775618.0
300613,富瀚微,46.99,-1.01,99.89,3.97,10925826422.0
605580,恒盛能源,33.35,-1.01,73.17,9.68,9338000000.0
600435,北方导航,14.68,-1.01,133.64,7.59,22186293176.0
300121,阳谷华泰,15.7,-1.01,32.81,2.0,6990129557.0
301399,英特科技,19.58,-1.01,123.36,2.76,3622691600.0
600037,歌华有线,7.85,-1.01,-563.5,0.86,10925456389.0
300050,世纪鼎利,5.88,-1.01,155.61,7.82,3203698702.0
002655,共达电声,12.72,-1.01,54.69,6.28,4603267194.0
301633,港迪技术,74.92,-1.02,72.11,4.57,4171545600.0
002529,*ST海源,7.77,-1.02,-16.77,10.45,2020200000.0
688196,卓越新能,44.54,-1.02,24.14,1.8,5665078009.0
300091,金通灵,2.9,-1.02,-12.07,10.42,4318576221.0
002659,凯文教育,5.81,-1.02,2725.34,1.61,3476009031.0
603055,台华新材,8.73,-1.02,13.92,1.51,7772255219.0
002541,鸿路钢构,18.49,-1.02,19.28,1.33,12758416956.0
000547,航天发展,8.75,-1.02,-21.46,2.98,13986597354.0
002726,龙大美食,4.85,-1.02,74.41,3.83,5233929342.0
688662,富信科技,44.6,-1.02,90.2,5.48,3935504000.0
300270,中威电子,10.63,-1.02,-55.73,5.71,3218828078.0
301185,鸥玛软件,19.33,-1.02,49.98,2.77,2965562208.0
002913,奥士康,40.6,-1.02,34.21,2.92,12884836462.0
002962,五方光电,15.51,-1.02,93.44,2.55,4523729610.0
600343,航天动力,15.46,-1.02,-67.47,7.09,9866670140.0
300953,震裕科技,174.7,-1.02,55.18,7.09,30306559606.0
300160,秀强股份,5.85,-1.02,19.83,1.73,4521735808.0
300414,中光防雷,12.54,-1.03,178.95,4.11,4088284104.0
301418,协昌科技,37.6,-1.03,125.16,1.7,2757333358.0
688248,南网科技,52.8,-1.03,85.4,9.66,29816160000.0
600195,中牧股份,7.7,-1.03,26.17,1.38,7862841602.0
301006,迈拓股份,17.3,-1.03,33.37,1.89,2409544000.0
301300,远翔新材,40.36,-1.03,30.15,3.19,2618879680.0
605080,浙江自然,24.98,-1.03,12.14,1.64,3535690183.0
002403,爱仕达,14.35,-1.03,874.28,2.96,4888163609.0
601998,中信银行,7.72,-1.03,5.89,0.61,429580652678.0
002780,三夫户外,14.41,-1.03,80.28,3.3,2270835673.0
688047,龙芯中科,140.49,-1.03,-107.29,22.04,56336490000.0
603660,苏州科达,8.58,-1.04,-11.45,4.52,4968075049.0
301397,溯联股份,36.26,-1.04,41.77,2.88,5644336681.0
300421,力星股份,23.85,-1.04,101.83,5.53,7012627043.0
300069,金利华电,19.02,-1.04,230.07,7.88,2225340000.0
688092,爱科科技,25.8,-1.04,40.85,3.3,2133418951.0
002302,西部建设,6.64,-1.04,-31.78,0.98,8382032579.0
301158,德石股份,25.58,-1.04,30.14,2.76,3846477646.0
300538,同益股份,16.22,-1.04,301.95,3.07,2950719254.0
688619,罗普特,16.23,-1.04,-23.68,3.76,3009659422.0
002646,天佑德酒,9.55,-1.04,157.31,1.6,4575481152.0
600616,金枫酒业,5.69,-1.04,-266.72,1.94,3806638166.0
603120,肯特催化,40.09,-1.04,53.98,3.08,3624136000.0
601588,北辰实业,1.91,-1.04,-2.03,0.79,6431008200.0
603708,家家悦,10.51,-1.04,24.46,2.85,6708939474.0
603136,天目湖,11.4,-1.04,27.74,2.27,3079444494.0
603268,*ST松发,54.77,-1.05,31.37,6.59,53169527655.0
603266,天龙股份,21.73,-1.05,38.23,2.8,4321809078.0
300483,首华燃气,14.07,-1.05,-1771.15,2.01,3823346667.0
002190,成飞集成,44.09,-1.05,-343.69,3.02,15816376733.0
002687,乔治白,4.73,-1.05,75.05,1.6,2387606992.0
002021,中捷资源,2.84,-1.05,2087.86,5.46,3395155597.0
601991,大唐发电,3.78,-1.05,7.82,1.99,69955365705.0
600051,宁波联合,7.53,-1.05,26.17,0.69,2340926400.0
603278,大业股份,10.39,-1.05,113.93,1.77,3550880083.0
688372,伟测科技,100.22,-1.05,55.3,5.27,14927186922.0
603091,众鑫股份,72.81,-1.05,28.22,3.52,7444006518.0
000153,丰原药业,6.62,-1.05,23.01,1.46,3076802040.0
605136,丽人丽妆,9.42,-1.05,-77.53,1.54,3772319070.0
603615,茶花股份,26.18,-1.06,807.32,5.53,6330847600.0
300873,海晨股份,23.37,-1.06,19.77,1.71,5389163575.0
601668,中国建筑,5.6,-1.06,3.81,0.49,231394186486.0
000858,五 粮 液,118.83,-1.06,11.83,3.28,461251479234.0
002134,天津普林,20.47,-1.06,249.68,9.91,5032544751.0
688338,赛科希德,27.05,-1.06,33.36,1.74,2871151920.0
002802,洪汇新材,13.06,-1.06,58.12,3.76,2380863989.0
603500,祥和实业,13.06,-1.06,33.76,4.49,4346368601.0
601088,中国神华,42.14,-1.06,16.08,2.01,837259430904.0
603578,三星新材,13.05,-1.06,-38.93,2.39,2353659268.0
002519,银河电子,4.68,-1.06,-98.46,2.29,5271696603.0
301246,宏源药业,17.79,-1.06,-4851.2,1.64,7116120972.0
300284,苏交科,8.37,-1.06,100.3,1.25,10569868468.0
000812,陕西金叶,4.62,-1.07,225.64,1.98,3551359877.0
002382,蓝帆医疗,5.54,-1.07,-20.7,0.71,5579511828.0
301126,达嘉维康,12.04,-1.07,363.87,1.42,2473054528.0
000801,四川九洲,15.77,-1.07,122.88,5.44,16027441449.0
002462,嘉事堂,13.88,-1.07,21.49,0.92,4048894826.0
300451,创业慧康,4.64,-1.07,-44.11,1.67,7187938571.0
300359,全通教育,5.55,-1.07,-47.09,6.4,3515000492.0
002969,嘉美包装,3.65,-1.08,66.79,1.51,3487398004.0
600267,海正药业,11.03,-1.08,21.52,1.55,13223295602.0
000697,*ST炼石,8.27,-1.08,-35.81,185.08,7220544245.0
605133,嵘泰股份,40.36,-1.08,57.77,3.03,11414074053.0
301055,张小泉,21.93,-1.08,67.56,5.23,3421080000.0
688380,中微半导,36.59,-1.08,72.15,4.81,14649355350.0
300151,昌红科技,13.72,-1.08,113.07,4.71,7306021106.0
002374,中锐股份,2.76,-1.08,-23.79,3.55,2995177621.0
002306,*ST云网,1.84,-1.08,-59.55,-41.98,1600363000.0
301206,三元生物,27.52,-1.08,61.96,1.29,5568003264.0
605336,帅丰电器,15.51,-1.08,724.34,1.52,2844727100.0
603585,苏利股份,19.92,-1.09,20.06,1.47,3722788283.0
600020,中原高速,4.54,-1.09,7.96,0.86,10203068117.0
301099,雅创电子,48.17,-1.09,64.02,5.45,7064890478.0
301330,熵基科技,31.87,-1.09,43.88,2.21,7500653899.0
688079,美迪凯,12.74,-1.09,-51.4,3.9,5205451863.0
300067,安诺其,4.54,-1.09,-106.4,2.1,5240860566.0
600178,东安动力,12.74,-1.09,-1357.04,2.34,5942906291.0
301000,肇民科技,43.58,-1.09,73.88,8.51,10584593693.0
600874,创业环保,6.32,-1.1,10.61,0.98,9925042297.0
300227,光韵达,9.85,-1.1,-76.64,3.5,5359497201.0
600269,赣粤高速,5.39,-1.1,5.8,0.63,12587843805.0
600355,*ST精伦,3.59,-1.1,-43.2,15.77,1766600228.0
600228,*ST返利,6.3,-1.1,-44.0,6.35,2627177975.0
002339,积成电子,8.07,-1.1,-40.07,2.36,4068024651.0
300862,蓝盾光电,22.4,-1.1,-52.55,2.08,4135441005.0
300011,鼎汉技术,8.09,-1.1,264.63,3.37,4519481631.0
600719,大连热电,6.29,-1.1,-16.96,8.64,2544931484.0
300502,新易盛,406.1,-1.1,47.85,27.79,403652172147.0
300095,华伍股份,9.91,-1.1,75.77,2.49,4163093525.0
300183,东软载波,15.28,-1.1,-485.35,2.28,7068667613.0
688426,康为世纪,27.63,-1.11,-27.8,2.21,3108201373.0
301059,金三江,11.6,-1.11,43.48,4.59,2681386400.0
300376,ST易事特,5.36,-1.11,99.29,1.86,12479368951.0
301088,戎美股份,14.23,-1.11,56.19,1.29,3243017000.0
000802,北京文化,4.45,-1.11,-7.83,4.09,3185756135.0
600620,天宸股份,6.24,-1.11,121.39,2.89,4284865185.0
600398,海澜之家,6.21,-1.11,9.44,1.68,29825203538.0
000619,海螺新材,6.21,-1.11,-53.58,1.07,2739658441.0
605186,健麾信息,20.46,-1.11,246.91,2.58,2782560000.0
301591,肯特股份,41.1,-1.11,43.9,3.86,3457332000.0
603877,太平鸟,14.08,-1.12,176.03,1.55,6632742308.0
002825,纳尔股份,11.51,-1.12,20.47,2.43,3931069312.0
002511,中顺洁柔,7.95,-1.12,33.32,1.86,10226703613.0
003017,大洋生物,33.51,-1.12,26.38,2.56,2814840000.0
600239,云南城投,2.65,-1.12,-90.61,3.32,4255070309.0
002615,哈尔斯,7.94,-1.12,20.26,2.13,3702165792.0
605286,同力日升,38.93,-1.12,25.44,3.08,6540240000.0
002845,同兴达,14.07,-1.12,-79.46,1.95,4608652489.0
300290,荣科科技,22.73,-1.13,-344.14,18.74,14541121293.0
600359,新农开发,7.01,-1.13,70.62,3.95,2674404868.0
002864,盘龙药业,30.53,-1.13,27.1,1.93,3244757709.0
300013,新宁物流,4.37,-1.13,-361.64,12.46,2440028367.0
301459,丰茂股份,41.3,-1.13,37.97,3.45,4300231166.0
603466,风语筑,9.6,-1.13,81.26,2.71,5709944170.0
300248,新开普,12.27,-1.13,-1047.39,2.75,5844794782.0
001205,盛航股份,16.6,-1.13,31.95,1.5,3120856008.0
600007,中国国贸,20.19,-1.13,16.08,2.22,20337034361.0
300551,古鳌科技,13.09,-1.13,-20.32,10.17,4451422563.0
600774,汉商集团,9.66,-1.13,878.84,1.71,2850013003.0
300416,苏试试验,15.76,-1.13,38.33,3.01,8014713423.0
002651,利君股份,11.39,-1.13,101.28,4.2,11771109400.0
603315,福鞍股份,13.12,-1.13,73.49,2.47,4203992584.0
003031,中瓷电子,59.51,-1.13,45.41,4.27,26842155639.0
002921,联诚精密,15.8,-1.13,-153.71,1.78,2353728007.0
002762,*ST金比,7.86,-1.13,-26.43,3.61,2782636500.0
301310,鑫宏业,43.25,-1.14,47.14,2.59,5905979530.0
301448,开创电气,60.53,-1.14,-453.83,9.26,6331438000.0
605365,立达信,17.39,-1.14,51.43,2.34,8730003914.0
603528,多伦科技,8.69,-1.14,-573.32,3.2,6134532838.0
301198,喜悦智行,13.0,-1.14,-353.86,2.4,2197000000.0
300941,创识科技,25.06,-1.14,251.1,4.02,5131035000.0
301005,超捷股份,53.04,-1.14,187.88,9.26,7121534993.0
300500,启迪设计,13.86,-1.14,41.48,2.16,2411291684.0
603221,爱丽家居,12.16,-1.14,103.38,1.85,2973606400.0
002348,高乐股份,4.34,-1.14,-264.14,9.23,4110848000.0
601128,常熟银行,6.92,-1.14,5.13,0.77,22950290104.0
688623,双元科技,71.37,-1.15,57.81,2.01,4221014499.0
603237,五芳斋,17.19,-1.15,14.53,1.92,3388593671.0
002737,葵花药业,14.59,-1.15,-190.54,2.1,8520560000.0
300647,超频三,6.88,-1.15,1079.29,5.5,3146368645.0
002420,毅昌科技,7.75,-1.15,62.78,5.18,3187497500.0
300263,隆华科技,8.6,-1.15,37.0,2.12,8901054197.0
603117,万林物流,5.18,-1.15,156.52,3.03,3103844304.0
600368,五洲交通,4.28,-1.15,10.16,0.96,6889318512.0
300329,海伦钢琴,16.33,-1.15,-77.71,6.09,4129673777.0
603458,勘设股份,8.56,-1.15,-13.48,0.9,2620425840.0
300254,仟源医药,11.15,-1.15,95.92,9.71,2855610477.0
603551,奥普科技,11.15,-1.15,17.7,3.17,4350268948.0
603409,汇通控股,34.53,-1.15,27.84,2.92,4351815900.0
688233,神工股份,51.78,-1.15,92.93,4.75,8818431010.0
300517,海波重科,12.04,-1.15,-216.96,2.39,2412967680.0
002445,中南文化,2.57,-1.15,55.71,2.7,6107881355.0
300187,永清环保,5.17,-1.15,25.34,2.96,3337866593.0
600818,中路股份,10.3,-1.15,-131.49,5.93,3310913473.0
605303,园林股份,19.58,-1.16,-21.21,3.31,3157028449.0
601608,中信重工,7.66,-1.16,92.33,3.79,35079379327.0
600760,中航沈飞,64.13,-1.16,100.15,8.33,181814624009.0
600824,益民集团,4.27,-1.16,175.67,1.87,4500695602.0
603788,宁波高发,17.06,-1.16,18.33,1.84,3805490060.0
600749,西藏旅游,18.68,-1.16,97.66,3.94,4239715858.0
000720,新能泰山,3.42,-1.16,404.03,1.82,4297337973.0
603598,引力传媒,16.16,-1.16,136.57,21.4,4351742996.0
300581,晨曦航空,17.11,-1.16,-161.24,9.85,9412374332.0
300761,立华股份,21.32,-1.16,46.63,1.98,17850588746.0
601997,贵阳银行,5.9,-1.17,4.36,0.35,21571568648.0
002721,金一文化,3.37,-1.17,-177.73,4.37,8962105933.0
603889,新澳股份,7.62,-1.17,11.06,1.55,5564866516.0
600965,福成股份,5.08,-1.17,57.99,1.91,4159000851.0
001308,康冠科技,22.87,-1.17,23.99,1.97,16086182293.0
002718,友邦吊顶,24.42,-1.17,212.68,3.5,3209955984.0
002658,雪迪龙,8.46,-1.17,34.96,2.07,5378537417.0
000633,合金投资,6.77,-1.17,269.41,13.27,2607170145.0
000429,粤高速Ａ,11.81,-1.17,11.99,2.28,24692420348.0
600764,中国海防,31.32,-1.17,117.67,2.7,22256912370.0
300707,威唐工业,15.26,-1.17,62.23,2.35,2694014439.0
301073,君亭酒店,21.18,-1.17,311.9,4.31,4118473154.0
603015,弘讯科技,12.52,-1.18,118.43,3.63,5060821880.0
605155,西大门,15.97,-1.18,26.06,2.31,3055030657.0
002387,维信诺,8.36,-1.18,-5.5,2.6,11677153198.0
002952,亚世光电,20.07,-1.18,197.96,3.79,3298303800.0
603803,瑞斯康达,9.23,-1.18,-62.47,2.5,3921675231.0
300056,中创环保,10.03,-1.18,-62.05,26.2,3866469143.0
688651,盛邦安全,38.53,-1.18,-40.3,3.07,2905123470.0
605266,健之佳,20.95,-1.18,24.14,1.23,3237674342.0
002355,兴民智通,5.82,-1.19,-16.1,3.18,3890559420.0
301586,佳力奇,49.66,-1.19,72.77,3.23,4120563479.0
688365,光云科技,14.13,-1.19,-300.21,6.35,6016902785.0
002577,雷柏科技,19.04,-1.19,491.14,4.53,5364649472.0
001211,双枪科技,25.81,-1.19,89.78,2.11,1858320000.0
603977,国泰集团,13.24,-1.19,32.47,2.46,8225241803.0
600666,奥瑞德,3.33,-1.19,74.95,10.22,9202497767.0
300612,宣亚国际,14.07,-1.19,-99.33,5.18,2538994759.0
300110,华仁药业,3.33,-1.19,54.1,2.9,3936769230.0
605399,晨光新材,13.24,-1.19,-481.84,1.9,4134075183.0
688256,寒武纪-U,1461.0,-1.19,287.95,54.47,616082033370.0
300334,津膜科技,7.44,-1.2,1256.9,3.7,2247366249.0
300570,太辰光,109.0,-1.2,71.32,14.91,24756828503.0
002253,*ST智胜,10.71,-1.2,-36.75,2.2,2416455477.0
600525,ST长园,3.3,-1.2,-9.95,1.16,4351974502.0
003013,地铁设计,15.62,-1.2,13.8,2.19,6378066147.0
603713,密尔克卫,58.62,-1.2,13.25,1.99,9269414881.0
301314,科瑞思,44.05,-1.21,175.03,2.33,2433762500.0
002763,汇洁股份,7.32,-1.21,18.45,1.61,3000643680.0
002622,皓宸医疗,3.27,-1.21,-57.82,7.37,2746800000.0
688596,正帆科技,39.3,-1.21,61.08,3.21,11511911589.0
600654,中安科,3.26,-1.21,1863.95,5.55,9377019504.0
002853,皮阿诺,12.23,-1.21,-222.96,2.4,2237062044.0
688061,灿瑞科技,35.79,-1.21,-82.29,1.72,4111891304.0
301588,美新科技,20.24,-1.22,63.55,2.57,2405883341.0
603223,恒通股份,9.68,-1.22,29.47,1.76,6913330605.0
002843,泰嘉股份,20.18,-1.22,65.81,3.59,5080064001.0
002900,哈三联,13.75,-1.22,-15.62,2.29,4349916313.0
603730,岱美股份,7.27,-1.22,32.36,3.58,15620207112.0
603956,威派格,6.46,-1.22,-37.48,1.86,3681594608.0
002404,嘉欣丝绸,6.49,-1.22,17.92,1.84,3634734501.0
603768,常青股份,12.11,-1.22,-70.2,1.2,2881645428.0
688323,瑞华泰,15.38,-1.22,-41.03,3.52,2768403445.0
600365,ST通葡,3.25,-1.22,-31.47,4.35,1466660000.0
002029,七 匹 狼,8.94,-1.22,11.73,0.92,6302910421.0
600316,洪都航空,34.69,-1.22,1571.25,4.63,24876702421.0
688789,宏华数科,82.4,-1.22,29.51,4.46,14786789757.0
000589,贵州轮胎,4.86,-1.22,12.59,0.85,7555785643.0
300887,谱尼测试,8.04,-1.23,-16.55,1.53,4387727193.0
300076,GQY视讯,6.41,-1.23,-64.58,3.02,2717840000.0
301395,仁信新材,11.25,-1.23,63.9,1.77,2732067428.0
600807,济高发展,3.22,-1.23,-30.51,42.38,2848523834.0
603838,*ST四通,8.05,-1.23,-79.51,2.7,2576128800.0
300838,浙江力诺,15.23,-1.23,150.89,2.13,2101404940.0
001202,炬申股份,16.68,-1.24,34.07,3.51,2780407715.0
600569,安阳钢铁,2.38,-1.24,89.81,2.53,6836362899.0
603818,曲美家居,3.99,-1.24,-29.23,1.24,2739309981.0
000025,特  力Ａ,18.35,-1.24,48.0,4.38,7909920172.0
688315,诺禾致源,14.33,-1.24,39.63,2.3,5964146000.0
600684,珠江股份,5.52,-1.25,120.93,9.82,4711103191.0
000004,*ST国华,12.61,-1.25,-19.95,75.2,1669315356.0
002660,茂硕电源,9.48,-1.25,-43.78,2.81,3380814660.0
301613,新铝时代,51.54,-1.25,30.26,4.67,7413577870.0
603589,口子窖,32.26,-1.25,19.5,1.84,19295334167.0
688057,金达莱,12.63,-1.25,27.43,1.08,3485880000.0
301159,三维天地,34.86,-1.25,-26.89,4.62,2696421000.0
300608,思特奇,11.88,-1.25,-16.7,2.95,3935120116.0
600696,*ST岩石,5.54,-1.25,-12.42,6.45,1852960648.0
002362,汉王科技,22.91,-1.25,-46.07,5.32,5600455940.0
002697,红旗连锁,5.54,-1.25,14.77,1.61,7534400000.0
600579,中化装备,8.64,-1.26,-118.58,2.6,4264710558.0
300504,天邑股份,14.12,-1.26,-51.96,1.8,3826867070.0
603198,迎驾贡酒,39.07,-1.26,15.51,3.08,31256000000.0
000790,华神科技,3.93,-1.26,-18.8,2.63,2451217101.0
300719,安达维尔,16.49,-1.26,5544.27,4.04,4192205704.0
002332,仙琚制药,9.43,-1.26,17.2,1.56,9328201886.0
603096,新经典,18.03,-1.26,30.76,1.5,2780850271.0
301575,艾芬达,56.38,-1.26,38.01,3.56,4886454600.0
600130,*ST波导,3.91,-1.26,371.52,3.03,2932500000.0
002723,小崧股份,7.86,-1.26,-27.55,2.77,2612270025.0
301522,上大股份,32.03,-1.26,116.65,6.3,11910889344.0
002331,皖通科技,8.59,-1.26,-47.0,2.18,3680228724.0
301052,果麦文化,43.98,-1.26,270.53,6.04,4352231729.0
605300,佳禾食品,11.79,-1.26,154.53,1.87,5357359459.0
301512,智信精密,46.87,-1.26,-45.45,2.48,2499736458.0
601933,永辉超市,4.69,-1.26,-88.46,10.21,42561923497.0
603819,神力股份,11.7,-1.27,111.48,3.17,2547443188.0
603790,雅运股份,20.25,-1.27,44.34,3.07,3875040000.0
300338,ST开元,3.88,-1.27,-18.45,-40.4,1562183805.0
002575,群兴玩具,6.2,-1.27,-134.24,4.61,3822300000.0
300107,建新股份,6.99,-1.27,493.7,2.61,3933848053.0
688199,久日新材,24.87,-1.27,1105.69,1.56,4009721732.0
300025,华星创业,6.2,-1.27,-59.29,5.85,3154516116.0
002768,国恩股份,52.09,-1.27,17.23,2.57,14129412500.0
300683,海特生物,31.77,-1.27,-19.73,1.86,4158514802.0
301592,六九一二,129.23,-1.27,-301.51,10.32,9046100000.0
688329,艾隆科技,21.8,-1.27,-1316.34,2.17,1682960000.0
300778,新城市,13.26,-1.27,-102.72,2.19,2700526853.0
688528,秦川物联,12.31,-1.28,-22.19,4.17,2068080000.0
001230,劲旅环境,23.21,-1.28,19.8,1.65,3115386783.0
002069,獐子岛,3.86,-1.28,-63.59,151.47,2744893069.0
000868,安凯客车,5.39,-1.28,-438.67,5.95,5063984422.0
301309,万得凯,30.65,-1.29,27.5,1.9,3065000000.0
001339,智微智能,55.67,-1.29,80.4,6.23,14037316314.0
002584,西陇科学,8.44,-1.29,-59.91,2.2,4939226602.0
600202,哈空调,6.14,-1.29,-74.1,2.92,2353711726.0
002999,天禾股份,6.9,-1.29,51.02,2.0,2398384800.0
300632,光莆股份,13.78,-1.29,71.34,2.35,4205402724.0
000596,古井贡酒,150.46,-1.29,10.86,3.16,79533156000.0
002811,郑中设计,13.04,-1.29,21.33,2.95,4015928865.0
603303,得邦照明,13.73,-1.29,24.91,2.1,6548449015.0
600303,曙光股份,3.82,-1.29,-8.99,2.18,2611368086.0
300911,亿田智能,38.2,-1.29,-47.37,5.97,7003243169.0
301262,海看股份,25.01,-1.3,24.51,2.72,10429170000.0
002769,普路通,9.13,-1.3,71.02,2.88,3408393833.0
600015,华夏银行,6.82,-1.3,4.53,0.35,108539812152.0
002771,真视通,15.94,-1.3,-47.52,5.43,3343639754.0
688719,爱科赛博,41.13,-1.3,-79.76,2.8,4745802242.0
000890,法尔胜,4.56,-1.3,-63.62,874.54,1912938094.0
301207,华兰疫苗,18.97,-1.3,64.63,2.01,11401491675.0
300436,广生堂,112.98,-1.3,-120.94,46.98,17993985660.0
688652,京仪装备,94.35,-1.3,92.51,7.47,15850800000.0
000409,云鼎科技,11.36,-1.3,114.01,4.89,7701972137.0
300968,格林精密,13.63,-1.3,218.31,2.97,5634369400.0
688113,联测科技,39.33,-1.3,25.15,2.68,2532755995.0
000519,中兵红箭,18.81,-1.31,-334.0,2.56,26194034451.0
605151,西上海,20.28,-1.31,2379.03,2.0,2728759622.0
603717,天域生物,9.06,-1.31,-1223.88,5.08,2628724934.0
300621,维业股份,9.03,-1.31,-141.96,2.18,1878752001.0
601916,浙商银行,3.02,-1.31,5.41,0.47,82943200608.0
688521,芯原股份,167.78,-1.31,-190.81,24.84,88204172944.0
301032,新柴股份,13.52,-1.31,41.27,2.7,3260123568.0
688455,科捷智能,15.82,-1.31,-36.13,3.22,2861033822.0
688011,新光光电,39.08,-1.31,-125.8,3.64,3908000000.0
002547,春兴精工,5.29,-1.31,-22.37,-39.28,5967422419.0
300958,建工修复,13.56,-1.31,-22.2,1.71,2125348011.0
603955,大千生态,32.79,-1.32,-139.92,2.89,4450258800.0
002136,安 纳 达,11.22,-1.32,-39.02,2.14,2412524400.0
300909,汇创达,35.14,-1.32,79.07,3.01,6078270482.0
003003,天元股份,12.73,-1.32,35.77,1.77,2250642359.0
002745,木林森,8.99,-1.32,47.83,1.0,13342655927.0
301259,艾布鲁,35.75,-1.32,-565.44,6.74,5577000000.0
300800,力合科技,11.96,-1.32,96.58,1.41,2831637640.0
001322,箭牌家居,8.16,-1.33,138.74,1.67,7892049754.0
300093,*ST金刚,13.35,-1.33,-5.4,-2.42,2883600000.0
603583,捷昌驱动,39.47,-1.33,29.77,3.24,15087287314.0
603086,先达股份,9.63,-1.33,16.03,1.94,4187250567.0
603028,赛福天,8.18,-1.33,380.81,4.57,2347987200.0
603008,喜临门,17.8,-1.33,12.31,1.68,6555605343.0
002290,禾盛新材,40.08,-1.33,51.76,10.48,9944342186.0
002966,苏州银行,8.17,-1.33,5.83,0.74,36525308630.0
300582,英飞特,15.58,-1.33,-44.29,3.51,4651198483.0
688529,豪森智能,19.26,-1.33,-10.74,1.72,3239068855.0
603648,畅联股份,11.15,-1.33,33.21,2.21,4040902720.0
688191,智洋创新,31.81,-1.33,120.29,8.44,7368798270.0
002774,快意电梯,9.67,-1.33,47.8,2.76,3255771993.0
688207,格灵深瞳,15.51,-1.34,-23.66,2.1,4016673510.0
600838,上海九百,8.85,-1.34,93.61,2.25,3547805532.0
300950,德固特,33.86,-1.34,53.59,6.52,5162972800.0
688192,迪哲医药-U,59.08,-1.34,-35.96,16.71,27142113778.0
000965,天保基建,4.43,-1.34,57.07,0.89,4916550865.0
603323,苏农银行,5.17,-1.34,4.58,0.56,10435859229.0
300864,南大环境,20.45,-1.35,20.4,2.45,3226209158.0
600078,澄星股份,9.5,-1.35,172.73,3.61,6429722180.0
002178,延华智能,6.57,-1.35,487.75,10.73,4678845217.0
301115,联检科技,16.76,-1.35,65.9,1.21,3075876486.0
002157,正邦科技,2.92,-1.35,2450.85,2.3,27010474760.0
603190,亚通精工,23.19,-1.36,27.37,1.32,2888082600.0
300200,高盟新材,10.86,-1.36,30.67,2.85,4680369017.0
300195,长荣股份,7.95,-1.36,379.61,1.26,3368476660.0
002822,*ST中装,3.63,-1.36,-4.4,2.53,3488713841.0
603150,万朗磁塑,40.57,-1.36,28.54,2.05,3468045310.0
688358,祥生医疗,34.78,-1.36,31.14,2.79,3899691397.0
300746,汉嘉设计,13.74,-1.36,91.73,4.03,3101644627.0
300030,阳普医疗,7.99,-1.36,77.06,3.92,2470406647.0
002909,集泰股份,6.52,-1.36,-442.37,2.83,2542800000.0
603968,醋化股份,12.31,-1.36,482.46,1.37,2517148800.0
300299,富春股份,6.49,-1.37,-364.66,10.42,4480047552.0
301167,建研设计,16.53,-1.37,96.28,1.96,1851360000.0
688178,万德斯,26.61,-1.37,-45.9,2.25,2261792629.0
601860,紫金银行,2.87,-1.37,5.76,0.52,10507033382.0
001218,丽臣实业,23.7,-1.37,23.02,1.36,3085224762.0
002877,智能自控,8.61,-1.37,135.59,2.53,3063814214.0
002003,伟星股份,10.73,-1.38,16.12,2.79,12542185977.0
300071,福石控股,4.29,-1.38,-57.76,29.48,4135063801.0
000702,正虹科技,7.13,-1.38,-176.87,7.02,2471435879.0
603095,越剑智能,15.76,-1.38,37.8,1.76,4070322592.0
002836,新宏泽,10.74,-1.38,46.09,6.55,2474496000.0
002321,华英农业,2.86,-1.38,-147.83,6.48,6100065603.0
001210,金房能源,17.17,-1.38,22.49,2.08,2692473647.0
300388,节能国祯,9.26,-1.38,18.59,1.36,6306451059.0
300379,*ST东通,2.15,-1.38,-10.71,0.39,1199534080.0
603324,盛剑科技,26.34,-1.39,95.01,2.31,3889880137.0
601518,吉林高速,2.84,-1.39,10.17,0.96,5369171000.0
002983,芯瑞达,20.64,-1.39,34.66,3.3,4611702941.0
301355,南王科技,12.05,-1.39,224.36,1.56,2350930032.0
301081,严牌股份,10.63,-1.39,127.94,2.24,2415015998.0
600834,申通地铁,9.24,-1.39,93.36,2.57,4411008802.0
002068,黑猫股份,9.94,-1.39,-25.92,2.72,7309331248.0
000042,中洲控股,7.81,-1.39,63.31,1.58,5192331196.0
300635,中达安,14.24,-1.39,1526.94,5.29,1995508160.0
301122,采纳股份,24.88,-1.39,276.5,1.7,3041471971.0
600161,天坛生物,18.32,-1.4,33.19,3.16,36225444891.0
600165,*ST宁科,3.53,-1.4,-7.07,-24.37,2417639726.0
688551,科威尔,40.12,-1.4,49.02,2.59,3372916845.0
300721,怡达股份,14.04,-1.4,-19.32,2.05,2314448216.0
002816,*ST和科,22.46,-1.4,250.15,9.71,2246000000.0
002259,升达林业,4.23,-1.4,113.12,11.88,3182348569.0
603273,天元智能,19.02,-1.4,156.59,4.63,4076240868.0
688531,日联科技,70.88,-1.4,70.53,3.54,11737298396.0
300453,三鑫医疗,9.16,-1.4,19.39,3.46,4782291959.0
300849,锦盛新材,14.76,-1.4,-175.31,3.76,2214000000.0
300405,科隆股份,6.33,-1.4,-46.36,4.3,1800079007.0
300539,横河精密,50.95,-1.41,273.2,11.76,13659728729.0
300088,长信科技,6.28,-1.41,41.21,1.79,15685766876.0
688067,爱威科技,27.89,-1.41,48.65,3.77,1896520000.0
688272,富吉瑞,25.16,-1.41,-48.01,3.97,1912160000.0
002972,科安达,12.56,-1.41,38.6,2.57,3089870528.0
300135,宝利国际,4.19,-1.41,-285.93,4.08,3861504000.0
600133,东湖高新,9.78,-1.41,106.02,1.19,10427825978.0
301380,挖金客,35.6,-1.41,101.32,4.96,3609570615.0
300239,东宝生物,5.61,-1.41,51.55,1.97,3330140504.0
600883,博闻科技,8.38,-1.41,68.93,2.04,1978417440.0
688443,智翔金泰-U,29.41,-1.41,-18.64,5.89,10784058800.0
603569,长久物流,8.37,-1.41,78.13,1.8,5051355691.0
300062,中能电气,6.29,-1.41,514.53,2.9,3507342476.0
000488,ST晨鸣,2.08,-1.42,-0.79,1.15,6118228896.0
300659,中孚信息,15.22,-1.42,-19.81,3.3,3963171993.0
603607,京华激光,23.62,-1.42,43.05,4.17,4216566816.0
300904,威力传动,79.24,-1.42,-74.31,8.7,5735647304.0
301203,国泰环保,34.8,-1.42,21.27,1.95,2784000000.0
603073,彩蝶实业,18.69,-1.42,25.86,1.57,2168040000.0
600605,汇通能源,31.28,-1.42,156.45,4.56,6452514379.0
002856,美芝股份,11.07,-1.42,-25.38,18.03,1497912785.0
603023,威帝股份,4.14,-1.43,2455.2,3.0,2310606065.0
300998,宁波方正,23.45,-1.43,-109.26,2.55,3216618444.0
300058,蓝色光标,6.22,-1.43,85.59,2.81,22331176032.0
301577,美信科技,62.91,-1.43,186.57,3.71,2832805845.0
600052,东望时代,4.84,-1.43,30.72,1.5,4085902546.0
603969,银龙股份,10.31,-1.43,24.28,3.31,8839216640.0
300275,梅安森,12.32,-1.44,71.8,4.02,3790465670.0
300429,强力新材,13.66,-1.44,-228.62,4.25,7325918473.0
002148,北纬科技,9.59,-1.44,-14599.94,4.39,5360688495.0
002796,世嘉科技,19.17,-1.44,-71.14,5.65,4839024593.0
601077,渝农商行,6.86,-1.44,5.46,0.59,77909020000.0
603176,汇通集团,6.15,-1.44,-73.89,2.7,2922694223.0
300877,金春股份,30.84,-1.44,37.58,2.22,3700800000.0
600841,动力新科,6.18,-1.44,-18.39,2.71,8576738625.0
300166,东方国信,10.18,-1.45,-88.28,1.98,11592431715.0
688238,和元生物,7.47,-1.45,-22.43,3.27,4848304149.0
600088,中视传媒,16.29,-1.45,-456.08,5.13,6478637256.0
301329,信音电子,20.39,-1.45,52.97,2.24,3470378000.0
300205,*ST天喻,4.77,-1.45,-12.37,2.09,2051367120.0
000524,岭南控股,14.15,-1.46,95.74,4.19,9483451648.0
302132,中航成飞,88.68,-1.46,81.93,11.89,236961063224.0
300341,麦克奥迪,17.51,-1.46,47.15,4.71,9059854983.0
601890,亚星锚链,10.14,-1.46,34.53,2.63,9728316000.0
300291,百纳千成,6.07,-1.46,-63.49,1.87,5717270182.0
600476,湘邮科技,17.5,-1.46,-430.48,20.41,2818725000.0
300385,雪浪环境,5.39,-1.46,-8.54,21.79,1795656573.0
301539,宏鑫科技,19.53,-1.46,49.71,3.54,2890440000.0
300578,会畅通讯,18.18,-1.46,266.19,3.03,3604543873.0
300123,亚光科技,6.07,-1.46,-47.05,4.22,6202533127.0
301025,读客文化,9.45,-1.46,435.08,6.11,3782923830.0
605333,沪光股份,32.45,-1.46,26.59,4.41,15058111175.0
300900,广联航空,18.27,-1.46,234.16,4.21,5428951858.0
600908,无锡银行,6.05,-1.47,5.43,0.59,13277824255.0
000017,深中华A,6.7,-1.47,111.94,12.34,4617539051.0
300497,富祥药业,10.05,-1.47,-64.7,2.52,5413421787.0
601086,国芳集团,10.74,-1.47,157.92,4.61,7152840000.0
002857,三晖电气,22.71,-1.48,-77.72,5.49,2966698140.0
603139,康惠股份,21.93,-1.48,-12.4,3.02,2190368400.0
603272,联翔股份,22.03,-1.48,780.32,4.09,2282902810.0
300960,通业科技,25.91,-1.48,105.47,6.21,3742550906.0
300389,艾比森,17.31,-1.48,25.88,3.88,6389126487.0
688416,恒烁股份,60.4,-1.48,-39.41,3.88,5008936545.0
300643,万通智控,21.32,-1.48,29.09,3.9,4930325601.0
301322,绿通科技,30.65,-1.48,46.41,1.52,4330473461.0
002421,达实智能,3.31,-1.49,-12.69,2.36,7019125225.0
688399,硕世生物,77.28,-1.49,1542.43,2.18,6481606599.0
605183,确成股份,19.9,-1.49,15.62,2.28,8276074586.0
300885,海昌新材,21.84,-1.49,95.4,6.16,5419635312.0
600280,中央商场,3.31,-1.49,-52.32,6.06,3734788148.0
600265,ST景谷,19.89,-1.49,-9.1,297.15,2581722000.0
603153,上海建科,19.15,-1.49,55.97,2.17,7848840180.0
688055,龙腾光电,3.96,-1.49,-55.05,3.17,13200000264.0
002357,富临运业,9.94,-1.49,15.02,1.81,3116081018.0
600016,民生银行,3.97,-1.49,4.06,0.31,173816201453.0
002046,国机精工,29.56,-1.5,57.68,3.66,15852047643.0
600800,渤海化学,3.93,-1.5,-5.65,3.67,4362477699.0
600785,新华百货,13.17,-1.5,20.73,1.29,2971563958.0
001387,雪祺电气,13.82,-1.5,40.89,2.02,2529590688.0
000421,南京公用,7.22,-1.5,26.84,1.48,4147281599.0
003007,直真科技,34.77,-1.5,-56.97,4.31,3616080000.0
301337,亚华电子,28.17,-1.5,-378.4,2.68,2935314000.0
300828,锐新科技,16.37,-1.5,73.13,3.5,2724328140.0
300259,新天科技,3.93,-1.5,21.61,1.52,4597319958.0
300006,莱美药业,4.56,-1.51,-78.65,2.62,4814955095.0
300437,清水源,9.76,-1.51,-50.76,1.77,2463647611.0
301166,优宁维,31.22,-1.51,-134.57,1.34,2705733375.0
300897,山科智能,29.09,-1.52,116.99,4.16,4078994098.0
001229,魅视科技,36.3,-1.52,67.73,3.73,3630000000.0
603339,四方科技,13.59,-1.52,30.5,1.61,4205305568.0
000639,西王食品,3.23,-1.52,1176.87,1.2,3486552747.0
300937,药易购,27.3,-1.52,-234.4,3.14,2611700419.0
603261,*ST立航,23.34,-1.52,-30.71,2.69,1818363897.0
603886,元祖股份,12.33,-1.52,16.93,1.91,2959200000.0
300556,丝路视觉,20.0,-1.53,-14.88,5.48,2431289860.0
603880,南卫股份,6.45,-1.53,-71.88,7.0,1864320900.0
603515,欧普照明,17.39,-1.53,16.82,1.94,12934988638.0
000995,皇台酒业,13.53,-1.53,-252.28,16.28,2400330240.0
301001,凯淳股份,30.15,-1.53,4930.29,3.09,2412000000.0
603276,恒兴新材,16.73,-1.53,64.37,1.99,3473976085.0
002980,华盛昌,22.47,-1.53,49.19,3.94,4255844065.0
300396,迪瑞医疗,13.48,-1.53,-31.6,1.94,3675998170.0
600712,南宁百货,7.03,-1.54,9881.51,4.8,3828927181.0
688685,迈信林,64.68,-1.54,114.48,11.78,9406196822.0
003043,华亚智能,49.79,-1.54,125.2,3.91,6671394513.0
301468,博盈特焊,35.07,-1.54,82.24,1.99,4563093666.0
688653,康希通信,13.4,-1.54,-139.75,3.95,5688032000.0
605567,春雪食品,10.84,-1.54,48.01,1.99,2168000000.0
603798,康普顿,15.38,-1.54,54.02,3.41,3944195617.0
002343,慈文传媒,7.67,-1.54,-99.69,3.79,3642864092.0
002562,兄弟科技,7.02,-1.54,62.15,2.22,8022609857.0
300907,康平科技,32.35,-1.55,47.09,3.89,3105600000.0
600679,上海凤凰,13.32,-1.55,44.29,3.21,6863719503.0
603020,爱普股份,11.45,-1.55,29.35,1.33,4388072512.0
300103,达刚控股,7.62,-1.55,-71.19,4.98,2420119620.0
688096,京源环保,8.24,-1.55,418.61,2.11,1944949857.0
300137,ST先河,8.28,-1.55,602.11,2.72,4442900699.0
600738,丽尚国潮,5.09,-1.55,24.3,1.94,3875196351.0
301302,华如科技,23.43,-1.55,-19.66,2.33,3651916950.0
002524,光正眼科,4.44,-1.55,9955.68,18.88,2301993809.0
002789,*ST建艺,10.14,-1.55,-3.55,-1.41,1618582432.0
603041,美思德,12.61,-1.56,38.35,1.54,2309492396.0
300610,晨化股份,11.34,-1.56,34.63,2.11,2438190493.0
002839,张家港行,4.42,-1.56,5.43,0.61,10804004785.0
300780,德恩精工,18.33,-1.56,-62.12,2.63,2688461100.0
301339,通行宝,15.1,-1.56,39.09,3.15,8763033132.0
002587,奥拓电子,6.3,-1.56,194.36,3.09,4104728183.0
688392,骄成超声,115.44,-1.57,106.57,7.42,13360259078.0
603280,南方路机,41.98,-1.57,44.33,3.35,4550911881.0
002189,中光学,23.79,-1.57,-24.35,11.81,6213930705.0
000709,河钢股份,2.5,-1.57,23.55,0.5,25842802730.0
002162,悦心健康,4.4,-1.57,984.01,4.93,4046684246.0
002907,华森制药,16.26,-1.57,70.29,4.02,6790116066.0
688141,杰华特,52.1,-1.57,-39.75,12.6,23461755829.0
301446,福事特,33.75,-1.57,39.6,2.97,3510000000.0
300472,*ST新元,7.48,-1.58,-18.9,-37.42,2058934485.0
603949,雪龙集团,19.93,-1.58,51.7,3.98,4207954032.0
603329,上海雅仕,11.84,-1.58,85.92,2.11,2960605912.0
001256,炜冈科技,22.43,-1.58,31.29,2.72,3198799676.0
003010,若羽臣,41.62,-1.58,92.67,16.5,12946295391.0
301172,君逸数码,23.51,-1.59,177.4,2.77,4055004800.0
600865,百大集团,9.3,-1.59,109.49,1.52,3499034939.0
601798,蓝科高新,9.9,-1.59,79.03,2.77,3509829160.0
300823,建科智能,16.09,-1.59,85.68,2.24,2107512077.0
300837,浙矿股份,25.98,-1.59,37.56,1.88,2598045621.0
600136,ST明诚,1.84,-1.6,1879.46,15.31,3755119713.0
688597,煜邦电力,8.61,-1.6,59.67,3.46,2893475463.0
002870,香山股份,37.56,-1.6,41.09,2.93,4960760888.0
603033,三维股份,11.65,-1.6,-78.98,4.13,12013055404.0
301272,英华特,46.21,-1.6,101.02,2.67,2703391283.0
300172,中电环保,5.55,-1.6,31.69,1.94,3755740500.0
688049,炬芯科技,58.07,-1.61,50.31,5.14,10171985436.0
301051,信濠光电,23.16,-1.61,-40.08,2.13,4702486441.0
002431,棕榈股份,2.44,-1.61,-6.45,3.88,4423271687.0
300246,宝莱特,8.58,-1.61,-204.1,1.96,2270065503.0
688314,康拓医疗,33.6,-1.61,26.69,3.97,2729636179.0
600778,友好集团,6.69,-1.62,110.56,9.06,2083877145.0
001278,一彬科技,18.82,-1.62,-46.32,1.85,2328662588.0
600084,中信尼雅,5.47,-1.62,4576.84,4.75,6146785760.0
605500,森林包装,9.12,-1.62,93.8,1.48,3779328000.0
603065,宿迁联盛,8.51,-1.62,300.36,1.76,3565414038.0
601718,际华集团,3.63,-1.63,-64.35,1.29,15941614737.0
600067,冠城新材,3.61,-1.63,128.38,0.9,5023924148.0
603171,税友股份,49.01,-1.63,140.22,8.02,19914968450.0
600153,建发股份,10.29,-1.63,17.74,0.54,29836251690.0
301065,本立科技,22.84,-1.64,32.56,1.8,2421496800.0
002316,亚联发展,5.39,-1.64,273.85,27.69,2118916800.0
600421,*ST华嵘,7.19,-1.64,-495.34,228.15,1406364000.0
002326,永太科技,17.88,-1.65,381.2,6.07,16546166215.0
301367,瑞迈特,81.22,-1.65,30.32,2.44,7277312000.0
002799,环球印务,8.36,-1.65,-100.02,2.11,2675534400.0
688118,普元信息,26.84,-1.65,-42.67,2.99,2504620577.0
603369,今世缘,38.04,-1.65,10.64,2.93,47428273407.0
002982,湘佳股份,14.87,-1.65,101.4,1.9,3021494289.0
603855,华荣股份,19.73,-1.65,16.67,3.18,6659092030.0
002612,朗姿股份,17.26,-1.65,5.79,2.24,7636607173.0
301223,中荣股份,18.52,-1.65,20.27,1.2,3576722411.0
300689,澄天伟业,52.43,-1.65,365.93,8.78,6060908000.0
601999,出版传媒,7.15,-1.65,38.46,1.49,3939040105.0
605287,德才股份,30.43,-1.65,45.22,2.74,4260200000.0
600081,东风科技,12.52,-1.65,232.23,1.51,6923887648.0
600212,绿能慧充,8.3,-1.66,4416.92,11.32,5845417868.0
002313,日海智能,11.25,-1.66,-57.65,314.81,4212000000.0
300169,天晟新材,7.13,-1.66,-20.97,-75.9,2324268344.0
300237,ST美晨,2.35,-1.67,-18.48,326.69,3388500086.0
300978,东箭科技,11.22,-1.67,27.26,2.88,4742724732.0
300210,森远股份,9.4,-1.67,404.55,11.02,4551667558.0
301387,光大同创,40.1,-1.67,113.99,2.6,4280562880.0
600163,中闽能源,5.31,-1.67,23.1,1.45,10104909519.0
300364,中文在线,27.03,-1.67,-28.38,41.65,19691358190.0
001373,翔腾新材,31.16,-1.67,-87.83,2.46,2140283430.0
301305,朗坤科技,21.83,-1.67,15.85,1.4,5266011693.0
688670,金迪克,16.36,-1.68,-17.48,1.69,2015552000.0
000826,启迪环境,2.34,-1.68,-3.19,11.18,3335326600.0
300407,凯发电气,12.26,-1.68,42.43,2.04,3901138044.0
688787,海天瑞声,113.31,-1.68,898.31,9.38,6835446146.0
603682,锦和商管,5.86,-1.68,18.35,2.95,2768850000.0
000411,英特集团,11.1,-1.68,13.47,1.24,5793025920.0
002686,亿利达,6.42,-1.68,75.75,2.21,3635255234.0
000755,山西高速,5.24,-1.69,14.77,1.41,7688705427.0
600992,贵绳股份,13.95,-1.69,-44.19,2.42,3419005500.0
688589,力合微,23.89,-1.69,116.35,3.63,3471893326.0
688657,浩辰软件,56.48,-1.69,66.79,2.63,3700246986.0
000856,冀东装备,11.03,-1.69,231.31,5.97,2503810000.0
605337,李子园,12.18,-1.69,24.09,3.03,4751445685.0
301213,观想科技,57.49,-1.69,4520.6,5.86,4599199943.0
301111,粤万年青,16.91,-1.69,-249.61,3.62,2705600000.0
600148,长春一东,20.23,-1.7,262.77,6.03,2862877784.0
300264,佳创视讯,5.77,-1.7,-105.24,255.49,2486047879.0
000056,皇庭国际,2.31,-1.7,-0.84,-1.31,2731640188.0
603312,西典新能,48.58,-1.7,27.65,4.52,7772775710.0
000901,航天科技,19.67,-1.7,88.24,3.63,15700621656.0
300152,ST新动力,2.31,-1.7,-170.76,6.99,1646568000.0
601939,建设银行,9.23,-1.7,7.45,0.72,2414571520867.0
301288,*ST清研,16.8,-1.7,-262.97,2.28,1814568000.0
001212,中旗新材,48.54,-1.7,1847.58,5.26,9115178844.0
688355,明志科技,20.1,-1.71,42.32,2.34,2491517047.0
300694,蠡湖股份,12.08,-1.71,107.59,1.88,2601029082.0
601818,光大银行,3.44,-1.71,4.13,0.42,203254295650.0
688157,松井股份,32.73,-1.71,208.48,3.91,5119989248.0
301390,经纬股份,35.67,-1.71,102.32,2.25,2140200000.0
688004,博汇科技,25.9,-1.71,-110.02,3.51,2074279200.0
603116,红蜻蜓,5.76,-1.71,-72.24,1.26,3318916608.0
003023,彩虹集团,25.36,-1.71,45.87,1.73,2671462976.0
002486,嘉麟杰,2.86,-1.72,39.62,2.21,2357449666.0
600589,大位科技,7.44,-1.72,217.83,15.53,11045943982.0
301515,港通医疗,21.68,-1.72,-159.28,1.78,2168000000.0
603375,盛景微,42.75,-1.72,167.65,2.72,4303500014.0
301552,科力装备,39.49,-1.72,23.01,3.27,3759448000.0
300597,吉大通信,9.15,-1.72,-66.31,2.64,2494015775.0
603811,诚意药业,12.02,-1.72,20.67,2.98,3934197926.0
600076,康欣新材,2.84,-1.73,-15.12,1.0,3818503162.0
688168,安博通,77.2,-1.73,-34.19,5.97,5933215573.0
605028,世茂能源,25.55,-1.73,26.17,3.11,4088000000.0
603373,安邦护卫,49.3,-1.73,46.86,2.99,5301075283.0
603908,牧高笛,24.46,-1.73,24.19,4.17,2283732360.0
300807,天迈科技,38.15,-1.73,-126.82,5.52,2595710244.0
300672,国科微,90.81,-1.73,1997.04,4.84,19718544424.0
688382,益方生物-U,26.07,-1.73,-62.34,8.78,15077545160.0
300143,盈康生命,10.7,-1.74,69.26,3.18,8019132163.0
603558,健盛集团,11.32,-1.74,9.43,1.62,3878662715.0
002971,和远气体,36.62,-1.74,100.81,4.84,7756116000.0
000659,珠海中富,2.83,-1.74,-50.89,21.4,3638538132.0
600533,栖霞建设,2.83,-1.74,22.45,0.89,2971500000.0
002175,东方智造,4.5,-1.75,648.97,8.83,5745513272.0
001239,永达股份,16.85,-1.75,42.15,2.93,4044000000.0
605398,新炬网络,29.72,-1.75,356.92,4.7,4835930784.0
301037,保立佳,15.17,-1.75,223.28,3.32,2109110677.0
002191,劲嘉股份,4.5,-1.75,33.97,0.98,6533004753.0
000016,深康佳Ａ,5.57,-1.76,-10.25,10.6,13412255923.0
300988,津荣天宇,22.37,-1.76,26.79,2.47,3138451876.0
603029,天鹅股份,19.03,-1.76,33.05,2.48,2309138260.0
301129,瑞纳智能,27.28,-1.76,-59.72,2.2,3707826672.0
301097,天益医疗,57.96,-1.76,127.52,2.89,3416589449.0
688301,奕瑞科技,115.58,-1.76,38.95,4.2,24434962437.0
002188,中天服务,6.14,-1.76,67.06,6.19,2008417725.0
600149,廊坊发展,5.55,-1.77,251.9,8.93,2109888000.0
600287,苏豪时尚,5.55,-1.77,78.1,1.1,2435606256.0
300749,顶固集创,9.45,-1.77,124.08,3.42,1938850830.0
301292,海科新源,27.71,-1.77,-36.17,2.28,6173671008.0
002879,长缆科技,16.68,-1.77,72.23,1.83,3221035435.0
601686,友发集团,6.66,-1.77,14.44,1.42,9658937401.0
688350,富淼科技,21.13,-1.77,62.91,1.9,2581037297.0
603408,建霖家居,11.66,-1.77,11.23,1.52,5218701180.0
301082,久盛电气,18.82,-1.77,98.03,4.12,4259138655.0
300605,恒锋信息,16.0,-1.78,189.31,5.52,2633333936.0
002861,瀛通通讯,19.88,-1.78,-77.9,3.36,3703325165.0
603700,宁水集团,12.13,-1.78,24.35,1.5,2446611102.0
600162,香江控股,2.2,-1.79,-103.26,1.24,7190563868.0
002132,恒星科技,3.84,-1.79,200.4,1.55,5381931640.0
002426,胜利精密,3.3,-1.79,-115.21,4.65,11228665523.0
002840,华统股份,10.98,-1.79,93.35,2.19,8839590565.0
000752,ST西发,11.55,-1.79,15.77,4.96,3046410571.0
603967,中创物流,12.08,-1.79,15.2,1.79,4187733857.0
002712,思美传媒,5.45,-1.8,-130.07,2.17,2966305279.0
002957,科瑞技术,22.93,-1.8,29.26,3.01,9630197945.0
300996,普联软件,16.96,-1.8,2426.49,3.81,4795881774.0
000565,渝三峡Ａ,8.2,-1.8,161.69,2.85,3555456204.0
603488,展鹏科技,8.2,-1.8,-33.04,2.53,2394321608.0
002653,海思科,50.79,-1.8,144.46,13.46,56880633696.0
000158,常山北明,23.43,-1.8,-180.83,7.18,37455589773.0
300281,金明精机,7.65,-1.8,268.55,2.54,3204765387.0
002478,常宝股份,6.55,-1.8,11.28,1.0,5900267693.0
000586,汇源通信,14.12,-1.81,138.76,8.07,2731372800.0
301096,百诚医药,57.49,-1.81,769.02,2.43,6279534047.0
000055,方大集团,4.35,-1.81,220.48,0.77,4671352887.0
002561,徐家汇,8.69,-1.81,-1304.0,1.66,3612980470.0
301045,天禄科技,27.63,-1.81,90.46,2.97,3048096232.0
603108,润达医疗,15.15,-1.81,-42.16,2.22,9145688734.0
300892,品渥食品,34.13,-1.81,210.62,3.25,3413000000.0
002193,如意集团,5.39,-1.82,-8.82,2.58,1410646815.0
000692,惠天热电,3.78,-1.82,-4.77,-15.6,2014108649.0
301019,宁波色母,20.51,-1.82,31.32,3.18,3445679897.0
603192,汇得科技,35.1,-1.82,49.01,3.12,4975580037.0
002122,汇洲智能,3.77,-1.82,100.63,3.46,7545657168.0
600557,康缘药业,14.5,-1.83,28.83,1.76,8209302687.0
300417,南华仪器,13.44,-1.83,-7536.15,3.94,1808529408.0
300150,世纪瑞尔,5.89,-1.83,62.07,2.19,3446274652.0
603959,百利科技,6.98,-1.83,-32.84,39.12,3422286964.0
688581,安杰思,62.25,-1.83,21.4,2.02,5049849418.0
301386,未来电器,26.1,-1.84,38.43,2.46,3654000000.0
002105,信隆健康,6.95,-1.84,-63.66,3.04,2558017000.0
301326,捷邦科技,140.37,-1.84,-608.66,7.96,10206264519.0
603722,阿科力,39.49,-1.84,-176.56,4.04,3858967578.0
600337,美克家居,2.13,-1.84,-17.39,1.15,3060806032.0
688209,英集芯,22.93,-1.84,64.51,4.72,9844569117.0
301528,多浦乐,63.91,-1.84,81.86,2.59,3956029000.0
603344,星德胜,27.1,-1.85,29.14,2.56,5271789558.0
603836,海程邦达,14.3,-1.85,65.66,1.66,2934863889.0
601009,南京银行,11.14,-1.85,5.74,0.76,137730139109.0
603630,拉芳家化,22.24,-1.85,393.67,2.63,5008549859.0
688582,芯动联科,65.96,-1.85,83.03,10.9,26431204934.0
600057,厦门象屿,7.94,-1.85,10.36,1.38,22554279352.0
688181,八亿时空,35.48,-1.85,78.53,2.3,4771405252.0
300929,华骐环保,11.14,-1.85,-598.99,1.83,1471961130.0
000020,深华发Ａ,14.74,-1.86,147.19,9.82,4173796486.0
000727,冠捷科技,2.64,-1.86,-14.91,5.17,11958056827.0
300970,华绿生物,16.93,-1.86,95.31,1.35,2075772063.0
600793,宜宾纸业,23.7,-1.86,95.01,17.11,4192624847.0
301630,同宇新材,196.84,-1.87,57.5,4.7,7873600000.0
002883,中设股份,11.57,-1.87,-125.15,2.71,1806738411.0
688620,安凯微,12.1,-1.87,-43.26,3.52,4743200000.0
603709,中源家居,15.22,-1.87,-82.56,3.7,1920330230.0
688420,美腾科技,25.66,-1.87,265.62,1.58,2269113800.0
002795,永和智控,5.24,-1.87,-28.97,5.1,2335751369.0
688618,三旺通信,27.7,-1.88,95.2,3.55,3052141951.0
688026,洁特生物,18.82,-1.88,28.5,2.41,2641656973.0
002809,红墙股份,11.49,-1.88,-286.77,1.56,2431413343.0
688369,致远互联,23.5,-1.88,-9.27,3.2,2707624669.0
002098,浔兴股份,8.87,-1.88,14.27,2.18,3175460000.0
002890,弘宇股份,15.13,-1.88,162.0,4.27,2570211171.0
300840,酷特智能,18.3,-1.88,79.84,3.44,4392000000.0
605189,富春染织,18.84,-1.88,117.46,2.07,3656409493.0
600395,盘江股份,5.23,-1.88,-484.39,1.07,11226848196.0
688659,元琛科技,10.88,-1.89,98.74,3.22,1740800000.0
603048,浙江黎明,19.71,-1.89,48.78,2.28,2895004800.0
301555,惠柏新材,33.24,-1.89,38.12,2.73,3066945108.0
300912,凯龙高科,16.61,-1.89,-52.84,3.87,1908190020.0
300903,科翔股份,15.48,-1.9,-40.22,3.72,6419469653.0
000911,广农糖业,7.75,-1.9,-529.79,25.85,3102478590.0
688288,鸿泉物联,28.35,-1.9,51.69,3.65,2829718508.0
600833,第一医药,13.46,-1.9,107.06,2.72,3002742231.0
301178,天亿马,61.0,-1.91,729.96,5.29,4078020800.0
688237,超卓航科,58.95,-1.91,355.6,4.36,5282115125.0
000819,岳阳兴长,17.97,-1.91,-156.61,3.13,6639995973.0
688629,华丰科技,79.63,-1.91,123.42,21.8,36708859133.0
301130,西点药业,30.82,-1.91,53.34,2.57,2357566192.0
601169,北京银行,5.65,-1.91,3.97,0.43,119457861137.0
300669,沪宁股份,30.08,-1.92,296.02,6.63,5796582222.0
002310,东方园林,2.56,-1.92,-5575.51,10.0,15358264620.0
600626,申达股份,5.11,-1.92,-62.91,2.12,6749005248.0
688600,皖仪科技,25.5,-1.92,100.0,4.52,3435066495.0
002835,同为股份,16.89,-1.92,23.7,3.01,3707252495.0
300614,百川畅银,14.27,-1.92,-22.49,2.16,2289418552.0
002209,达 意 隆,13.81,-1.92,19.97,3.35,2748591181.0
300662,科锐国际,28.39,-1.93,19.07,2.57,5587332532.0
003038,鑫铂股份,17.29,-1.93,476.26,1.4,4213499777.0
300652,雷迪克,59.58,-1.93,43.3,5.25,7947410280.0
301030,仕净科技,14.26,-1.93,-9.6,3.43,2885986286.0
002138,顺络电子,40.65,-1.93,31.96,5.03,32776841090.0
601288,农业银行,8.15,-1.93,10.22,1.07,2852361726065.0
001260,坤泰股份,20.34,-1.93,46.97,2.83,2339100000.0
601328,交通银行,7.13,-1.93,6.85,0.56,630033781510.0
300732,设研院,8.14,-1.93,-41.21,1.04,3016358986.0
603777,来伊份,12.67,-1.93,-25.35,2.67,4237154183.0
300220,金运激光,15.25,-1.93,1723.6,36.6,2305800000.0
300357,我武生物,34.62,-1.93,39.42,6.88,18126478080.0
603083,剑桥科技,116.98,-1.93,113.36,15.54,39191849290.0
301320,豪江智能,18.2,-1.94,137.61,3.12,3312582000.0
003008,开普检测,22.24,-1.94,29.99,2.2,2312960000.0
300805,电声股份,11.14,-1.94,105.57,3.03,4727944021.0
600993,马应龙,27.21,-1.95,17.56,2.73,11728976374.0
002228,合兴包装,3.52,-1.95,20.07,1.34,4271117414.0
688125,安达智能,60.9,-1.96,-42.79,2.68,5001495080.0
600568,ST中珠,2.0,-1.96,-82.56,2.31,3985739362.0
300896,爱美客,160.32,-1.97,33.28,6.56,48511559220.0
603655,朗博科技,36.39,-1.97,88.87,6.95,3857340000.0
300404,博济医药,9.93,-1.97,131.09,3.75,3830216461.0
301233,盛帮股份,56.24,-1.97,32.06,3.0,2894672800.0
300899,*ST凯鑫,27.4,-1.97,42.35,2.63,1747666968.0
301202,朗威股份,41.83,-1.97,76.44,4.79,5705612000.0
688030,山石网科,19.43,-1.97,-36.06,4.23,3501921711.0
600235,民丰特纸,6.95,-1.97,98.23,1.61,2441535000.0
301678,新恒汇,73.28,-1.98,109.87,9.19,17554624622.0
600479,千金药业,10.42,-1.98,20.53,1.64,5128828367.0
605162,新中港,8.92,-1.98,29.18,2.81,3573152040.0
301428,世纪恒通,35.08,-1.98,54.51,2.72,3461226678.0
688037,芯源微,123.7,-1.99,783.12,9.15,24941296515.0
688117,圣诺生物,39.4,-1.99,36.62,6.01,6201007533.0
300479,神思电子,19.67,-1.99,-27.51,8.81,3875793815.0
601577,长沙银行,9.37,-1.99,4.35,0.55,37681958675.0
301325,曼恩斯特,56.76,-1.99,-172.71,2.88,8167347382.0
688711,宏微科技,25.64,-1.99,917.29,5.27,5463425839.0
688230,芯导科技,69.1,-1.99,80.94,3.66,8126160000.0
603718,海利生物,6.85,-2.0,165.69,2.93,4491286070.0
600036,招商银行,40.77,-2.0,6.78,0.94,1028213105153.0
600099,林海股份,10.76,-2.0,121.75,4.4,2357731200.0
688296,和达科技,15.16,-2.0,-46.81,2.44,1635743686.0
601398,工商银行,7.83,-2.0,8.3,0.74,2790660993007.0
603209,兴通股份,15.17,-2.0,19.09,1.48,4930250000.0
603178,圣龙股份,21.02,-2.0,-51.09,4.09,4969377739.0
603159,上海亚虹,23.4,-2.01,-907.02,6.5,3276000000.0
605033,美邦股份,22.37,-2.01,62.67,2.64,3024424000.0
600697,欧亚集团,13.18,-2.01,88.38,0.91,2096780829.0
601166,兴业银行,20.01,-2.01,4.91,0.53,423468667459.0
300536,农尚环境,8.79,-2.01,-25.27,5.76,2578002689.0
603729,龙韵股份,17.04,-2.01,-18.34,5.21,1590479520.0
002732,燕塘乳业,17.1,-2.01,38.5,1.81,2690685000.0
301028,东亚机械,14.08,-2.02,21.12,3.28,5407419607.0
300061,旗天科技,11.65,-2.02,-206.45,14.65,7677276337.0
300211,*ST亿通,9.67,-2.03,-118.19,6.34,2939000421.0
603177,德创环保,11.6,-2.03,68.59,6.2,2391386400.0
300992,泰福泵业,25.08,-2.03,106.42,2.77,2391067058.0
603182,嘉华股份,14.91,-2.04,22.39,2.24,2453440500.0
600551,时代出版,9.14,-2.04,16.76,1.06,6197424884.0
001326,联域股份,48.98,-2.04,137.66,2.96,3585336000.0
688307,中润光学,38.82,-2.04,83.79,4.03,3446206680.0
688766,普冉股份,143.0,-2.04,259.87,9.45,21171021586.0
000838,财信发展,2.86,-2.05,-126.54,7.67,3147321806.0
688060,云涌科技,43.56,-2.05,-147.9,2.9,2621908112.0
002725,跃岭股份,16.26,-2.05,157.83,4.04,4162560000.0
688359,三孚新科,71.8,-2.05,-181.23,11.29,7019099790.0
300736,百邦科技,14.28,-2.06,-79.7,21.36,1826902147.0
300269,联建光电,5.22,-2.06,117.9,26.67,2866374167.0
002342,巨力索具,8.1,-2.06,527.15,3.19,7776000000.0
603879,永悦科技,6.18,-2.06,-179.83,8.58,2220748639.0
300841,康华生物,74.59,-2.06,38.44,2.76,9692739196.0
300977,深圳瑞捷,18.98,-2.06,79.88,2.08,2889263278.0
000032,深桑达Ａ,20.47,-2.06,-58.46,3.81,23294025520.0
002702,海欣食品,4.73,-2.07,-69.95,2.51,2628744800.0
603188,亚邦股份,4.26,-2.07,651.42,3.24,2428924200.0
601825,沪农商行,8.52,-2.07,5.86,0.65,82170666671.0
300902,国安达,21.27,-2.07,1392.68,4.71,3866957659.0
002083,孚日股份,5.69,-2.07,13.65,1.18,5386375978.0
002633,申科股份,18.44,-2.07,420.28,6.54,2766000000.0
300867,圣元环保,20.33,-2.07,19.61,1.43,5524495607.0
603109,神驰机电,28.88,-2.07,26.83,3.03,6031540637.0
001285,瑞立科密,55.5,-2.08,31.59,2.71,9999889212.0
000816,智慧农业,3.3,-2.08,349.31,2.33,4775143949.0
002671,龙泉股份,5.18,-2.08,17.96,1.64,2919936712.0
300881,盛德鑫泰,34.84,-2.08,18.95,3.5,3832400000.0
688156,路德环境,19.24,-2.09,-74.11,2.36,1937740381.0
002675,东诚药业,15.01,-2.09,62.25,2.83,12377181532.0
301113,雅艺科技,24.4,-2.09,935.93,3.23,2220400000.0
300527,ST应急,8.45,-2.09,803.55,2.95,8591709643.0
003001,中岩大地,23.35,-2.1,99.41,3.46,4125149676.0
300826,测绘股份,17.75,-2.1,110.81,2.19,2955529532.0
301053,远信工业,34.75,-2.11,149.19,4.3,2926568654.0
002515,金字火腿,6.96,-2.11,287.06,3.23,8425874581.0
002995,天地在线,17.17,-2.11,-51.52,3.43,3046893422.0
002719,麦趣尔,9.28,-2.11,-36.63,8.41,1616014161.0
601616,广电电气,4.18,-2.11,761.65,1.46,3568362833.0
688539,高华科技,38.3,-2.12,102.73,4.15,7120736000.0
600523,贵航股份,14.74,-2.12,37.85,1.9,5959548857.0
002755,奥赛康,18.48,-2.12,57.61,5.35,17152403286.0
603557,ST起步,2.31,-2.12,-19.39,11.71,1440139211.0
002300,太阳电缆,6.45,-2.12,41.1,2.46,4659052365.0
002264,新 华 都,6.91,-2.12,20.96,2.49,4973896083.0
301567,贝隆精密,41.27,-2.13,126.37,3.97,2971440000.0
300020,ST银江,3.67,-2.13,-4.02,1.09,2916468165.0
301118,恒光股份,24.76,-2.13,-1236.47,2.04,2728462864.0
600556,天下秀,5.98,-2.13,227.39,2.81,10810330899.0
300422,博世科,5.05,-2.13,-9.53,2.43,2696095964.0
301027,华蓝集团,16.05,-2.13,178.35,2.48,2359350000.0
300478,杭州高新,25.75,-2.13,-147.6,63.51,3261829750.0
600716,凤凰股份,4.14,-2.13,175.59,0.78,3875290843.0
301033,迈普医学,72.11,-2.14,47.81,6.35,4834948098.0
001314,亿道信息,48.46,-2.14,742.47,3.35,6912043640.0
600539,狮头股份,10.51,-2.14,-459.26,7.61,2417300000.0
601658,邮储银行,5.94,-2.14,7.25,0.72,713364617742.0
002067,景兴纸业,6.38,-2.15,83.08,1.4,9143942847.0
300629,新劲刚,19.55,-2.15,328.38,2.89,4915327939.0
002869,金溢科技,27.25,-2.15,-207.04,2.27,4892910292.0
603335,迪生力,5.93,-2.15,-49.28,11.73,2538897478.0
603257,中国瑞林,65.91,-2.15,67.17,3.24,7909200000.0
000957,中通客车,11.75,-2.16,18.88,2.23,6966621248.0
301489,思泉新材,198.91,-2.16,189.73,14.82,16062751685.0
688356,键凯科技,88.6,-2.16,121.83,4.2,5373652020.0
300866,安克创新,123.16,-2.16,25.62,6.68,66033170632.0
300198,ST纳川,2.27,-2.16,-16.21,126.55,2341615186.0
600444,国机通用,18.14,-2.16,55.44,3.65,2656093846.0
301089,拓新药业,31.31,-2.16,-98.52,2.6,3962108295.0
600371,万向德农,9.03,-2.17,102.44,4.81,2641979340.0
301218,华是科技,21.22,-2.17,-94.47,2.64,2419928800.0
688506,百利天恒,343.71,-2.17,-215.22,19.79,141908859641.0
000536,华映科技,4.95,-2.17,-14.23,23.94,13691862375.0
301049,超越科技,22.39,-2.18,-18.02,3.53,2110332148.0
000695,滨海能源,10.78,-2.18,-36.33,22.12,2394750470.0
301502,华阳智能,48.5,-2.18,84.42,3.33,2768549750.0
300795,米奥会展,13.49,-2.18,87.32,7.22,4032078306.0
601008,连云港,5.84,-2.18,65.04,1.78,7245325955.0
002329,皇氏集团,3.58,-2.19,-45.39,3.33,2980006266.0
003020,立方制药,28.14,-2.19,33.19,2.97,5351726601.0
603186,华正新材,50.12,-2.19,85.27,4.85,7118203235.0
301211,亨迪药业,13.4,-2.19,200.49,2.48,5595840000.0
002692,远程股份,5.35,-2.19,58.34,3.16,3842081100.0
603895,天永智能,30.3,-2.19,179.87,17.17,3274824000.0
688466,金科环境,20.47,-2.2,47.01,2.2,2520246442.0
603165,荣晟环保,12.9,-2.2,15.29,1.77,3516858862.0
688496,清越科技,8.88,-2.2,-69.13,4.02,3996000000.0
603976,正川股份,19.56,-2.2,135.76,2.51,2957543433.0
000820,*ST节能,2.67,-2.2,-154.67,11.59,1726302328.0
601279,英利汽车,4.43,-2.21,-97.74,1.66,7025031914.0
688565,力源科技,10.2,-2.21,273.02,3.12,1527246000.0
603039,泛微网络,54.64,-2.22,106.79,6.32,14239351909.0
300891,惠云钛业,9.26,-2.22,-247.77,2.92,3704074200.0
300962,中金辐照,17.18,-2.22,37.88,4.54,4535552590.0
603321,梅轮电梯,7.93,-2.22,73.83,1.92,2767962289.0
688259,创耀科技,44.32,-2.23,54.03,3.14,4950544000.0
301188,力诺药包,17.09,-2.23,60.22,2.7,4085670240.0
605208,永茂泰,15.34,-2.23,75.65,2.33,5061279600.0
300972,万辰集团,175.5,-2.23,29.08,16.04,33150444561.0
688328,深科达,27.94,-2.24,71.01,3.18,2639108882.0
605180,华生科技,15.29,-2.24,79.1,2.26,2584010000.0
301007,德迈仕,41.94,-2.24,125.87,9.38,6431079600.0
605566,福莱蒽特,27.45,-2.24,63.72,1.83,3660183000.0
002973,侨银股份,16.18,-2.24,33.03,2.63,6612210589.0
002908,德生科技,10.02,-2.24,734.31,3.91,4322949522.0
000628,高新发展,50.62,-2.24,133.23,8.2,17832413600.0
300126,锐奇股份,9.59,-2.24,-127.89,2.79,2914953384.0
002551,尚荣医疗,3.93,-2.24,-70.95,1.28,3322793692.0
301148,嘉戎技术,33.53,-2.24,49.4,2.2,3906147092.0
002363,隆基机械,8.31,-2.24,62.67,1.63,3464399951.0
300111,向日葵,9.11,-2.25,6733.35,17.05,11726489605.0
300865,大宏立,30.42,-2.25,209.47,3.35,2910585600.0
688682,霍莱沃,31.73,-2.25,344.25,5.02,3231348138.0
300432,富临精工,19.13,-2.25,75.47,7.13,32707713429.0
688162,巨一科技,34.68,-2.25,68.53,1.98,4758053517.0
000711,ST京蓝,1.74,-2.25,-35.55,8.58,4971138628.0
300886,华业香料,28.23,-2.25,63.76,3.61,2111547540.0
301105,鸿铭股份,46.75,-2.26,-185.86,2.8,2337500000.0
301038,深水规院,26.44,-2.26,279.82,6.6,5898235200.0
002235,安妮股份,7.36,-2.26,-2306.43,5.68,4265652010.0
001266,宏英智能,29.29,-2.27,185.75,3.22,3021842270.0
600530,交大昂立,8.62,-2.27,2823.6,20.98,6679810400.0
300518,新迅达,15.51,-2.27,-83.69,4.11,3092873544.0
301056,森赫股份,12.5,-2.27,45.12,4.07,3334833338.0
688489,三未信安,48.06,-2.28,-94.21,3.02,5536977029.0
603017,中衡设计,9.87,-2.28,36.33,1.84,2725998192.0
300147,ST香雪,9.8,-2.29,-13.43,9.36,6480534641.0
301261,恒工精密,78.85,-2.29,66.49,4.41,6930141955.0
688285,高铁电气,9.36,-2.3,72.71,2.1,3522073586.0
000403,派林生物,15.73,-2.3,31.39,1.86,14949750882.0
300523,辰安科技,23.82,-2.3,-29.71,5.24,5541428537.0
000823,超声电子,13.61,-2.3,30.76,1.55,7308455526.0
603421,鼎信通讯,7.18,-2.31,-10.44,1.67,4682727869.0
300640,德艺文创,6.77,-2.31,110.78,2.59,2105425501.0
600243,*ST海华,5.08,-2.31,-512.0,3.5,2229358000.0
002858,力盛体育,14.83,-2.31,82.8,4.47,2430931198.0
001219,青岛食品,14.29,-2.32,22.53,2.62,2786317788.0
688028,沃尔德,44.97,-2.32,71.3,3.48,6788176530.0
003027,同兴科技,19.41,-2.32,30.71,1.49,2537337312.0
600967,内蒙一机,19.34,-2.32,63.92,2.77,32912708860.0
000510,新金路,5.46,-2.33,-26.41,2.84,3541047996.0
300159,*ST新研,2.94,-2.33,-13.67,-8.7,4397199014.0
688592,司南导航,42.97,-2.34,-113.82,3.64,3457392584.0
300946,恒而达,52.08,-2.34,138.33,6.73,8124886224.0
002910,庄园牧场,10.45,-2.34,-31.64,1.96,2043386176.0
688135,利扬芯片,30.8,-2.35,6222.4,5.74,6261689372.0
688419,耐科装备,29.9,-2.35,38.78,3.35,3425094903.0
603986,兆易创新,241.15,-2.35,111.41,8.84,160914082948.0
603810,丰山集团,17.05,-2.35,46.49,1.85,2818499456.0
300884,狄耐克,13.67,-2.36,-1628.82,2.74,3470304749.0
300352,北信源,5.8,-2.36,-37.96,6.82,8408979705.0
301237,和顺科技,47.6,-2.36,-124.42,2.91,3808000000.0
002448,中原内配,11.53,-2.37,15.61,1.82,6784363218.0
600703,三安光电,14.4,-2.37,608.14,2.03,71841869669.0
301057,汇隆新材,24.69,-2.37,70.46,3.8,2887975424.0
600103,青山纸业,3.7,-2.37,95.68,2.09,8291058964.0
603066,音飞储存,11.13,-2.37,39.35,2.28,3274224224.0
603380,易德龙,41.65,-2.37,28.48,4.37,6682375980.0
688056,莱伯泰科,35.72,-2.38,55.52,3.0,2409401871.0
603657,春光科技,34.79,-2.38,318.71,4.96,4703261840.0
002943,宇晶股份,33.27,-2.38,226.84,7.65,6835593016.0
301234,五洲医疗,42.25,-2.38,116.41,3.78,2873000000.0
300439,美康生物,10.26,-2.38,48.85,1.33,3943111042.0
600573,惠泉啤酒,11.46,-2.39,21.8,2.08,2865000000.0
603936,博敏电子,12.25,-2.39,144.33,1.77,7722375549.0
603061,金海通,142.65,-2.39,51.36,5.56,8559000000.0
300155,安居宝,4.9,-2.39,-62.18,2.25,2750015946.0
002123,梦网科技,12.22,-2.4,-126.69,5.7,9842251830.0
688291,金橙子,32.18,-2.4,67.86,3.47,3303814406.0
600630,龙头股份,9.37,-2.4,101.57,5.17,3980953164.0
002677,浙江美大,7.74,-2.4,209.58,3.39,5000439748.0
002775,文科股份,4.47,-2.4,164.79,10.75,2843948104.0
001268,联合精密,29.7,-2.4,40.38,3.12,3205620020.0
000401,金隅冀东,4.88,-2.4,241.09,0.48,12972097135.0
601579,会稽山,21.58,-2.4,66.74,2.84,10346820366.0
688311,盟升电子,35.28,-2.41,-93.45,3.75,5924185213.0
001368,通达创智,25.13,-2.41,25.91,2.03,2860722403.0
688450,光格科技,27.98,-2.41,-31.04,1.9,1846680000.0
603903,中持股份,14.1,-2.42,179.93,2.36,3600004668.0
600396,华电辽能,3.22,-2.42,1069.9,3.51,4742115951.0
603823,百合花,14.91,-2.42,34.38,2.55,6208042467.0
002800,天顺股份,14.47,-2.43,-130.37,4.39,2203101879.0
605069,正和生态,10.45,-2.43,45.82,2.47,2212241780.0
601956,东贝集团,8.03,-2.43,35.87,1.96,4991581218.0
600356,恒丰纸业,9.64,-2.43,15.17,1.08,2879770484.0
300594,朗进科技,18.38,-2.44,-93.8,2.04,1688634011.0
688793,倍轻松,29.14,-2.44,-28.62,9.05,2504449510.0
603878,武进不锈,10.34,-2.45,50.14,2.22,5801483839.0
688621,阳光诺和,57.8,-2.45,29.73,5.8,6473600000.0
600503,华丽家族,3.18,-2.45,-146.66,1.43,5095282200.0
301083,百胜智能,17.92,-2.45,75.42,3.82,3187370673.0
688071,华依科技,35.48,-2.45,-275.38,2.78,3008339408.0
301193,家联科技,18.68,-2.45,-37.04,2.39,3645931204.0
301106,骏成科技,30.96,-2.46,30.09,2.46,3161475292.0
300550,和仁科技,13.1,-2.46,199.31,3.08,3439537847.0
301265,华新环保,12.2,-2.48,51.02,1.75,3696272820.0
300675,建科院,16.94,-2.48,-26.66,4.65,2484533898.0
300455,航天智装,21.92,-2.49,-74.51,9.33,15733473157.0
301370,国科恒泰,10.59,-2.49,55.49,1.99,4983654000.0
002405,四维图新,9.0,-2.49,-22.59,2.59,21335839326.0
002144,宏达高科,12.94,-2.49,28.88,1.08,2287307112.0
688058,宝兰德,31.66,-2.49,-18.16,3.73,2460961465.0
301348,蓝箭电子,23.52,-2.49,-159.75,3.79,5644800000.0
600448,华纺股份,3.53,-2.49,-32.06,1.9,2223263407.0
001330,博纳影业,6.27,-2.49,-4.08,2.04,8618234030.0
603567,珍宝岛,11.25,-2.51,-21.28,1.45,10586210794.0
688617,惠泰医疗,271.03,-2.51,45.99,12.79,38218969130.0
301136,招标股份,12.81,-2.51,368.11,2.42,3525373744.0
688212,澳华内镜,49.0,-2.51,-88.23,5.3,6598597250.0
603220,中贝通信,22.84,-2.52,87.47,4.98,9918335277.0
600249,两面针,6.19,-2.52,108.7,1.55,3404500000.0
688177,百奥泰,26.7,-2.52,-37.04,22.84,11055936000.0
603859,能科科技,45.68,-2.52,50.79,3.66,11177790982.0
301311,昆船智能,20.14,-2.52,-87.25,2.7,4833600000.0
301295,美硕科技,28.26,-2.52,104.28,2.99,2848608000.0
300587,天铁科技,7.72,-2.53,-129.61,4.18,10022635113.0
603958,哈森股份,16.48,-2.54,-146.76,5.25,3615052800.0
300949,奥雅股份,40.34,-2.54,-63.6,3.64,2433643622.0
300115,长盈精密,37.03,-2.55,80.77,6.08,50393606729.0
301011,华立科技,26.41,-2.55,45.59,4.28,4065290217.0
001367,海森药业,23.34,-2.55,30.15,2.48,3545963110.0
300641,正丹股份,19.84,-2.55,11.74,3.34,10568417268.0
603030,全筑股份,3.43,-2.56,-37.65,5.1,4517081974.0
603216,梦天家居,15.98,-2.56,47.4,1.99,3558586200.0
688573,信宇人,26.23,-2.56,-12.23,4.04,2564097597.0
002669,康达新材,14.08,-2.56,38.12,1.57,4271872000.0
000759,中百集团,7.2,-2.57,-6.17,3.94,4770537048.0
605086,龙高股份,24.94,-2.58,41.92,3.5,4469248000.0
002638,勤上股份,2.64,-2.58,-15.93,1.84,3792609081.0
600698,湖南天雁,10.17,-2.59,4648.3,14.11,10868045734.0
605122,四方新材,13.47,-2.6,-48.69,1.16,2321608380.0
603001,奥康国际,8.23,-2.6,-17.93,1.32,3300065400.0
300883,龙利得,6.72,-2.61,4850.36,1.64,2325120000.0
000793,ST华闻,2.99,-2.61,-44.19,52.14,5971763916.0
000637,茂化实华,4.86,-2.61,-20.22,4.55,2526594230.0
688695,中创股份,30.28,-2.61,-98.93,3.3,2575355726.0
300609,汇纳科技,38.29,-2.62,-96.34,4.62,4599179878.0
000931,中 关 村,5.21,-2.62,59.46,2.4,3923791576.0
002568,百润股份,24.95,-2.62,35.72,5.51,26161286447.0
300074,华平股份,4.84,-2.62,-41.81,2.69,2649252408.0
002265,建设工业,30.09,-2.62,778.9,8.51,31084185847.0
605369,拱东医疗,18.88,-2.63,43.38,2.43,4162906877.0
300365,恒华科技,6.29,-2.63,381.46,2.0,3773090900.0
600721,百花医药,8.88,-2.63,78.38,4.3,3414782999.0
300983,尤安设计,22.9,-2.64,-166.33,1.4,3957120000.0
601665,齐鲁银行,5.9,-2.64,6.64,0.76,36307670898.0
000903,ST云动,2.95,-2.64,-13.73,4.29,5708136160.0
300928,华安鑫创,31.76,-2.64,-32.66,2.31,2540800000.0
002637,赞宇科技,10.99,-2.66,25.72,1.37,5169706990.0
002434,万里扬,9.14,-2.66,26.41,2.02,11997164000.0
600121,郑州煤电,5.83,-2.67,-15.86,4.23,7103342182.0
301365,矩阵股份,23.66,-2.67,46.4,2.44,4258800000.0
300370,安控科技,2.91,-2.68,-52.63,8.95,4555244815.0
300599,雄塑科技,7.63,-2.68,-97.45,1.38,2732543856.0
300777,中简科技,33.02,-2.68,37.55,3.25,14519142872.0
688513,苑东生物,53.77,-2.68,32.34,3.31,9492139405.0
600667,太极实业,8.71,-2.68,30.93,2.1,18217332370.0
600693,东百集团,6.15,-2.69,45.57,1.51,5349554413.0
300234,开尔新材,5.43,-2.69,99.5,2.37,2732219019.0
002181,粤 传 媒,9.74,-2.7,54.11,2.71,11308706615.0
300600,国瑞科技,16.15,-2.71,-93.83,3.89,4751886852.0
001317,三羊马,45.18,-2.71,-245.84,3.88,3865862754.0
003016,欣贺股份,8.6,-2.71,261.39,1.35,3616485863.0
301321,翰博高新,16.9,-2.71,-268.93,3.24,3150751500.0
301063,海锅股份,25.14,-2.71,40.08,1.67,2623628601.0
300560,中富通,13.59,-2.72,145.43,3.22,3122215823.0
300894,火星人,12.18,-2.72,-17.06,4.52,4966065714.0
300589,江龙船艇,14.66,-2.72,-112.66,7.04,5536612821.0
002728,特一药业,10.74,-2.72,63.36,3.06,5509646807.0
603980,吉华集团,5.36,-2.72,188.43,0.93,3627826810.0
002931,锋龙股份,17.55,-2.72,125.2,4.06,3834777773.0
301276,嘉曼服饰,20.7,-2.73,29.79,1.29,2682720000.0
300509,新美星,11.04,-2.73,30.87,5.3,3272256000.0
002005,ST德豪,2.48,-2.75,36.16,11.77,4346013648.0
603025,大豪科技,19.99,-2.77,27.87,8.56,22321928912.0
601326,秦港股份,3.84,-2.78,11.57,1.06,21455662080.0
300197,节能铁汉,2.1,-2.78,-5.32,6.35,6227125968.0
603536,惠发食品,10.86,-2.78,-43.88,6.24,2632255271.0
000558,天府文旅,5.23,-2.79,-274.12,6.43,6742641253.0
300961,深水海纳,17.02,-2.8,-93.82,4.11,3017305600.0
688287,*ST观典,4.86,-2.8,-16.92,2.29,1800705816.0
601229,上海银行,9.33,-2.81,5.01,0.55,132569966109.0
301331,恩威医药,31.1,-2.81,65.6,2.95,3199937686.0
300564,筑博设计,16.54,-2.82,-132.05,2.21,2668153408.0
600718,东软集团,10.34,-2.82,181.01,1.3,12328684114.0
002766,索菱股份,5.52,-2.82,22971.95,4.14,4765822404.0
300344,ST立方,4.13,-2.82,-31.95,11.73,2650247498.0
688260,昀冢科技,30.85,-2.83,-18.52,22.06,3702000000.0
002200,*ST交投,7.56,-2.83,-15.12,-12.91,1392044648.0
002807,江阴银行,4.8,-2.83,6.93,0.62,11814685387.0
301519,舜禹股份,14.35,-2.84,-91.39,1.67,2355696000.0
603938,三孚股份,18.49,-2.84,82.73,2.85,7074726950.0
688718,唯赛勃,14.37,-2.84,69.44,3.26,2496850570.0
300959,线上线下,106.51,-2.86,1830.95,7.63,8559974378.0
603359,东珠生态,8.84,-2.86,-97.8,1.49,3943488640.0
603616,韩建河山,5.43,-2.86,166.63,8.91,2124856740.0
002758,浙农股份,9.46,-2.87,16.98,1.03,4932437369.0
600724,宁波富达,5.41,-2.87,34.69,2.74,7818754194.0
300549,优德精密,19.19,-2.88,224.9,4.64,2558794600.0
301151,冠龙节能,20.88,-2.88,95.95,1.71,3528805608.0
301327,华宝新能,64.86,-2.89,59.53,1.82,11310374750.0
688509,正元地信,4.71,-2.89,-43.21,2.89,3626700000.0
688507,索辰科技,103.3,-2.9,-90.9,3.31,9204937387.0
002251,步步高,5.36,-2.9,47.92,1.76,14411430333.0
600493,凤竹纺织,7.03,-2.9,120.31,1.71,1912160000.0
600926,杭州银行,15.7,-2.91,4.88,0.87,113809340004.0
300535,达威股份,20.21,-2.93,59.63,2.24,2118037567.0
605598,上海港湾,30.5,-2.93,55.75,4.06,7459836675.0
688216,气派科技,24.75,-2.94,-22.54,4.43,2645275174.0
603518,锦泓集团,9.17,-2.96,20.86,0.87,3174655687.0
301002,崧盛股份,33.48,-2.96,451.21,5.24,4153407636.0
002694,顾地科技,4.26,-2.96,-8.05,30.91,3250741248.0
603151,邦基科技,25.6,-2.96,30.89,3.17,4372516275.0
002620,ST瑞和,5.89,-2.97,-29.63,-100.92,2223439660.0
300615,欣天科技,13.98,-2.98,140.0,5.07,2701344216.0
301590,优优绿能,187.9,-2.99,47.79,4.06,7891800000.0
001390,古麒绒材,26.83,-3.0,29.03,3.38,5366000000.0
300371,汇中股份,12.95,-3.0,27.95,2.22,2605763983.0
688283,坤恒顺维,32.0,-3.0,111.62,4.03,3897600000.0
688612,威迈斯,36.39,-3.01,26.9,4.37,15254254886.0
300781,因赛集团,36.7,-3.01,165.04,9.02,6025234978.0
300860,锋尚文化,26.42,-3.01,438.05,1.6,5044406082.0
001226,拓山重工,36.9,-3.02,110.84,3.8,2755201230.0
002919,名臣健康,17.35,-3.02,81.51,5.63,4624227245.0
600990,四创电子,26.76,-3.04,-60.32,4.02,7253968659.0
300548,长芯博创,110.19,-3.04,96.24,17.14,32077188096.0
688078,龙软科技,29.36,-3.04,-125.48,2.98,2140138480.0
600558,大西洋,6.35,-3.05,30.1,2.4,5699790677.0
600734,实达集团,3.5,-3.05,-65.3,24.57,7624060871.0
603316,诚邦股份,13.69,-3.05,-173.31,5.67,3617774160.0
600561,江西长运,7.0,-3.05,-121.36,2.2,1991337600.0
301133,金钟股份,27.13,-3.07,83.32,2.85,2892695664.0
003019,宸展光电,36.0,-3.07,30.53,3.82,6363163152.0
301629,矽电股份,201.69,-3.1,251.85,7.22,8415973893.0
300774,倍杰特,15.3,-3.1,44.29,4.15,6254083998.0
301318,维海德,29.98,-3.1,35.35,2.16,4051223662.0
300176,鸿特科技,7.16,-3.11,75.18,2.91,2772930528.0
300440,运达科技,13.96,-3.12,116.0,3.8,6197103656.0
300460,惠伦晶体,9.58,-3.13,-26.51,4.82,2690104725.0
688258,卓易信息,64.9,-3.13,132.21,8.98,7862131181.0
002810,山东赫达,13.0,-3.13,24.36,2.03,4525779869.0
300350,华鹏飞,6.5,-3.13,543.82,3.95,3653079814.0
301379,天山电子,30.55,-3.14,40.23,4.27,6056352489.0
300710,万隆光电,21.24,-3.15,-153.87,4.57,2113173972.0
688313,仕佳光子,74.27,-3.16,85.27,23.08,34075248901.0
000663,永安林业,7.06,-3.16,-90.15,2.37,2376988539.0
600538,国发股份,5.49,-3.17,-246.32,3.74,2877848931.0
600671,天目药业,18.92,-3.17,121.62,34.6,2304056504.0
000757,浩物股份,5.79,-3.18,54.08,1.94,3084426190.0
300449,汉邦高科,7.0,-3.18,-37.67,8.7,2702251923.0
002457,青龙管业,11.89,-3.18,147.13,1.62,3965158052.0
603696,安记食品,11.85,-3.19,90.03,4.8,2787120000.0
300230,永利股份,5.15,-3.2,19.34,1.29,4188049221.0
600831,ST广网,4.84,-3.2,-4.28,2.34,3440983441.0
600262,北方股份,28.96,-3.21,20.37,2.8,4923200000.0
688310,迈得医疗,19.24,-3.22,271.43,3.97,3198066836.0
603255,鼎际得,33.7,-3.22,374.25,2.86,4536413178.0
301607,富特科技,44.67,-3.23,38.02,6.09,6942629223.0
000905,厦门港务,11.07,-3.23,31.45,1.62,8211832239.0
300626,华瑞股份,12.58,-3.23,124.36,4.28,2264400000.0
601996,丰林集团,2.38,-3.25,-33.71,1.05,2667776310.0
688038,中科通达,18.47,-3.25,-234.51,3.63,2149416698.0
301568,思泰克,48.1,-3.26,47.88,4.92,4966729040.0
600119,长江投资,8.89,-3.26,-166.93,27.21,3247253589.0
601298,青岛港,8.58,-3.27,9.99,1.23,55693638000.0
688433,华曙高科,50.11,-3.28,1069.2,10.49,20753998568.0
300153,科泰电源,35.59,-3.29,223.75,12.53,11388800000.0
600897,厦门空港,17.02,-3.3,14.03,1.55,7096216680.0
688418,震有科技,31.69,-3.3,-64.11,6.99,6102056351.0
000736,*ST中地,5.25,-3.31,-1.66,-0.82,3922266605.0
300854,中兰环保,20.36,-3.32,-74.07,2.13,2037399750.0
603815,交建股份,13.34,-3.33,45.19,3.42,8256449295.0
688251,井松智能,26.0,-3.35,243.46,3.17,2619299800.0
002820,桂发祥,12.55,-3.39,1854.34,2.83,2520897102.0
301085,亚康股份,51.6,-3.39,1240.18,4.17,4477624830.0
001311,多利科技,23.39,-3.39,28.43,1.58,7262813322.0
301357,北方长龙,162.58,-3.4,1028.33,13.61,15477616000.0
301608,博实结,93.86,-3.4,34.71,3.95,8352601400.0
300901,中胤时尚,18.41,-3.41,-269.0,4.56,4418400000.0
301069,凯盛新材,23.74,-3.42,64.7,6.35,9986169964.0
301024,霍普股份,38.1,-3.42,-57.71,6.06,2422588500.0
000529,广弘控股,5.93,-3.42,38.67,1.09,3461876657.0
000980,众泰汽车,3.94,-3.43,-66.93,1578.95,19867638092.0
001267,汇绿生态,21.13,-3.43,240.59,10.46,16590529646.0
603172,万丰股份,18.52,-3.44,49.12,2.3,2470197600.0
688511,*ST天微,24.88,-3.45,41.51,3.04,2558389053.0
301189,奥尼电子,36.52,-3.46,-35.41,2.02,4250798902.0
688648,中邮科技,58.76,-3.48,8.91,3.58,7991360000.0
301578,辰奕智能,36.89,-3.48,105.12,3.23,3005996074.0
603970,中农立华,13.28,-3.49,17.7,2.31,3569665780.0
002724,海洋王,7.2,-3.49,76.03,2.05,5554785557.0
603916,苏博特,10.5,-3.49,35.67,1.06,4476100965.0
300065,海兰信,20.13,-3.5,273.25,8.26,14503554345.0
603173,福斯达,43.01,-3.5,14.97,3.63,6881600000.0
300120,经纬辉开,9.91,-3.51,-460.69,1.91,5692243836.0
301383,天键股份,34.12,-3.51,-442.79,2.77,5570881584.0
600360,*ST华微,8.49,-3.52,40.93,2.38,8152907131.0
603021,ST华鹏,4.39,-3.52,-10.97,-34.3,1404572027.0
600769,祥龙电业,14.47,-3.53,236.45,45.15,5425920084.0
000677,恒天海龙,4.64,-3.53,1094.21,7.89,4008857679.0
603828,ST柯利达,6.0,-3.54,177.79,4.75,3575760948.0
000691,*ST亚太,11.17,-3.54,-71.02,-35.11,3610925900.0
605298,必得科技,43.41,-3.55,120.76,7.81,8154568500.0
300922,天秦装备,25.77,-3.56,109.98,4.38,4086667417.0
300915,海融科技,24.43,-3.59,-148.72,2.0,3074253317.0
300933,中辰股份,9.37,-3.6,124.19,2.37,5126237554.0
688484,南芯科技,43.65,-3.6,72.9,4.55,18581932065.0
603701,德宏股份,19.45,-3.62,344.66,6.33,5083488974.0
600858,银座股份,5.59,-3.62,24.74,1.07,2907172233.0
600059,古越龙山,9.55,-3.63,48.4,1.5,8705230044.0
603683,晶华新材,30.0,-3.63,101.7,5.42,8688079830.0
301227,森鹰窗业,40.04,-3.63,-140.87,2.32,3813029220.0
600066,宇通客车,30.51,-3.63,15.39,5.04,67547285694.0
688578,艾力斯,109.99,-3.65,22.97,7.62,49495500000.0
688449,联芸科技,61.58,-3.66,235.91,15.4,28326800000.0
002948,青岛银行,5.0,-3.66,5.47,0.73,29101773620.0
600960,渤海汽车,5.53,-3.66,8.72,1.45,5256350815.0
002779,中坚科技,129.88,-3.68,800.1,31.7,24001824000.0
300648,星云股份,39.45,-3.69,-147.39,5.05,6875401230.0
301043,绿岛风,42.8,-3.71,35.36,3.47,2910400000.0
600983,惠而浦,10.37,-3.71,18.82,2.87,7947972430.0
300443,金雷股份,29.51,-3.72,23.23,1.5,9447171987.0
002949,华阳国际,14.46,-3.73,30.11,1.96,2834794273.0
300812,易天股份,25.32,-3.73,76.68,4.53,3546750374.0
002419,天虹股份,5.4,-3.74,75.69,1.54,6311777850.0
301183,东田微,107.79,-3.76,80.81,9.24,8623200000.0
688373,盟科药业-U,7.43,-3.76,-18.88,18.91,4871148798.0
002289,*ST宇顺,34.3,-3.76,-1076.5,42.5,9612703042.0
688627,精智达,187.6,-3.79,318.97,10.37,17636605050.0
688693,锴威特,40.41,-3.79,-45.78,3.52,2977578967.0
300289,利德曼,7.37,-3.79,-421.46,2.42,4009364659.0
605188,国光连锁,23.2,-3.81,761.04,9.88,11654717200.0
300947,德必集团,18.88,-3.82,213.03,2.28,2853479700.0
002848,*ST高斯,7.8,-3.82,-23.27,11.3,1303770000.0
002398,垒知集团,5.27,-3.83,28.28,1.02,3678588151.0
600919,江苏银行,10.52,-3.84,4.77,0.77,193055933351.0
001222,源飞宠物,23.98,-3.85,26.37,3.21,4577542200.0
300512,中亚股份,9.72,-3.86,65.21,2.44,3962269305.0
603277,银都股份,18.16,-3.86,17.9,3.92,11144779379.0
002512,达华智能,5.19,-3.89,-42.23,14.87,5773857520.0
002593,日上集团,5.68,-3.89,43.81,1.89,4565913605.0
300412,迦南科技,5.69,-3.89,210.35,2.74,2832235265.0
920706,铁拓机械,27.26,-3.91,34.48,4.36,2518966979.0
002674,兴业科技,14.49,-3.91,80.99,1.78,4282533179.0
688227,品高股份,36.3,-3.92,-93.73,3.17,4103906483.0
002187,广百股份,6.38,-3.92,-108.2,1.11,4471707759.0
600203,福日电子,14.16,-3.93,72.09,4.84,8396711241.0
600381,*ST春天,4.62,-3.95,-718.35,2.63,2712220623.0
603637,镇海股份,10.92,-3.96,37.82,2.53,2606449777.0
688720,艾森股份,55.9,-3.97,107.18,4.88,4926653371.0
000852,石化机械,7.5,-3.97,780.95,2.29,7169757668.0
603398,*ST沐邦,7.0,-3.98,-6.4,4.72,3035490668.0
301505,苏州规划,22.93,-3.98,226.02,2.74,2623191794.0
300096,ST易联众,7.44,-4.0,63.24,9.12,3199200000.0
002888,惠威科技,18.41,-4.01,205.18,7.15,2718115215.0
603187,海容冷链,14.31,-4.02,13.8,1.31,5529614491.0
002291,遥望科技,6.66,-4.03,-11.27,2.06,6230732051.0
605138,盛泰集团,7.59,-4.05,81.35,1.75,4216777575.0
301079,邵阳液压,25.97,-4.06,861.5,5.98,2828970117.0
002528,ST英飞拓,3.07,-4.06,-37.22,36.37,3679932502.0
301182,凯旺科技,38.03,-4.09,-53.89,4.78,3644099251.0
600755,厦门国贸,6.53,-4.11,13.34,0.71,13958665763.0
301231,荣信文化,34.33,-4.13,-426.52,3.45,2897452000.0
300656,民德电子,23.29,-4.16,-266.84,4.07,3985502927.0
300789,唐源电气,25.7,-4.18,70.92,3.47,3696920765.0
300242,佳云科技,4.56,-4.2,-73.3,10.95,2893571821.0
600686,金龙汽车,14.57,-4.21,44.94,3.31,10447380866.0
003037,三和管桩,8.42,-4.21,47.01,1.8,5044208789.0
688193,仁度生物,50.84,-4.22,499.8,2.23,2037152191.0
688229,博睿数据,57.05,-4.23,-45.5,6.05,2533020000.0
300577,开润股份,23.04,-4.24,14.92,2.53,5524823831.0
301068,大地海洋,25.14,-4.27,-152.2,4.49,3552677754.0
002798,帝欧水华,6.06,-4.27,-16.51,1.64,3110888335.0
300889,爱克股份,22.39,-4.28,-118.98,3.37,4930884321.0
688069,德林海,23.64,-4.29,43.9,2.15,2671320000.0
600033,福建高速,3.57,-4.29,8.98,0.8,9797508000.0
688236,春立医疗,25.75,-4.31,43.14,3.4,9876888875.0
002474,榕基软件,8.19,-4.32,-117.41,3.73,5095818000.0
603389,*ST亚振,46.16,-4.33,-183.25,53.52,12128632320.0
002184,海得控制,15.88,-4.34,252.62,4.87,5588304916.0
300810,中科海讯,43.51,-4.37,-50.08,6.9,5136355500.0
688638,誉辰智能,41.11,-4.4,-16.48,2.69,2302160000.0
301500,飞南资源,16.9,-4.41,35.62,2.03,9513704404.0
603933,睿能科技,22.41,-4.43,85.61,3.52,4651073926.0
603388,*ST元成,0.86,-4.44,-1.1,0.39,280130872.0
300559,佳发教育,12.24,-4.45,75.44,4.04,4890058300.0
002249,大洋电机,12.65,-4.46,27.44,3.15,30896638072.0
301290,东星医疗,26.11,-4.5,-36.87,1.23,2615525751.0
001358,兴欣新材,28.7,-4.52,59.35,2.47,3535840000.0
688701,卓锦股份,9.22,-4.55,-17.8,6.88,1238037370.0
300081,恒信东方,5.24,-4.55,-15.7,2.98,3169127985.0
300981,中红医疗,13.05,-4.61,-582.17,1.04,5596687715.0
603813,*ST原尚,28.04,-4.63,-54.48,5.4,2944620600.0
600753,*ST海钦,7.41,-4.63,49.85,76.74,1706576167.0
688217,睿昂基因,28.22,-4.66,-210.33,1.74,1576253385.0
600000,浦发银行,11.81,-4.68,6.61,0.55,393341950323.0
000620,盈新发展,3.04,-4.7,-55.33,3.72,17850317722.0
603685,晨丰科技,21.24,-4.75,122.08,2.72,3982694983.0
002901,大博医疗,53.19,-4.76,38.89,6.6,22021697524.0
002305,*ST南置,2.56,-4.83,-2.54,-1.45,4439592371.0
002630,ST华西,2.94,-4.85,69.75,14.39,3471552000.0
301098,金埔园林,8.98,-4.87,-12.87,1.38,1651738303.0
603007,*ST花王,6.45,-4.87,-78.0,11.8,5655979851.0
601187,厦门银行,6.8,-4.9,6.94,0.68,17946069638.0
300939,秋田微,33.72,-4.91,47.62,2.92,4046400000.0
000972,*ST中基,3.68,-4.91,-14.77,-16.55,2838323571.0
002231,*ST奥维,3.09,-4.92,-6.02,5.94,1071766553.0
300537,广信材料,25.21,-4.94,448.18,5.8,5238802394.0
301345,涛涛车业,239.68,-4.96,32.32,7.65,26136881337.0
000908,*ST景峰,7.67,-4.96,-113.56,180.92,6747869272.0
301181,标榜股份,50.46,-4.97,48.34,4.07,5830197498.0
002898,*ST赛隆,13.39,-4.97,-43.75,5.12,2356640000.0
300875,捷强装备,47.81,-4.99,-154.36,5.06,4773099445.0
605081,*ST太和,11.23,-4.99,-11.57,1.43,1271764619.0
600107,ST尔雅,8.33,-5.02,-68.6,6.38,2998800000.0
688677,海泰新光,48.89,-5.05,32.23,4.45,5860786530.0
603506,南都物业,12.74,-5.07,11.62,1.92,2392288904.0
002213,大为股份,26.7,-5.12,-631.77,11.33,6339725964.0
603162,海通发展,11.33,-5.19,31.17,2.42,10497609010.0
301163,宏德股份,29.04,-5.19,52.54,2.09,2369664000.0
300426,华智数媒,9.12,-5.2,-8.43,27.9,4107491227.0
688393,安必平,24.32,-5.22,-158.51,1.86,2275566440.0
603909,建发合诚,11.39,-5.24,29.0,2.64,2969067065.0
300277,海联讯,13.3,-5.27,867.62,9.29,4544610000.0
688031,星环科技-U,59.05,-5.29,-25.02,7.41,7153075840.0
301283,聚胶股份,46.95,-5.29,19.97,2.31,3775616743.0
688269,凯立新材,41.1,-5.3,48.49,5.22,5371934400.0
301108,洁雅股份,31.87,-5.37,39.62,1.91,3587167751.0
301296,新巨丰,8.64,-5.37,40.01,1.33,3628800000.0
003042,中农联合,16.55,-5.48,-39.48,1.8,2358044000.0
301042,安联锐视,56.25,-5.48,193.94,3.73,3921951206.0
920445,龙竹科技,13.92,-5.56,67.76,6.48,2045265948.0
603687,大胜达,9.08,-5.61,41.2,1.53,4994289325.0
000753,漳州发展,8.38,-5.63,119.69,3.03,8308611375.0
002813,路畅科技,26.56,-5.65,-34.39,12.77,3187200000.0
688039,当虹科技,52.32,-5.68,-200.52,5.21,5786666504.0
300611,美力科技,31.91,-5.73,43.26,5.48,6735393039.0
605228,神通科技,16.59,-5.74,47.49,4.4,7171392132.0
601838,成都银行,17.07,-5.74,5.72,0.85,72350091527.0
688691,灿芯股份,131.18,-5.76,-124.94,12.22,15741600000.0
688019,安集科技,216.33,-5.78,44.96,10.98,36463342633.0
300113,顺网科技,23.55,-5.8,37.29,6.37,16097981231.0
001896,豫能控股,6.17,-5.8,24.54,2.73,9414070806.0
688246,嘉和美康,24.26,-5.82,-14.42,2.32,3337826607.0
300514,友讯达,14.05,-5.89,28.05,2.66,2810000000.0
300798,锦鸡股份,7.63,-5.92,-176.26,2.13,3577349535.0
002679,福建金森,11.57,-6.01,-86.53,3.72,2727696920.0
000525,红太阳,6.39,-6.03,-22.91,3.18,8294394709.0
300995,奇德新材,44.02,-6.08,217.15,5.92,3704723200.0
600815,厦工股份,3.23,-6.1,851.87,3.75,5730325170.0
300128,锦富技术,8.15,-6.11,-48.17,16.01,10587790608.0
600603,广汇物流,8.18,-6.19,22.99,1.34,9761432455.0
002664,信质集团,29.01,-6.24,73.09,3.36,11841882000.0
688361,中科飞测,118.2,-6.32,-1127.51,8.27,41389294613.0
603238,诺邦股份,18.13,-6.45,25.16,2.23,3218238170.0
000063,中兴通讯,46.2,-6.46,31.14,2.95,220999311779.0
300042,朗科科技,32.32,-6.51,-170.66,6.47,6476928000.0
003033,征和工业,80.83,-6.59,37.35,4.88,6607852500.0
000632,三木集团,4.23,-6.62,-10.81,2.24,1969147781.0
002682,龙洲股份,5.04,-6.67,-22.23,2.63,2834337714.0
688326,经纬恒润-W,106.51,-6.82,-127.69,3.24,12776837350.0
000797,中国武夷,2.99,-6.85,-23.86,0.93,4696555109.0
002205,国统股份,15.06,-6.92,-95.72,7.78,2798799014.0
603817,海峡环保,7.17,-7.0,16.46,1.31,4087502560.0
002490,山东墨龙,7.33,-7.45,807.62,11.75,5848228772.0
688299,长阳科技,19.36,-7.46,-781.89,2.67,5563926428.0
002337,赛象科技,6.9,-7.51,61.31,3.08,4061448675.0
002678,珠江钢琴,5.1,-7.61,-23.81,2.14,6927433647.0
000701,厦门信达,6.18,-7.62,471.92,-8.25,4176487915.0
300163,先锋新材,4.61,-7.62,16.9,3.72,2185140000.0
002278,神开股份,13.26,-7.66,95.81,4.1,4825441932.0
002871,伟隆股份,15.29,-7.72,28.09,3.47,3850845290.0
603680,今创集团,11.08,-7.82,13.22,1.55,8683603938.0
002084,海鸥住工,4.24,-7.83,-33.0,1.97,2739277610.0
300444,双杰电气,7.93,-7.9,37.97,3.56,6333096964.0
001231,农心科技,23.62,-7.95,44.51,2.39,2362000000.0
603386,骏亚科技,13.08,-8.08,147.42,3.14,4268299085.0
603059,倍加洁,30.97,-8.24,30.27,2.96,3110896239.0
600376,首开股份,6.61,-8.58,-4.12,2.61,17050926250.0
000599,青岛双星,7.0,-8.62,-16.45,4.35,5717312909.0
300528,幸福蓝海,22.15,-8.62,-1503.11,15.62,8253268396.0
301112,信邦智能,47.5,-9.13,1093.02,4.33,5237663500.0
603201,常润股份,17.44,-9.36,15.15,1.9,3313246352.0
300391,*ST长药,3.33,-9.51,-4.17,-1.82,1166619253.0
605288,凯迪股份,82.45,-9.87,93.52,2.61,5826989839.0
002748,世龙实业,13.95,-10.0,62.11,2.44,3348000000.0
688292,浩瀚深度,20.1,-10.23,-259.98,3.14,3182770479.0
301192,泰祥股份,37.3,-11.04,66.26,6.01,3726270000.0
300787,海能实业,13.08,-11.14,34.97,2.72,4099703012.0
300633,开立医疗,30.26,-11.39,293.05,4.2,13093877375.0
301228,实朴检测,23.35,-11.79,-52.82,4.06,2802000000.0
688266,泽璟制药-U,87.0,-12.97,-158.16,19.57,23029612182.0
301117,佳缘科技,34.63,-13.29,-350.73,3.43,4473109311.0
688108,赛诺医疗,20.51,-18.58,308.24,9.54,8533144480.0
920680,*ST广道,,,-15.46,12.62,637839048.0
920009,丹娜生物,,,,,
920003,中诚咨询,,,,,
833994,翰博高新,,,,,
833874,泰祥股份,,,,,
832317,观典防务,,,,,
810011,优机定转,,,,,
688555,退市泽达,,,,,
688086,退市紫晶,,,,,
603996,退市中新,,,,,
603963,*ST大药,,,,,
603843,*ST正平,,,-26.95,16.5,4750441779.0
603603,退市博天,,,,,
603555,ST贵人,,,,,
603376,大明电子,,,18.53,4.25,5020012550.0
603334,丰倍生物,,,15.49,3.13,2635124000.0
603157,退市拉夏,,,,,
603133,退市碳元,,,,,
603118,共进股份,,,81.7,1.87,9400080288.0
603092,德力佳,,,21.34,5.12,16804800000.0
603014,威高血净,,,36.47,2.34,16062643838.0
603003,退市龙宇,,,,,
601989,中国重工,,,,,
601558,退市锐电,,,,,
601299,中国北车,,,,,
601268,*ST二重,,,,,
601258,*ST庞大,,,,,
601028,玉龙股份,,,,,
600991,广汽长丰,,,,,
600978,*ST宜生,,,,,
600899,*ST信联,,,,,
600898,*ST美讯,,,,,
600896,退市海医,,,,,
600891,退市秋林,,,,,
600890,退市中房,,,,,
600878,*ST北科,,,,,
600870,退市厦华,,,,,
600856,退市中天,,,,,
600852,*ST中川,,,,,
600849,上药转换,,,,,
600842,中西药业,,,,,
600840,新湖创业,,,,,
600837,海通证券,,,,,
600836,*ST易连,,,,,
600832,东方明珠,,,,,
600823,*ST世茂,,,,,
600813,ST鞍一工,,,,,
600811,*ST东方,,,,,
600806,退市昆机,,,,,
600804,退市鹏博,,,,,
600799,*ST龙科,,,,,
600788,*ST达曼,,,,,
600786,东方锅炉,,,,,
600781,退市辅仁,,,,,
600772,S*ST龙昌,,,,,
600767,退市运盛,,,,,
600766,退市园城,,,,,
600762,S*ST金荔,,,,,
600752,*ST哈慈,,,,,
600747,退市大控,,,,,
600723,首商股份,,,,,
600709,ST生态,,,,,
600705,中航产融,,,,,
600701,退市工新,,,,,
600700,*ST数码,,,,,
600695,退市绿庭,,,,,
600687,退市刚泰,,,,,
600680,*ST上普,,,,,
600677,*ST航通,,,,,
600672,*ST华圣,,,,,
600670,*ST斯达,,,,,
600669,*ST鞍成,,,,,
600659,*ST花雕,,,,,
600656,退市博元,,,,,
600652,退市游久,,,,,
600647,退市同达,,,,,
600646,ST国嘉,,,,,
600634,退市富控,,,,,
600632,华联商厦,,,,,
600631,百联股份,,,,,
600627,上电股份,,,,,
600625,PT水仙,,,,,
600614,退市鹏起,,,,,
600607,上实医药,,,,,
600591,*ST上航,,,,,
600565,ST迪马,,,,,
600555,退市海创,,,,,
600553,太行水泥,,,,,
600532,退市未来,,,,,
600485,*ST信威,,,,,
600472,包头铝业,,,,,
600466,*ST蓝光,,,,,
600462,退市九有,,,,,
600432,退市吉恩,,,,,
600401,退市海润,,,,,
600393,ST粤泰,,,,,
600387,退市海越,,,,,
600385,退市金泰,,,,,
600357,承德钒钛,,,,,
600321,正源股份,,,,,
600317,营口港,,,,,
600311,*ST荣华,,,,,
600306,退市商城,,,,,
600297,广汇汽车,,,,,
600296,S兰铝,,,,,
600291,退市西水,,,,,
600290,*ST华仪,,,,,
600286,S*ST国瓷,,,,,
600277,ST亿利,,,,,
600275,退市昌鱼,,,,,
600270,外运发展,,,,,
600263,路桥建设,,,,,
600260,*ST凯乐,,,,,
600253,天方药业,,,,,
600247,*ST成城,,,,,
600242,退市中昌,,,,,
600240,退市华业,,,,,
600225,退市卓朗,,,,,
600220,ST阳光,,,,,
600213,*ST亚星,,,,,
600209,退市罗顿,,,,,
600205,S山东铝,,,,,
600190,退市锦港,,,,,
600181,S*ST云大,,,,,
600175,退市美都,,,,,
600146,退市环球,,,,,
600145,退市新亿,,,,,
600139,*ST西源,,,,,
600122,*ST宏图,,,,,
600112,*ST天成,,,,,
600102,莱钢股份,,,,,
600093,退市易见,,,,,
600092,S*ST精密,,,,,
600091,退市明科,,,,,
600090,退市济堂,,,,,
600087,退市长油,,,,,
600086,退市金钰,,,,,
600083,*ST博信,,,,,
600077,*ST宋都,,,,,
600074,退市保千,,,,,
600070,*ST富润,,,,,
600069,退市银鸽,,,,,
600068,葛洲坝,,,,,
600065,*ST联谊,,,,,
600005,武钢股份,,,,,
600003,ST东北高,,,,,
600002,齐鲁石化,,,,,
600001,邯郸钢铁,,,,,
300799,左江退,,,,,
300742,越博退,,,,,
300630,普利退,,,,,
300526,中潜退,,,,,
300495,*ST美尚,,,,,
300431,暴风退,,,,,
300424,航新科技,,,210.66,6.51,4950325762.0
300392,腾信退,,,,,
300372,欣泰退,,,,,
300367,网力退,,,,,
300362,天翔退,,,,,
300356,光一退,,,,,
300353,东土科技,,,-75.48,7.51,14923450222.0
300336,新文退,,,,,
300330,计通退,,,,,
300325,德威退,,,,,
300312,邦讯退,,,,,
300309,吉艾退,,,,,
300297,蓝盾退,,,,,
300282,三盛退,,,,,
300280,紫天退,,,,,
300273,和佳退,,,,,
300262,*ST巴安,,,,,
300216,千山退,,,,,
300208,中程退,,,,,
300202,聚龙退,,,,,
300186,大华农,,,,,
300178,腾邦退,,,,,
300156,神雾退,,,,,
300131,英唐智控,,,372.9,7.33,12961922519.0
300117,*ST嘉寓,,,,,
300116,*ST保力,,,,,
300108,*ST吉药,,,,,
300104,乐视退,,,,,
300090,盛运退,,,,,
300089,文化退,,,,,
300064,金刚退,,,,,
300038,数知退,,,,,
300028,金亚退,,,,,
300023,宝德退,,,,,
300018,中元股份,,,38.48,4.17,5775492878.0
002781,奇信退,,,,,
002776,*ST柏龙,,,,,
002770,科迪退,,,,,
002751,易尚退,,,,,
002750,龙津退,,,,,
002740,*ST爱迪,,,,,
002711,欧浦退,,,,,
002699,*ST美盛,,,,,
002684,猛狮退,,,,,
002680,长生退,,,,,
002665,ST航高,,,,,
002621,*ST美吉,,,,,
002619,*ST艾格,,,,,
002618,丹邦退,,,,,
002610,ST爱康,,,,,
002604,龙力退,,,,,
002509,天茂退,,,,,
002505,鹏都农牧,,,,,
002504,*ST弘高,,,,,
002503,*ST搜特,,,,,
002502,ST鼎龙,,,,,
002499,科林退,,,,,
002477,雏鹰退,,,,,
002473,圣莱退,,,,,
002464,众应退,,,,,
002450,康得退,,,,,
002447,晨鑫退,,,,,
002435,ST长康,,,,,
002433,太安退,,,,,
002417,深南退,,,,,
002411,必康退,,,,,
002359,北讯退,,,,,
002341,ST新纶,,,,,
002336,人乐退,,,,,
002325,*ST洪涛,,,,,
002308,*ST威创,,,,,
002288,*ST超华,,,,,
002280,ST联络,,,,,
002260,德奥退,,,,,
002220,天宝退,,,,,
002147,新光退,,,,,
002143,印纪退,,,,,
002118,*ST紫鑫,,,,,
002113,*ST天润,,,,,
002089,新海退,,,,,
002087,新纺退,,,,,
002071,长城退,,,,,
002070,众和退,,,,,
002018,华信退,,,,,
002013,中航机电,,,,,
002002,ST鸿达,,,,,
000996,中期退,,,,,
000982,中银绒业,,,,,
000979,中弘退,,,,,
000976,*ST华铁,,,,,
000971,*ST高升,,,,,
000961,ST中南,,,,,
000956,中原油气,,,,,
000939,凯迪退,,,,,
000918,*ST嘉凯,,,,,
000916,华北高速,,,,,
000866,扬子石化,,,,,
000861,海印股份,,,,,
000851,*ST高鸿,,,-1.57,0.99,439986808.0
000836,ST富通,,,,,
000835,长动退,,,,,
000832,*ST龙涤,,,,,
000827,*ST长兴,,,,,
000817,辽河油田,,,,,
000806,银河退,,,,,
000805,*ST炎黄,,,,,
000787,*ST创智,,,,,
000780,ST平能,,,,,
000769,*ST大菲,,,,,
000765,*ST华信,,,,,
000763,锦州石化,,,,,
000760,斯太退,,,,,
000748,长城信息,,,,,
000732,ST泰禾,,,,,
000730,*ST环保,,,,,
000699,S*ST佳纸,,,,,
000693,华泽退,,,,,
000689,ST宏业,,,,,
000687,华讯退,,,,,
000675,ST银山,,,,,
000673,当代退,,,,,
000671,ST阳光城,,,,,
000667,ST美置,,,,,
000666,经纬纺机,,,,,
000662,天夏退,,,,,
000660,*ST南华,,,,,
000658,ST海洋,,,,,
000653,ST九州,,,,,
000627,*ST天茂,,,,,
000622,恒立退,,,,,
000621,*ST比特,,,,,
000618,吉林化工,,,,,
000616,*ST海投,,,,,
000613,东海A退,,,,,
000611,天首退,,,,,
000606,顺利退,,,,,
000602,金马集团,,,,,
000594,国恒退,,,,,
000588,PT粤金曼,,,,,
000587,*ST金洲,,,,,
000585,东电退,,,,,
000584,工智退,,,,,
000583,S*ST托普,,,,,
000578,盐湖集团,,,,,
000569,长城股份,,,,,
000562,宏源证券,,,,,
000556,PT南洋,,,,,
000549,S湘火炬,,,,,
000542,TCL通讯,,,,,
000540,*ST中天,,,,,
000535,*ST猴王,,,,,
000527,美的电器,,,,,
000522,白云山A,,,,,
000515,攀渝钛业,,,,,
000511,烯碳退,,,,,
000508,琼民源A,,,,,
000502,绿景退,,,,,
000418,小天鹅A,,,,,
000416,*ST民控,,,,,
000413,ST旭电,,,,,
000412,ST五环,,,,,
000407,胜利股份,,,20.78,1.09,3326720000.0
000406,石油大明,,,,,
000405,ST鑫光,,,,,
000150,*ST宜康,,,,,
000047,ST中侨,,,,,
000046,*ST泛海,,,,,
000040,*ST旭蓝,,,,,
000038,大通退,,,,,
000033,新都退,,,,,
000024,招商地产,,,,,
000023,*ST深天,,,,,
000018,神城A退,,,,,
000015,PT中浩A,,,,,
000013,*ST石化A,,,,,
000005,ST星源,,,,,
000003,PT金田A,,,,,
